competition_id,competition_name,parent_id,type,gender,category_id
620,Hopman Cup,No value,mixed,mixed,181
660,World Team Cup,No value,mixed,men,3
990,ATP Challenger Tour Finals,6239,singles,men,72
1207,Championship International Series,No value,singles,women,6
2100,Davis Cup,No value,mixed,men,76
2102,Billie Jean King Cup,No value,mixed,women,74
2555,Wimbledon Men Singles,2553,singles,men,3
2557,Wimbledon Men Doubles,2553,doubles,men,3
2559,Wimbledon Women Singles,2553,singles,women,6
2561,Wimbledon Women Doubles,2553,doubles,women,6
2563,Wimbledon Mixed Doubles,2553,mixed_doubles,mixed,3
2567,Australian Open Men Singles,2565,singles,men,3
2569,Australian Open Men Doubles,2565,doubles,men,3
2571,Australian Open Women Singles,2565,singles,women,6
2573,Australian Open Women Doubles,2565,doubles,women,6
2575,Australian Open Mixed Doubles,2565,mixed_doubles,mixed,3
2579,French Open Men Singles,2577,singles,men,3
2581,French Open Men Doubles,2577,doubles,men,3
2583,French Open Women Singles,2577,singles,women,6
2585,French Open Women Doubles,2577,doubles,women,6
2587,French Open Mixed Doubles,2577,mixed_doubles,mixed,3
2591,US Open Men Singles,2589,singles,men,3
2593,US Open Men Doubles,2589,doubles,men,3
2595,US Open Women Singles,2589,singles,women,6
2597,US Open Women Doubles,2589,doubles,women,6
2599,US Open Mixed Doubles,2589,mixed_doubles,mixed,3
2603,"ATP Doha, Qatar Men Singles",2601,singles,men,3
2605,"ATP Doha, Qatar Men Doubles",2601,doubles,men,3
2613,"ATP Basel, Switzerland Men Singles",2611,singles,men,3
2615,"ATP Basel, Switzerland Men Doubles",2611,doubles,men,3
2619,"ATP Brisbane, Australia Men Singles",2617,singles,men,3
2621,"ATP Brisbane, Australia Men Doubles",2617,doubles,men,3
2625,"ATP Chennai, India Men Singles",2623,singles,men,3
2627,"ATP Chennai, India Men Doubles",2623,doubles,men,3
2631,"ATP Auckland, New Zealand Men Singles",2629,singles,men,3
2633,"ATP Auckland, New Zealand Men Doubles",2629,doubles,men,3
2637,"ATP Sydney, Australia Men Singles",2635,singles,men,3
2639,"ATP Sydney, Australia Men Doubles",2635,doubles,men,3
2649,"ATP Zagreb, Croatia Men Singles",2647,singles,men,3
2651,"ATP Zagreb, Croatia Men Double",2647,doubles,men,3
2661,"ATP Paris, France Men Singles",2659,singles,men,3
2663,"ATP Paris, France Men Doubles",2659,doubles,men,3
2667,"ATP Dubai, UAE Men Singles",2665,singles,men,3
2669,"ATP Dubai, UAE Men Doubles",2665,doubles,men,3
2673,"WTA Pattaya City, Thailand Women Singles",2671,singles,women,6
2675,"WTA Pattaya City, Thailand Women Doubles",2671,doubles,women,6
2679,"ATP Rotterdam, Netherlands Men Singles",2677,singles,men,3
2681,"ATP Rotterdam, Netherlands Men Doubles",2677,doubles,men,3
2697,"ATP Memphis, USA Men Singles",2695,singles,men,3
2699,"ATP Memphis, USA Men Doubles",2695,doubles,men,3
2703,"WTA Bogota, Colombia Women Singles",2701,singles,women,6
2705,"WTA Bogota, Colombia Women Doubles",2701,doubles,women,6
2709,"ATP Acapulco, Mexico Men Singles",2707,singles,men,3
2711,"ATP Acapulco, Mexico Men Doubles",2707,doubles,men,3
2715,"WTA Monterrey, Mexico Women Singles",2713,singles,women,6
2717,"WTA Monterrey, Mexico Women Doubles",2713,doubles,women,6
2721,"ATP Marseille, France Men Singles",2719,singles,men,3
2723,"ATP Marseille, France Men Doubles",2719,doubles,men,3
2727,"ATP Buenos Aires, Argentina Men Singles",2725,singles,men,3
2729,"ATP Buenos Aires, Argentina Men Doubles",2725,doubles,men,3
2733,"ATP Delray Beach, USA Men Singles",2731,singles,men,3
2735,"ATP Delray Beach, USA Men Doubles",2731,doubles,men,3
2739,"ATP Indian Wells, USA Men Singles",2737,singles,men,3
2741,"ATP Indian Wells, USA Men Doubles",2737,doubles,men,3
2745,"ATP Miami, USA Men Singles",2743,singles,men,3
2747,"ATP Miami, USA Men Doubles",2743,doubles,men,3
2751,"ATP Houston, USA Men Singles",2749,singles,men,3
2753,"ATP Houston, USA Men Doubles",2749,doubles,men,3
2757,"ATP Casablanca, Morocco Men Singles",2755,singles,men,3
2759,"ATP Casablanca, Morocco Men Doubles",2755,doubles,men,3
2763,"WTA Charleston, USA Women Singles",2761,singles,women,6
2765,"WTA Charleston, USA Women Doubles",2761,doubles,women,6
2769,"ATP Barcelona, Spain Men Singles",2767,singles,men,3
2771,"ATP Barcelona, Spain Men Doubles",2767,doubles,men,3
2775,"ATP Stuttgart, Germany Men Singles",2773,singles,men,3
2777,"ATP Stuttgart, Germany Men Doubles",2773,doubles,men,3
2781,"ATP Rome, Italy Men Singles",2779,singles,men,3
2783,"ATP Rome, Italy Men Doubles",2779,doubles,men,3
2787,"ATP Madrid, Spain Men Singles",2785,singles,men,3
2789,"ATP Madrid, Spain Men Doubles",2785,doubles,men,3
2793,"Berlin, Germany Women Singles",2791,singles,women,6
2795,"Berlin, Germany Women Doubles",2791,doubles,women,6
2805,"WTA Hobart, Australia Women Singles",2803,singles,women,6
2807,"WTA Hobart, Australia Women Doubles",2803,doubles,women,6
2817,"WTA Marrakech, Morocco Women Singles",2815,singles,women,6
2819,"WTA Marrakech, Morocco Women Doubles",2815,doubles,women,6
2823,"WTA Strasbourg, France Women Singles",2821,singles,women,6
2825,"WTA Strasbourg, France Women Doubles",2821,doubles,women,6
2829,"ATP Challenger Amersfoort, Netherlands Men Singles",2827,singles,men,72
2831,"ATP Challenger Amersfoort, Netherlands Men Doubles",2827,doubles,men,72
2835,"ATP Munich, Germany Men Singles",2833,singles,men,3
2837,"ATP Munich, Germany Men Doubles",2833,doubles,men,3
2853,"WTA Birmingham, Great Britain Women Singles",2851,singles,women,6
2855,"WTA Birmingham, Great Britain Women Doubles",2851,doubles,women,6
2859,"ATP Halle, Germany Men Singles",2857,singles,men,3
2861,"ATP Halle, Germany Men Doubles",2857,doubles,men,3
2865,"ATP London, Great Britain Men Singles",2863,singles,men,3
2867,"ATP London, Great Britain Men Doubles",2863,doubles,men,3
2871,"ATP S-Hertogenbosch, Netherlands Men Singles",2869,singles,men,3
2873,"ATP S-Hertogenbosch, Netherlands Men Doubles",2869,doubles,men,3
2877,"WTA Eastbourne, Great Britain Women Singles",7629,singles,women,6
2879,"WTA Eastbourne, Great Britain Women Doubles",7629,doubles,women,6
2883,"ATP Newport, USA Men Singles",2881,singles,men,3
2885,"ATP Newport, USA Men Doubles",2881,doubles,men,3
2889,"ATP Bastad, Sweden Men Singles",2887,singles,men,3
2891,"ATP Bastad, Sweden Men Doubles",2887,doubles,men,3
2895,"WTA Budapest, Hungary Women Singles",2893,singles,women,6
2897,"WTA Budapest, Hungary Women Doubles",2893,doubles,women,6
2901,"WTA Palermo, Italy Women Singles",2899,singles,women,6
2903,"WTA Palermo, Italy Women Doubles",2899,doubles,women,6
2907,"WTA Prague, Czech Republic Women Singles",2905,singles,women,6
2909,"WTA Prague, Czech Republic Women Doubles",2905,doubles,women,6
2913,"Portoroz, Slovenia Women Singles",2911,singles,women,6
2915,"Portoroz, Slovenia Women Doubles",2911,doubles,women,6
2935,"ATP Hamburg, Germany Men Singles",2933,singles,men,3
2937,"ATP Hamburg, Germany Men Doubles",2933,doubles,men,3
2941,"WTA San Jose, USA Women Singles",2689,singles,women,6
2943,"WTA San Jose, USA Women Doubles",2689,doubles,women,6
2947,"WTA Istanbul, Turkey Women Singles",2945,singles,women,6
2949,"WTA Istanbul, Turkey Women Doubles",2945,doubles,women,6
2959,"ATP Gstaad, Switzerland Men Singles",2957,singles,men,3
2961,"ATP Gstaad, Switzerland Men Doubles",2957,doubles,men,3
2965,"ATP Umag, Croatia Men Singles",2963,singles,men,3
2967,"ATP Umag, Croatia Men Doubles",2963,doubles,men,3
2971,"ATP Washington, USA Men Singles",2969,singles,men,3
2973,"ATP Washington, USA Men Doubles",2969,doubles,men,3
2977,"WTA Montreal, Canada Women Singles",2975,singles,women,6
2979,"WTA Montreal, Canada Women Doubles",2975,doubles,women,6
2983,"ATP Cincinnati, USA Men Singles",2981,singles,men,3
2985,"ATP Cincinnati, USA Men Doubles",2981,doubles,men,3
2989,"WTA New Haven, USA Women Singles",2987,singles,women,6
2991,"WTA New Haven, USA Women Doubles",2987,doubles,women,6
2995,"ATP Toronto, Canada Men Singles",2993,singles,men,3
2997,"ATP Toronto, Canada Men Doubles",2993,doubles,men,3
3001,"ATP Metz, France Men Singles",2999,singles,men,3
3003,"ATP Metz, France Men Doubles",2999,doubles,men,3
3007,"ATP Bucharest, Romania Men Singles",3005,singles,men,3
3009,"ATP Bucharest, Romania Men Doubles",3005,doubles,men,3
3013,"WTA Guangzhou, China Women Singles",3011,singles,women,6
3015,"WTA Guangzhou, China Women Doubles",3011,doubles,women,6
3025,"ATP Beijing, China Men Singles",3023,singles,men,3
3027,"ATP Beijing, China Men Doubles",3023,doubles,men,3
3031,"ATP Tokyo, Japan Men Singles",3029,singles,men,3
3033,"ATP Tokyo, Japan Men Doubles",3029,doubles,men,3
3037,"WTA Quebec City, Canada Women Singles",3035,singles,women,6
3039,"WTA Quebec City, Canada Women Doubles",3035,doubles,women,6
3043,"WTA Seoul, Korea Republic Women Singles",3041,singles,women,6
3045,"WTA Seoul, Korea Republic Women Doubles",3041,doubles,women,6
3049,"WTA Tashkent, Uzbekistan Women Singles",3047,singles,women,6
3051,"WTA Tashkent, Uzbekistan Women Doubles",3047,doubles,women,6
3055,"WTA Linz, Austria Women Singles",3053,singles,women,6
3057,"WTA Linz, Austria Women Doubles",3053,doubles,women,6
3061,"WTA Osaka, Japan Women Singles",3059,singles,women,6
3063,"WTA Osaka, Japan Women Doubles",3059,doubles,women,6
3067,"ATP Moscow, Russia Men Singles",3065,singles,men,3
3069,"ATP Moscow, Russia Men Doubles",3065,doubles,men,3
3073,"WTA Luxembourg, Luxembourg Women Singles",3071,singles,women,6
3075,"WTA Luxembourg, Luxembourg Women Doubles",3071,doubles,women,6
3085,"ATP Shanghai, China Men Singles",3083,singles,men,3
3087,"ATP Shanghai, China Men Doubles",3083,doubles,men,3
3091,"ATP Stockholm, Sweden Men Singles",3089,singles,men,3
3093,"ATP Stockholm, Sweden Men Doubles",3089,doubles,men,3
3097,"ATP Lyon, France Men Singles",3095,singles,men,3
3099,"ATP Lyon, France Men Doubles",3095,doubles,men,3
3103,"ATP Vienna, Austria Men Singles",3101,singles,men,3
3105,"ATP Vienna, Austria Men Doubles",3101,doubles,men,3
3109,"ATP St. Petersburg, Russia Men Singles",3107,singles,men,3
3111,"ATP St. Petersburg, Russia Men Doubles",3107,doubles,men,3
3121,"ATP Monte Carlo, Monaco Men Singles",3119,singles,men,3
3123,"ATP Monte Carlo, Monaco Men Doubles",3119,doubles,men,3
3145,"WTA Antwerp, Belgium Women Singles",3143,singles,women,6
3147,"WTA Antwerp, Belgium Women Doubles",3143,doubles,women,6
3151,"ATP Kitzbuhel, Austria Men Singles",3149,singles,men,3
3153,"ATP Kitzbuhel, Austria Men Doubles",3149,doubles,men,3
3163,"San Diego, USA Women Singles",3161,singles,women,6
3165,"San Diego, USA Women Doubles",3161,doubles,women,6
3181,"ATP Nottingham, Great Britain Men Singles",3179,singles,men,3
3183,"ATP Nottingham, Great Britain Men Doubles",3179,doubles,men,3
3215,"ATP Challenger Charlottesville, USA Men Doubles",3213,doubles,men,72
3217,"ATP Challenger Charlottesville, USA Men Singles",3213,singles,men,72
3221,"ATP Challenger Noumea, New Caledonia Men Singles",3219,singles,men,72
3223,"ATP Challenger Noumea, New Caledonia Men Doubles",3219,doubles,men,72
3227,"ATP Challenger Sao Paulo, Brazil Men Singles",3225,singles,men,72
3229,"ATP Challenger Sao Paulo, Brazil Men Doubles",3225,doubles,men,72
3233,"ATP Challenger Salinas, Ecuador Men Singles",3231,singles,men,72
3235,"ATP Challenger Salinas, Ecuador Men Doubles",3231,doubles,men,72
3239,"ATP Santiago, Chile Men Singles",3237,singles,men,3
3241,"ATP Santiago, Chile Men Doubles",3237,doubles,men,3
3245,"ATP Atlanta, USA Men Singles",3243,singles,men,3
3247,"ATP Atlanta, USA Men Doubles",3243,doubles,men,3
3251,"ATP Belgrade, Serbia Men Singles",3249,singles,men,3
3253,"ATP Belgrade, Serbia Men Doubles",3249,doubles,men,3
3257,"ATP Kuala Lumpur, Malaysia Men Singles",3255,singles,men,3
3259,"ATP Kuala Lumpur, Malaysia Men Doubles",3255,doubles,men,3
3263,"ATP Nice, France Men Singles",3261,singles,men,3
3265,"ATP Nice, France Men Doubles",3261,doubles,men,3
3281,"ATP Challenger Barletta, Italy Men Singles",3279,singles,men,72
3283,"ATP Challenger Barletta, Italy Men Doubles",3279,doubles,men,72
3287,"ATP Challenger Bergamo, Italy Men Singles",3285,singles,men,72
3289,"ATP Challenger Bergamo, Italy Men Doubles",3285,doubles,men,72
3293,"ATP Challenger Floridablanca-Bucaramanga, Colombia Men Singles",3291,singles,men,72
3295,"ATP Challenger Floridablanca-Bucaramanga, Colombia Men Doubles",3291,doubles,men,72
3299,"ATP Challenger Heilbronn, Germany Men Singles",3297,singles,men,72
3301,"ATP Challenger Heilbronn, Germany Men Doubles",3297,doubles,men,72
3311,"ATP Challenger Burnie, Australia Men Singles",3309,singles,men,72
3313,"ATP Challenger Burnie, Australia Men Doubles",3309,doubles,men,72
3321,"ATP Challenger Caltanissetta, Italy Men Singles",3319,singles,men,72
3323,"ATP Challenger Caltanissetta, Italy Men Doubles",3319,doubles,men,72
3327,"ATP Challenger Cherbourg, France Men Singles",3325,singles,men,72
3329,"ATP Challenger Cherbourg, France Men Doubles",3325,doubles,men,72
3343,"ATP Challenger Kazan, Russia Men Singles",3341,singles,men,72
3345,"ATP Challenger Kazan, Russia Men Doubles",3341,doubles,men,72
3349,"ATP Challenger Kyoto, Japan Men Singles",3347,singles,men,72
3351,"ATP Challenger Kyoto, Japan Men Doubles",3347,doubles,men,72
3367,"ATP Challenger Meknes, Morocco Men Singles",3365,singles,men,72
3369,"ATP Challenger Meknes, Morocco Men Doubles",3365,doubles,men,72
3379,"ATP Challenger San Luis Potosi, Mexico Men Singles",3377,singles,men,72
3381,"ATP Challenger San Luis Potosi, Mexico Men Doubles",3377,doubles,men,72
3391,"ATP Challenger St. Brieuc, France Men Singles",3389,singles,men,72
3393,"ATP Challenger St. Brieuc, France Men Doubles",3389,doubles,men,72
3425,"ATP Challenger Biella, Italy Men Singles",3423,singles,men,72
3427,"ATP Challenger Biella, Italy Men Doubles",3423,doubles,men,72
3431,"ATP Challenger Blumenau, Brazil Men Singles",3429,singles,men,72
3433,"ATP Challenger Blumenau, Brazil Men Doubles",3429,doubles,men,72
3437,"ATP Challenger Bordeaux, France Men Singles",3435,singles,men,72
3439,"ATP Challenger Bordeaux, France Men Doubles",3435,doubles,men,72
3447,"ATP Challenger Busan, Korea Republic Men Singles",3445,singles,men,72
3449,"ATP Challenger Busan, Korea Republic Men Doubles",3445,doubles,men,72
3453,"ATP Challenger Cairo, Egypt Men Singles",3451,singles,men,72
3455,"ATP Challenger Cairo, Egypt Men Doubles",3451,doubles,men,72
3469,"ATP Challenger Fergana, Uzbekistan Men Singles",3467,singles,men,72
3471,"ATP Challenger Fergana, Uzbekistan Men Doubles",3467,doubles,men,72
3475,"ATP Challenger Furth, Germany Men Singles",3473,singles,men,72
3477,"ATP Challenger Furth, Germany Men Doubles",3473,doubles,men,72
3481,"ATP Challenger Leon, Mexico Men Singles",3479,singles,men,72
3483,"ATP Challenger Leon, Mexico Men Doubles",3479,doubles,men,72
3499,"ATP Challenger Ostrava, Czech Republic Men Singles",3497,singles,men,72
3501,"ATP Challenger Ostrava, Czech Republic Men Doubles",3497,doubles,men,72
3505,"ATP Challenger Pereira, Colombia Men Singles",3503,singles,men,72
3507,"ATP Challenger Pereira, Colombia Men Doubles",3503,doubles,men,72
3511,"ATP Challenger Prostejov, Czech Republic Men Singles",3509,singles,men,72
3513,"ATP Challenger Prostejov, Czech Republic Men Doubles",3509,doubles,men,72
3525,"ATP Challenger San Remo, Italy Men Singles",3523,singles,men,72
3529,"ATP Challenger Sarasota, USA Men Singles",3527,singles,men,72
3531,"ATP Challenger Sarasota, USA Men Doubles",3527,doubles,men,72
3535,"ATP Challenger Savannah, USA Men Singles",3533,singles,men,72
3537,"ATP Challenger Savannah, USA Men Doubles",3533,doubles,men,72
3541,"ATP Challenger Tallahassee, USA Men Singles",3539,singles,men,72
3543,"ATP Challenger Tallahassee, USA Men Doubles",3539,doubles,men,72
3547,"ATP Challenger Tunis, Tunisia Men Singles",3545,singles,men,72
3549,"ATP Challenger Tunis, Tunisia Men Doubles",3545,doubles,men,72
3553,"ATP Challenger Aptos, USA Men Singles",3551,singles,men,72
3555,"ATP Challenger Aptos, USA Men Doubles",3551,doubles,men,72
3571,"ATP Challenger Braunschweig, Germany Men Singles",3569,singles,men,72
3573,"ATP Challenger Braunschweig, Germany Men Doubles",3569,doubles,men,72
3581,"ATP Challenger Cordenons, Italy Men Singles",3579,singles,men,72
3583,"ATP Challenger Cordenons, Italy Men Doubles",3579,doubles,men,72
3587,"ATP Challenger Granby, Canada Men Singles",3585,singles,men,72
3589,"ATP Challenger Granby, Canada Men Doubles",3585,doubles,men,72
3599,"ATP Challenger Lexington, USA Men Singles",3597,singles,men,72
3601,"ATP Challenger Lexington, USA Men Doubles",3597,doubles,men,72
3605,"ATP Challenger Lugano, Switzerland Men Singles",3603,singles,men,72
3609,"ATP Challenger Marburg, Germany Men Singles",3607,singles,men,72
3611,"ATP Challenger Marburg, Germany Men Doubles",3607,doubles,men,72
3615,"ATP Challenger Milan, Italy Men Singles",3613,singles,men,72
3617,"ATP Challenger Milan, Italy Men Doubles",3613,doubles,men,72
3643,"ATP Challenger Poznan, Poland Men Singles",3641,singles,men,72
3645,"ATP Challenger Poznan, Poland Men Doubles",3641,doubles,men,72
3649,"ATP Challenger Pozoblanco, Spain Men Singles",3647,singles,men,72
3651,"ATP Challenger Pozoblanco, Spain Men Doubles",3647,doubles,men,72
3655,"ATP Challenger Recanati, Italy Men Singles",3653,singles,men,72
3657,"ATP Challenger Recanati, Italy Men Doubles",3653,doubles,men,72
3669,"ATP Challenger San Benedetto, Italy Men Singles",3667,singles,men,72
3671,"ATP Challenger San Benedetto, Italy Men Doubles",3667,doubles,men,72
3675,"ATP Challenger Scheveningen, Netherlands Men Singles",3673,singles,men,72
3677,"ATP Challenger Scheveningen, Netherlands Men Doubles",3673,doubles,men,72
3681,"ATP Challenger Tampere, Finland Men Singles",3679,singles,men,72
3683,"ATP Challenger Tampere, Finland Men Doubles",3679,doubles,men,72
3687,"ATP Challenger Turin, Italy Men Singles",3685,singles,men,72
3689,"ATP Challenger Turin, Italy Men Doubles",3685,doubles,men,72
3693,"ATP Challenger Winnetka, USA Men Singles",3691,singles,men,72
3695,"ATP Challenger Winnetka, USA Men Doubles",3691,doubles,men,72
3709,"ATP Challenger San Marino, San Marino Men Singles",3707,singles,men,72
3711,"ATP Challenger San Marino, San Marino Men Doubles",3707,doubles,men,72
3715,"ATP Challenger Segovia, Spain Men Singles",3713,singles,men,72
3717,"ATP Challenger Segovia, Spain Men Doubles",3713,doubles,men,72
3721,"ATP Challenger Vancouver, Canada Men Singles",3719,singles,men,72
3723,"ATP Challenger Vancouver, Canada Men Doubles",3719,doubles,men,72
3727,"ATP Challenger Binghamton, USA Men Singles",3725,singles,men,72
3729,"ATP Challenger Binghamton, USA Men Doubles",3725,doubles,men,72
3733,"ATP Challenger Samarkand, Uzbekistan Men Singles",3731,singles,men,72
3735,"ATP Challenger Samarkand, Uzbekistan Men Doubles",3731,doubles,men,72
3745,"ATP Challenger Karshi, Uzbekistan Men Singles",3743,singles,men,72
3747,"ATP Challenger Karshi, Uzbekistan Men Doubles",3743,doubles,men,72
3751,"Salvador, Brazil Men Singles",3749,singles,men,72
3761,"ATP Challenger Almaty, Kazakhstan Men Singles",3759,singles,men,72
3777,"ATP Challenger Como, Italy Men Singles",3775,singles,men,72
3779,"ATP Challenger Como, Italy Men Doubles",3775,doubles,men,72
3789,"ATP Challenger Alphen aan den Rijn, Netherlands Men Singles",3787,singles,men,72
3791,"ATP Challenger Alphen aan den Rijn, Netherlands Men Doubles",3787,doubles,men,72
3795,"ATP Challenger Brasov, Romania Men Singles",3793,singles,men,72
3797,"ATP Challenger Brasov, Romania Men Doubles",3793,doubles,men,72
3801,"ATP Challenger Genoa, Italy Men Singles",3799,singles,men,72
3803,"ATP Challenger Genoa, Italy Men Doubles",3799,doubles,men,72
3813,"ATP Challenger Seville, Spain Men Singles",3811,singles,men,72
3815,"ATP Challenger Seville, Spain Men Doubles",3811,doubles,men,72
3819,"ATP Challenger St. Remy, France Men Singles",3817,singles,men,72
3821,"ATP Challenger St. Remy, France Men Doubles",3817,doubles,men,72
3825,"ATP Challenger Banja Luka, Bosnia & Herzegovina Men Singles",3823,singles,men,72
3827,"ATP Challenger Banja Luka, Bosnia & Herzegovina Men Doubles",3823,doubles,men,72
3831,"ATP Challenger Szczecin, Poland Men Singles",32985,singles,men,72
3833,"ATP Challenger Szczecin, Poland Men Doubles",32985,doubles,men,72
3837,"ATP Challenger Todi, Italy Men Singles",3835,singles,men,72
3839,"ATP Challenger Todi, Italy Men Doubles",3835,doubles,men,72
3855,"ATP Challenger Trnava, Slovakia Men Singles",3853,singles,men,72
3857,"ATP Challenger Trnava, Slovakia Men Doubles",3853,doubles,men,72
3861,"ATP Challenger Cali, Colombia Men Singles",3859,singles,men,72
3863,"ATP Challenger Cali, Colombia Men Doubles",3859,doubles,men,72
3867,"ATP Challenger Montevideo, Uruguay Men Singles",3865,singles,men,72
3869,"ATP Challenger Montevideo, Uruguay Men Doubles",3865,doubles,men,72
3873,"ATP Challenger Mons, Belgium Men Singles",3871,singles,men,72
3875,"ATP Challenger Mons, Belgium Men Doubles",3871,doubles,men,72
3879,"ATP Challenger Quito, Ecuador Men Singles",3877,singles,men,72
3881,"ATP Challenger Quito, Ecuador Men Doubles",3877,doubles,men,72
3899,"ATP Challenger Rennes, France Men Singles",3897,singles,men,72
3901,"ATP Challenger Rennes, France Men Doubles",3897,doubles,men,72
3905,"ATP Challenger Tiburon, USA Men Singles",3903,singles,men,72
3907,"ATP Challenger Tiburon, USA Men Doubles",3903,doubles,men,72
3915,"ATP Challenger Orleans, France Men Singles",3913,singles,men,72
3917,"ATP Challenger Orleans, France Men Doubles",3913,doubles,men,72
3921,"ATP Challenger Astana, Kazakhstan Men Singles",3919,singles,men,72
3923,"ATP Challenger Astana, Kazakhstan Men Doubles",3919,doubles,men,72
3927,"ATP Challenger Eckental, Germany Men Singles",3925,singles,men,72
3929,"ATP Challenger Eckental, Germany Men Doubles",3925,doubles,men,72
3933,"ATP Challenger Medellin, Colombia Men Singles",3931,singles,men,72
3935,"ATP Challenger Medellin, Colombia Men Doubles",3931,doubles,men,72
3945,"ATP Challenger Guayaquil, Ecuador Men Singles",3943,singles,men,72
3947,"ATP Challenger Guayaquil, Ecuador Men Doubles",3943,doubles,men,72
3951,"ATP Challenger Knoxville, USA Men Singles",3949,singles,men,72
3953,"ATP Challenger Knoxville, USA Men Doubles",3949,doubles,men,72
3957,"ATP Challenger Ortisei, Italy Men Singles",3955,singles,men,72
3959,"ATP Challenger Ortisei, Italy Men Doubles",3955,doubles,men,72
3963,"ATP Challenger Bratislava, Slovakia Men Singles",3961,singles,men,72
3965,"ATP Challenger Bratislava, Slovakia Men Doubles",3961,doubles,men,72
3975,"ATP Challenger Champaign, USA Men Singles",3973,singles,men,72
3977,"ATP Challenger Champaign, USA Men Doubles",3973,doubles,men,72
3987,"ATP Challenger Helsinki, Finland Men Singles",3985,singles,men,72
3989,"ATP Challenger Helsinki, Finland Men Doubles",3985,doubles,men,72
3993,"ATP Challenger Toyota, Japan Men Singles",3991,singles,men,72
3995,"ATP Challenger Toyota, Japan Men Doubles",3991,doubles,men,72
3999,"ATP Montpellier, France Men Singles",3997,singles,men,3
4001,"ATP Montpellier, France Men Doubles",3997,doubles,men,3
4011,"ATP Challenger Loughborough, Great Britain Men Singles",4009,singles,men,72
4013,"ATP Challenger Loughborough, Great Britain Men Doubles",4009,doubles,men,72
4083,"ATP Challenger Buenos Aires, Argentina Men Singles",4081,singles,men,72
4085,"ATP Challenger Buenos Aires, Argentina Men Doubles",4081,doubles,men,72
4143,Dominican Republic F2 Men Singles,4141,singles,men,785
4145,Dominican Republic F2 Men Doubles,4141,doubles,men,785
4149,"ATP Challenger Santiago, Chile Men Singles",4147,singles,men,72
4151,"ATP Challenger Santiago, Chile Men Doubles",4147,doubles,men,72
4185,"WTA Baku, Azerbaijan Women Singles",4183,singles,women,6
4187,"WTA Baku, Azerbaijan Women Doubles",4183,doubles,women,6
4209,"ATP Challenger Quimper, France Men Singles",4207,singles,men,72
4211,"ATP Challenger Quimper, France Men Doubles",4207,doubles,men,72
4221,"WTA Doha, Qatar Women Singles",4219,singles,women,6
4223,"WTA Doha, Qatar Women Doubles",4219,doubles,women,6
4299,"ATP Challenger Le Gosier, Guadeloupe Men Singles",4297,singles,men,72
4301,"ATP Challenger Le Gosier, Guadeloupe Men Doubles",4297,doubles,men,72
4311,"ATP Challenger Barranquilla, Colombia Men Singles",4309,singles,men,72
4313,"ATP Challenger Barranquilla, Colombia Men Doubles",4309,doubles,men,72
4329,"ATP Winston Salem, USA Men Singles",4327,singles,men,3
4331,"ATP Winston Salem, USA Men Doubles",4327,doubles,men,3
4393,"ITF Men Stuttgart-Stammheim, Germany Men Singles",4391,singles,men,785
4395,"ITF Men Stuttgart-Stammheim, Germany Men Doubles",4391,doubles,men,785
4415,"ITF Women Kaarst, Germany Women Singles",4413,singles,women,213
4417,"ITF Women Kaarst, Germany Women Doubles",4413,doubles,women,213
4489,"WTA Dubai, UAE Women Singles",4487,singles,women,6
4491,"WTA Dubai, UAE Women Doubles",4487,doubles,women,6
4507,"ATP Challenger Bogota, Colombia Men Singles",4505,singles,men,72
4509,"ATP Challenger Bogota, Colombia Men Doubles",4505,doubles,men,72
4531,"WTA Acapulco, Mexico Women Singles",2707,singles,women,6
4533,"WTA Acapulco, Mexico Women Doubles",2707,doubles,women,6
4537,"ATP Challenger Casablanca, Morocco Men Singles",4535,singles,men,72
4539,"ATP Challenger Casablanca, Morocco Men Doubles",4535,doubles,men,72
4559,"WTA Kuala Lumpur, Malaysia Women Singles",4557,singles,women,6
4561,"WTA Kuala Lumpur, Malaysia Women Doubles",4557,doubles,women,6
4577,"ITF Men Cherkassy, Ukraine Men Singles",4575,singles,men,785
4579,"ITF Men Cherkassy, Ukraine Men Doubles",4575,doubles,men,785
4589,"WTA Indian Wells, USA Women Singles",2737,singles,women,6
4591,"WTA Indian Wells, USA Women Doubles",2737,doubles,women,6
4631,"ATP Challenger Guangzhou, China Men Singles",4629,singles,men,72
4633,"ATP Challenger Guangzhou, China Men Doubles",4629,doubles,men,72
4637,"ITF Women Rabat, Morocco Women Singles",4635,singles,women,213
4639,"ITF Women Rabat, Morocco Women Doubles",4635,doubles,women,213
4661,Great Britain F4 Men Singles,4659,singles,men,785
4663,Great Britain F4 Men Doubles,4659,doubles,men,785
4667,"ITF Women Bath, Great Britain Women Singles",4665,singles,women,213
4669,"ITF Women Bath, Great Britain Women Doubles",4665,doubles,women,213
4685,"ATP Challenger Santos, Brazil Men Singles",4683,singles,men,72
4687,"ATP Challenger Santos, Brazil Men Doubles",4683,doubles,men,72
4691,"WTA Miami, USA Women Singles",2743,singles,women,6
4693,"WTA Miami, USA Women Doubles",2743,doubles,women,6
4769,"ATP Challenger Rome, Italy Men Singles",4767,singles,men,72
4771,"ATP Challenger Rome, Italy Men Doubles",4767,doubles,men,72
4775,"WTA Rome, Italy Women Singles",2779,singles,women,6
4777,"WTA Rome, Italy Women Doubles",2779,doubles,women,6
4793,"ITF Men Vrsar, Croatia Men Singles",4791,singles,men,785
4795,"ITF Men Vrsar, Croatia Men Doubles",4791,doubles,men,785
4811,"ITF Women Caracas, Venezuela Women Singles",4809,singles,women,213
4813,"ITF Women Caracas, Venezuela Women Doubles",4809,doubles,women,213
4835,"ITF Women Bol, Croatia Women Singles",4833,singles,women,213
4837,"ITF Women Bol, Croatia Women Doubles",4833,doubles,women,213
4847,"WTA Stuttgart, Germany Women Singles",4845,singles,women,6
4849,"WTA Stuttgart, Germany Women Doubles",4845,doubles,women,6
4877,Challenge Belgrade Men Singles,4875,singles,men,72
4879,Challenge Belgrade Men Doubles,4875,doubles,men,72
4907,"ATP Challenger Bangkok, Thailand Men Singles",4905,singles,men,72
4909,"ATP Challenger Bangkok, Thailand Men Doubles",4905,doubles,men,72
4925,"WTA Madrid, Spain Women Singles",2785,singles,women,6
4927,"WTA Madrid, Spain Women Doubles",2785,doubles,women,6
4931,"ATP Challenger Prague, Czech Republic Men Singles",4929,singles,men,72
4933,"ATP Challenger Prague, Czech Republic Men Doubles",4929,doubles,men,72
4973,"ATP Challenger Zagreb, Croatia Men Singles",4971,singles,men,72
4975,"ATP Challenger Zagreb, Croatia Men Doubles",4971,doubles,men,72
5167,"ATP Challenger Nottingham, Great Britain Men Singles",5165,singles,men,72
5169,"ATP Challenger Nottingham, Great Britain Men Doubles",5165,doubles,men,72
5197,"ITF Women Bangkok, Thailand Women Singles",5195,singles,women,213
5199,"ITF Women Bangkok, Thailand Women Doubles",5195,doubles,women,213
5239,"ITF Men Bytom, Poland Men Singles",5237,singles,men,785
5241,"ITF Men Bytom, Poland Men Doubles",5237,doubles,men,785
5305,"ATP Challenger Guadalajara, Mexico Men Singles",5303,singles,men,72
5307,"ATP Challenger Guadalajara, Mexico Men Doubles",5303,doubles,men,72
5407,"ITF Men Frinton, Great Britain Men Singles",5405,singles,men,785
5409,"ITF Men Frinton, Great Britain Men Doubles",5405,doubles,men,785
5523,"ITF Men Izmir, Turkey Men Singles",5521,singles,men,785
5525,"ITF Men Izmir, Turkey Men Doubles",5521,doubles,men,785
5559,"ITF Men Vierumaki, Finland Men Singles",5557,singles,men,785
5561,"ITF Men Vierumaki, Finland Men Doubles",5557,doubles,men,785
5643,"ITF Women St. Petersburg, Russia Women Singles",5641,singles,women,213
5645,"ITF Women St. Petersburg, Russia Women Doubles",5641,doubles,women,213
5693,"ITF Women Vinkovci, Croatia Women Singles",5691,singles,women,213
5695,"ITF Women Vinkovci, Croatia Women Doubles",5691,doubles,women,213
5699,"ITF Women Mamaia, Romania Women Singles",5697,singles,women,213
5701,"ITF Women Mamaia, Romania Women Doubles",5697,doubles,women,213
5755,"ITF Women Alphen aan den Rijn, Netherlands Women Singles",5753,singles,women,213
5757,"ITF Women Alphen aan den Rijn, Netherlands Women Doubles",5753,doubles,women,213
5773,"ATP Challenger Madrid, Spain Men Singles",5771,singles,men,72
5775,"ATP Challenger Madrid, Spain Men Doubles",5771,doubles,men,72
5779,"ATP Challenger Aguascalientes, Mexico Men Singles",5777,singles,men,72
5781,"ATP Challenger Aguascalientes, Mexico Men Doubles",5777,doubles,men,72
5785,"ATP Challenger Campinas, Brazil Men Singles",5783,singles,men,72
5787,"ATP Challenger Campinas, Brazil Men Doubles",5783,doubles,men,72
5791,"ATP Challenger Izmir, Turkey Men Singles",5789,singles,men,72
5793,"ATP Challenger Izmir, Turkey Men Doubles",5789,doubles,men,72
5797,"ATP Challenger Ningbo, China Men Singles",5795,singles,men,72
5799,"ATP Challenger Ningbo, China Men Doubles",5795,doubles,men,72
5803,"ATP Challenger Istanbul, Turkey Men Singles",5801,singles,men,72
5805,"ATP Challenger Istanbul, Turkey Men Doubles",5801,doubles,men,72
5839,"ITF Women Redding, USA Women Doubles",5835,doubles,women,213
5883,USA F24 Men Singles,5881,singles,men,785
5885,USA F24 Men Doubles,5881,doubles,men,785
5901,"ATP Challenger Napoli, Italy Men Doubles",5899,doubles,men,72
5903,"ATP Challenger Napoli, Italy Men Singles",5899,singles,men,72
5943,"WTA Tokyo, Japan Women Singles",5941,singles,women,6
5945,"WTA Tokyo, Japan Women Doubles",5941,doubles,women,6
5955,"ITF Men Leimen, Germany Men Singles",5953,singles,men,785
5957,"ITF Men Leimen, Germany Men Doubles",5953,doubles,men,785
5973,"ITF Women Dobrich, Bulgaria Women Singles",5971,singles,women,213
5975,"ITF Women Dobrich, Bulgaria Women Doubles",5971,doubles,women,213
5997,Turkiye F26 Men Singles,5995,singles,men,785
5999,Turkiye F26 Men Doubles,5995,doubles,men,785
6031,"ITF Men Solin, Croatia Men Singles",6029,singles,men,785
6033,"ITF Men Solin, Croatia Men Doubles",6029,doubles,men,785
6067,"ATP Challenger Shanghai, China Men Singles",6065,singles,men,72
6069,"ATP Challenger Shanghai, China Men Doubles",6065,doubles,men,72
6097,"ITF Women Rock Hill, USA Women Singles",6095,singles,women,213
6099,"ITF Women Rock Hill, USA Women Doubles",6095,doubles,women,213
6103,"ITF Men Mansfield, USA Men Singles",6101,singles,men,785
6105,"ITF Men Mansfield, USA Men Doubles",6101,doubles,men,785
6109,"ATP Challenger Seoul, Korea Republic Men Doubles",6107,doubles,men,72
6111,"ATP Challenger Seoul, Korea Republic Men Singles",6107,singles,men,72
6127,ITF Spain F39 Men Singles,6125,singles,men,785
6129,ITF Spain F39 Men Doubles,6125,doubles,men,785
6151,"ATP Challenger Sao Leopoldo, Brazil Men Singles",6149,singles,men,72
6153,"ATP Challenger Sao Leopoldo, Brazil Men Doubles",6149,doubles,men,72
6217,"ITF Men Temuco, Chile Men Singles",6215,singles,men,785
6219,"ITF Men Temuco, Chile Men Doubles",6215,doubles,men,785
6251,"ITF Men Osorno, Chile Men Singles",6249,singles,men,785
6253,"ITF Men Osorno, Chile Men Doubles",6249,doubles,men,785
6305,"ITF Women Vallduxo, Spain Women Singles",6303,singles,women,213
6307,"ITF Women Vallduxo, Spain Women Doubles",6303,doubles,women,213
6317,"ITF Women Toyota, Japan Women Singles",6315,singles,women,213
6319,"ITF Women Toyota, Japan Women Doubles",6315,doubles,women,213
6329,"ITF Men Astana, Kazakhstan Men Singles",6327,singles,men,785
6331,"ITF Men Astana, Kazakhstan Men Doubles",6327,doubles,men,785
6395,"ITF Women Djibouti, Djibouti Women Singles",6393,singles,women,213
6397,"ITF Women Djibouti, Djibouti Women Doubles",6393,doubles,women,213
6449,"ATP Sao Paulo, Brazil Men Singles",6447,singles,men,3
6451,"ATP Sao Paulo, Brazil Men Doubles",6447,doubles,men,3
6455,"ATP Challenger Dallas, USA Men Singles",6453,singles,men,72
6457,"ATP Challenger Dallas, USA Men Doubles",6453,doubles,men,72
6491,"WTA Brisbane, Australia Women Singles",43123,singles,women,6
6493,"WTA Brisbane, Australia Women Doubles",43123,doubles,women,6
6497,"WTA Auckland, New Zealand Women Singles",6495,singles,women,6
6499,"WTA Auckland, New Zealand Women Doubles",6495,doubles,women,6
6503,"WTA Sydney, Australia Women Singles",43121,singles,women,6
6505,"WTA Sydney, Australia Women Doubles",43121,doubles,women,6
6521,"ITF Men Wirral, Great Britain Men Singles",6519,singles,men,785
6523,"ITF Men Wirral, Great Britain Men Doubles",6519,doubles,men,785
6575,"ITF Men Feucherolles, France Men Singles",6573,singles,men,785
6577,"ITF Men Feucherolles, France Men Doubles",6573,doubles,men,785
6581,"ITF Men Guatemala City, Guatemala Men Singles",6579,singles,men,785
6583,"ITF Men Guatemala City, Guatemala Men Doubles",6579,doubles,men,785
6629,"ITF Men Yuxi, China Men Singles",6627,singles,men,785
6631,"ITF Men Yuxi, China Men Doubles",6627,doubles,men,785
6701,"ITF Men Itajai, Brazil Men Singles",6699,singles,men,785
6703,"ITF Men Itajai, Brazil Men Doubles",6699,doubles,men,785
6707,"ATP Challenger Florianopolis, Brazil Men Singles",6705,singles,men,72
6709,"ATP Challenger Florianopolis, Brazil Men Doubles",6705,doubles,men,72
6809,"ITF Men Bath, Great Britain Men Singles",6807,singles,men,785
6811,"ITF Men Bath, Great Britain Men Doubles",6807,doubles,men,785
6845,"ITF Men Saint-Raphael, France Men Singles",6843,singles,men,785
6847,"ITF Men Saint-Raphael, France Men Doubles",6843,doubles,men,785
6917,"ITF Women Ribeirao Preto, Brazil Women Singles",6915,singles,women,213
6919,"ITF Women Ribeirao Preto, Brazil Women Doubles",6915,doubles,women,213
6931,"ITF Women Osprey, USA Women Doubles",6927,doubles,women,213
6941,"ITF Men Heraklion, Greece Men Singles",6939,singles,men,785
6943,"ITF Men Heraklion, Greece Men Doubles",6939,doubles,men,785
6983,"ITF Women Algiers, Algeria Women Singles",6981,singles,women,213
6985,"ITF Women Algiers, Algeria Women Doubles",6981,doubles,women,213
6995,"ATP Challenger Mersin, Turkey Men Singles",6993,singles,men,72
6997,"ATP Challenger Mersin, Turkey Men Doubles",6993,doubles,men,72
7001,"ITF Women Antalya-Belconti, Turkey Women Singles",6999,singles,women,213
7003,"ITF Women Antalya-Belconti, Turkey Women Doubles",6999,doubles,women,213
7007,"ITF Men Kaohsiung, Chinese Taipei Men Singles",7005,singles,men,785
7009,"ITF Men Kaohsiung, Chinese Taipei Men Doubles",7005,doubles,men,785
7043,"ITF Women Tlemcen, Algeria Women Singles",7041,singles,women,213
7045,"ITF Women Tlemcen, Algeria Women Doubles",7041,doubles,women,213
7055,"ATP Challenger Kaohsiung, Chinese Taipei Men Singles",7053,singles,men,72
7057,"ATP Challenger Kaohsiung, Chinese Taipei Men Doubles",7053,doubles,men,72
7085,"ITF Men Cordoba, Mexico Men Singles",7083,singles,men,785
7087,"ITF Men Cordoba, Mexico Men Doubles",7083,doubles,men,785
7115,"ITF Men Madurai, India Men Singles",7113,singles,men,785
7117,"ITF Men Madurai, India Men Doubles",7113,doubles,men,785
7181,"ITF Men Chennai, India Men Singles",7179,singles,men,785
7183,"ITF Men Chennai, India Men Doubles",7179,doubles,men,785
7199,"ITF Men Villa Allende, Argentina Men Singles",7197,singles,men,785
7201,"ITF Men Villa Allende, Argentina Men Doubles",7197,doubles,men,785
7265,"ITF Men Bangkok, Thailand Men Singles",7263,singles,men,785
7267,"ITF Men Bangkok, Thailand Men Doubles",7263,doubles,men,785
7331,"ITF Women Raleigh, USA Women Singles",7329,singles,women,213
7333,"ITF Women Raleigh, USA Women Doubles",7329,doubles,women,213
7355,"ITF Men Mersin, Turkey Men Singles",7353,singles,men,785
7357,"ITF Men Mersin, Turkey Men Doubles",7353,doubles,men,785
7391,"ITF Women Casablanca, Morocco Women Singles",7389,singles,women,213
7393,"ITF Women Casablanca, Morocco Women Doubles",7389,doubles,women,213
7457,"ITF Women Maribor, Slovenia Women Singles",7455,singles,women,213
7459,"ITF Women Maribor, Slovenia Women Doubles",7455,doubles,women,213
7481,"ITF Men Mandya, India Men Singles",7479,singles,men,785
7483,"ITF Men Mandya, India Men Doubles",7479,doubles,men,785
7499,"ITF Men Rabat, Morocco Men Singles",7497,singles,men,785
7501,"ITF Men Rabat, Morocco Men Doubles",7497,doubles,men,785
7505,"ITF Men Mysore, India Men Singles",7503,singles,men,785
7507,"ITF Men Mysore, India Men Doubles",7503,doubles,men,785
7511,"ITF Men Maribor, Slovenia Men Singles",7509,singles,men,785
7513,"ITF Men Maribor, Slovenia Men Doubles",7509,doubles,men,785
7625,"WTA S-Hertogenbosch, Netherlands Women Singles",2869,singles,women,6
7627,"WTA S-Hertogenbosch, Netherlands Women Doubles",2869,doubles,women,6
7631,"ATP Eastbourne, Great Britain Men Singles",7629,singles,men,3
7633,"ATP Eastbourne, Great Britain Men Doubles",7629,doubles,men,3
7721,"ITF Men Sapporo, Japan Men Singles",7719,singles,men,785
7723,"ITF Men Sapporo, Japan Men Doubles",7719,doubles,men,785
7793,"ATP Challenger Lima, Peru Men Singles",7791,singles,men,72
7795,"ATP Challenger Lima, Peru Men Doubles",7791,doubles,men,72
7799,"ATP Challenger Panama City, Panama Men Singles",7797,singles,men,72
7801,"ATP Challenger Panama City, Panama Men Doubles",7797,doubles,men,72
7871,"WTA Bastad, Sweden Women Singles",7869,singles,women,6
7873,"WTA Bastad, Sweden Women Doubles",7869,doubles,women,6
7949,"ATP Challenger Anning, China Men Singles",7947,singles,men,72
7951,"ATP Challenger Anning, China Men Doubles",7947,doubles,men,72
7991,"ITF Men Coimbatore, India Men Singles",7989,singles,men,785
7993,"ITF Men Coimbatore, India Men Doubles",7989,doubles,men,785
8009,"ITF Men Modena, Italy Men Singles",8007,singles,men,785
8011,"ITF Men Modena, Italy Men Doubles",8007,doubles,men,785
8051,"ITF Men Felixstowe, Great Britain Men Singles",8049,singles,men,785
8053,"ITF Men Felixstowe, Great Britain Men Doubles",8049,doubles,men,785
8081,"ITF Women Sao Jose do Rio Preto, Brazil Women Singles",8079,singles,women,213
8083,"ITF Women Sao Jose do Rio Preto, Brazil Women Doubles",8079,doubles,women,213
8111,"ITF Women Viserba, Italy Women Singles",8109,singles,women,213
8113,"ITF Women Viserba, Italy Women Doubles",8109,doubles,women,213
8177,"WTA Washington, USA Women Singles",2969,singles,women,6
8179,"WTA Washington, USA Women Doubles",2969,doubles,women,6
8183,Olympic Tournament Men Singles,8181,singles,men,3
8185,Olympic Tournament Men Doubles,8181,doubles,men,3
8187,Olympic Tournament Women Singles,8181,singles,women,6
8189,Olympic Tournament Women Doubles,8181,doubles,women,6
8191,Olympic Tournament Mixed Doubles,8181,mixed_doubles,mixed,3
8213,"ITF Men Ostend, Belgium Men Singles",8211,singles,men,785
8215,"ITF Men Ostend, Belgium Men Doubles",8211,doubles,men,785
8279,"WTA Toronto, Canada Women Singles",8277,singles,women,6
8281,"WTA Toronto, Canada Women Doubles",8277,doubles,women,6
8285,"ATP Montreal, Canada Men Singles",8283,singles,men,3
8287,"ATP Montreal, Canada Men Doubles",8283,doubles,men,3
8291,"ATP Challenger Sibiu, Romania Men Singles",8289,singles,men,72
8293,"ATP Challenger Sibiu, Romania Men Doubles",8289,doubles,men,72
8297,"ITF Men Friedberg, Germany Men Singles",8295,singles,men,785
8299,"ITF Men Friedberg, Germany Men Doubles",8295,doubles,men,785
8345,"ITF Women Hechingen, Germany Women Singles",8343,singles,women,213
8347,"ITF Women Hechingen, Germany Women Doubles",8343,doubles,women,213
8363,"WTA Cincinnati, USA Women Singles",2981,singles,women,6
8365,"WTA Cincinnati, USA Women Doubles",2981,doubles,women,6
8369,"ITF Women Innsbruck, Austria Women Singles",8367,singles,women,213
8371,"ITF Women Innsbruck, Austria Women Doubles",8367,doubles,women,213
8381,"ITF Women Westende, Belgium Women Singles",8379,singles,women,213
8383,"ITF Women Westende, Belgium Women Doubles",8379,doubles,women,213
8423,"ITF Men Poertschach, Austria Men Singles",8421,singles,men,785
8425,"ITF Men Poertschach, Austria Men Doubles",8421,doubles,men,785
8447,"ITF Men Winnipeg, Canada Men Singles",8445,singles,men,785
8449,"ITF Men Winnipeg, Canada Men Doubles",8445,doubles,men,785
8453,"ITF Men Medellin, Colombia Men Singles",8451,singles,men,785
8455,"ITF Men Medellin, Colombia Men Doubles",8451,doubles,men,785
8459,"ITF Women Poertschach, Austria Women Singles",8457,singles,women,213
8461,"ITF Women Poertschach, Austria Women Doubles",8457,doubles,women,213
8471,"ITF Women San Luis Potosi, Mexico Women Singles",8469,singles,women,213
8473,"ITF Women San Luis Potosi, Mexico Women Doubles",8469,doubles,women,213
8495,"ITF Men Kenn, Germany Men Singles",8493,singles,men,785
8497,"ITF Men Kenn, Germany Men Doubles",8493,doubles,men,785
8501,"ITF Men St. Poelten, Austria Men Singles",8499,singles,men,785
8503,"ITF Men St. Poelten, Austria Men Doubles",8499,doubles,men,785
8585,"ITF Men Alice Springs, Australia Men Singles",8583,singles,men,785
8587,"ITF Men Alice Springs, Australia Men Doubles",8583,doubles,men,785
8597,"ITF Men La Rioja, Argentina Men Singles",8595,singles,men,785
8599,"ITF Men La Rioja, Argentina Men Doubles",8595,doubles,men,785
8603,"ITF Men Manzanillo, Mexico Men Singles",8601,singles,men,785
8605,"ITF Men Manzanillo, Mexico Men Doubles",8601,doubles,men,785
8639,"ITF Women Engis, Belgium Women Singles",8637,singles,women,213
8641,"ITF Women Engis, Belgium Women Doubles",8637,doubles,women,213
8645,"ATP Challenger Tashkent, Uzbekistan Men Singles",8643,singles,men,72
8647,"ATP Challenger Tashkent, Uzbekistan Men Doubles",8643,doubles,men,72
8711,"ITF Women Pereira, Colombia Women Singles",8709,singles,women,213
8713,"ITF Women Pereira, Colombia Women Doubles",8709,doubles,women,213
8735,"ITF Men Danderyd-Stockholm, Sweden Men Singles",8733,singles,men,785
8737,"ITF Men Danderyd-Stockholm, Sweden Men Doubles",8733,doubles,men,785
8747,"ITF Men Costa Mesa, USA Men Singles",8745,singles,men,785
8749,"ITF Men Costa Mesa, USA Men Doubles",8745,doubles,men,785
8777,"ITF Men Markham, Canada Men Singles",8775,singles,men,785
8779,"ITF Men Markham, Canada Men Doubles",8775,doubles,men,785
8795,"ITF Men Hambach, Germany Men Singles",8793,singles,men,785
8797,"ITF Men Hambach, Germany Men Doubles",8793,doubles,men,785
8813,"ITF Men Belem, Brazil Men Singles",8811,singles,men,785
8815,"ITF Men Belem, Brazil Men Doubles",8811,doubles,men,785
8819,"ITF Men Irvine, USA Men Singles",8817,singles,men,785
8821,"ITF Men Irvine, USA Men Doubles",8817,doubles,men,785
8843,"WTA Beijing, China Women Singles",3023,singles,women,6
8845,"WTA Beijing, China Women Doubles",3023,doubles,women,6
8867,"ITF Men Villavicencio, Colombia Men Singles",8865,singles,men,785
8869,"ITF Men Villavicencio, Colombia Men Doubles",8865,doubles,men,785
8885,"ITF Women Gainesville, USA Women Singles",8883,singles,women,213
8887,"ITF Women Gainesville, USA Women Doubles",8883,doubles,women,213
8921,"ITF Men Annaba, Algeria Men Singles",8919,singles,men,785
8923,"ITF Men Annaba, Algeria Men Doubles",8919,doubles,men,785
8939,"ITF Women Mytilini, Greece Women Singles",8937,singles,women,213
8941,"ITF Women Mytilini, Greece Women Doubles",8937,doubles,women,213
8963,"WTA Moscow, Russia Women Singles",3065,singles,women,6
8965,"WTA Moscow, Russia Women Doubles",3065,doubles,women,6
8975,"ATP Challenger Rio de Janeiro, Brazil Men Singles",8973,singles,men,72
8977,"ATP Challenger Rio de Janeiro, Brazil Men Doubles",8973,doubles,men,72
9011,"ATP Challenger Porto Alegre, Brazil Men Singles",9009,singles,men,72
9013,"ATP Challenger Porto Alegre, Brazil Men Doubles",9009,doubles,men,72
9029,"ITF Men Mumbai, India Men Singles",9027,singles,men,785
9031,"ITF Men Mumbai, India Men Doubles",9027,doubles,men,785
9041,"ITF Men Santa Maria, Brazil Men Singles",9039,singles,men,785
9043,"ITF Men Santa Maria, Brazil Men Doubles",9039,doubles,men,785
9077,"ITF Women Victoria, Mexico Women Singles",9075,singles,women,213
9079,"ITF Women Victoria, Mexico Women Doubles",9075,doubles,women,213
9119,"ITF Women Barnstaple, Great Britain Women Singles",9117,singles,women,213
9121,"ITF Women Barnstaple, Great Britain Women Doubles",9117,doubles,women,213
9137,"WTA 125K Taipei, Chinese Taipei Women Singles",9135,singles,women,871
9139,"WTA 125K Taipei, Chinese Taipei Women Doubles",9135,doubles,women,871
9173,"ATP Challenger Marbella, Spain Men Singles",9171,singles,men,72
9175,"ATP Challenger Marbella, Spain Men Doubles",9171,doubles,men,72
9179,"ATP Challenger Yokohama, Japan Men Singles",9177,singles,men,72
9181,"ATP Challenger Yokohama, Japan Men Doubles",9177,doubles,men,72
9245,"ITF Men Phnom Penh, Cambodia Men Singles",9243,singles,men,785
9247,"ITF Men Phnom Penh, Cambodia Men Doubles",9243,doubles,men,785
9299,"ITF Men Porto Alegre, Brazil Men Singles",9297,singles,men,785
9301,"ITF Men Porto Alegre, Brazil Men Doubles",9297,doubles,men,785
9329,"WTA Shenzhen, China Women Singles",9327,singles,women,6
9331,"WTA Shenzhen, China Women Doubles",9327,doubles,women,6
9353,"ATP Challenger Maui, USA Men Singles",9351,singles,men,72
9355,"ATP Challenger Maui, USA Men Doubles",9351,doubles,men,72
9419,"WTA 125K Cali, Colombia Women Singles",9417,singles,women,871
9421,"WTA 125K Cali, Colombia Women Doubles",9417,doubles,women,871
9455,"WTA Florianopolis, Brazil Women Singles",9453,singles,women,6
9457,"WTA Florianopolis, Brazil Women Doubles",9453,doubles,women,6
9461,"ATP Challenger Sydney, Australia Men Singles",9459,singles,men,72
9463,"ATP Challenger Sydney, Australia Men Doubles",9459,doubles,men,72
9467,"ITF Men Pereira, Colombia Men Singles",9465,singles,men,785
9469,"ITF Men Pereira, Colombia Men Doubles",9465,doubles,men,785
9497,"ITF Men Bogota, Colombia Men Singles",9495,singles,men,785
9499,"ITF Men Bogota, Colombia Men Doubles",9495,doubles,men,785
9503,"ITF Men Nishi Tama, Japan Men Singles",9501,singles,men,785
9539,"ITF Women Hyderabad, India Women Singles",9537,singles,women,213
9541,"ITF Women Hyderabad, India Women Doubles",9537,doubles,women,213
9563,"ITF Men Taverne, Switzerland Men Singles",9561,singles,men,785
9565,"ITF Men Taverne, Switzerland Men Doubles",9561,doubles,men,785
9623,"ATP Challenger Itajai, Brazil Men Singles",9621,singles,men,72
9629,"WTA Katowice, Poland Women Singles",9627,singles,women,6
9631,"WTA Katowice, Poland Women Doubles",9627,doubles,women,6
9641,"ATP Challenger Mexico City, Mexico Men Singles",9639,singles,men,72
9643,"ATP Challenger Mexico City, Mexico Men Doubles",9639,doubles,men,72
9647,"ITF Men Sharm El Sheikh, Egypt Men Singles",9645,singles,men,785
9649,"ITF Men Sharm El Sheikh, Egypt Men Doubles",9645,doubles,men,785
9659,"ITF Women Lucknow, India Women Singles",9657,singles,women,213
9661,"ITF Women Lucknow, India Women Doubles",9657,doubles,women,213
9665,"ATP Bogota, Colombia Men Singles",9663,singles,men,3
9667,"ATP Bogota, Colombia Men Doubles",9663,doubles,men,3
9677,"WTA Nuremberg, Germany Women Singles",9675,singles,women,6
9679,"WTA Nuremberg, Germany Women Doubles",9675,doubles,women,6
9695,"ITF Women Seoul, South Korea Women Singles",9693,singles,women,213
9697,"ITF Women Seoul, South Korea Women Doubles",9693,doubles,women,213
9731,"ITF Men Maracay, Venezuela Men Singles",9729,singles,men,785
9733,"ITF Men Maracay, Venezuela Men Doubles",9729,doubles,men,785
9737,"ITF Women Ramat Hasharon, Israel Women Singles",9735,singles,women,213
9739,"ITF Women Ramat Hasharon, Israel Women Doubles",9735,doubles,women,213
9779,"ITF Men Maracaibo, Venezuela Men Singles",9777,singles,men,785
9781,"ITF Men Maracaibo, Venezuela Men Doubles",9777,doubles,men,785
9791,"ITF Women Balikpapan, Indonesia Women Singles",9789,singles,women,213
9793,"ITF Women Balikpapan, Indonesia Women Doubles",9789,doubles,women,213
9803,"ITF Men Putian, China Men Singles",9801,singles,men,785
9805,"ITF Men Putian, China Men Doubles",9801,doubles,men,785
9809,"ITF Men Coimbra, Portugal Men Singles",9807,singles,men,785
9811,"ITF Men Coimbra, Portugal Men Doubles",9807,doubles,men,785
9815,"ITF Women Tarakan, Indonesia Women Singles",9813,singles,women,213
9817,"ITF Women Tarakan, Indonesia Women Doubles",9813,doubles,women,213
9875,"ITF Women Adana, Turkey Women Singles",9873,singles,women,213
9877,"ITF Women Adana, Turkey Women Doubles",9873,doubles,women,213
9929,"ATP Challenger Blois, France Men Singles",9927,singles,men,72
9931,"ATP Challenger Blois, France Men Doubles",9927,doubles,men,72
9953,"ITF Men Litija, Slovenia Men Singles",9951,singles,men,785
9955,"ITF Men Litija, Slovenia Men Doubles",9951,doubles,men,785
10025,"ITF Men Stara Zagora, Bulgaria Men Singles",10023,singles,men,785
10027,"ITF Men Stara Zagora, Bulgaria Men Doubles",10023,doubles,men,785
10031,"ITF Men Sibiu, Romania Men Singles",10029,singles,men,785
10033,"ITF Men Sibiu, Romania Men Doubles",10029,doubles,men,785
10037,"ITF Men Busto Arsizio, Italy Men Singles",10035,singles,men,785
10039,"ITF Men Busto Arsizio, Italy Men Doubles",10035,doubles,men,785
10043,"ITF Men Sabac, Serbia Men Singles",10041,singles,men,785
10045,"ITF Men Sabac, Serbia Men Doubles",10041,doubles,men,785
10055,"ITF Men Seefeld, Austria Men Singles",10053,singles,men,785
10057,"ITF Men Seefeld, Austria Men Doubles",10053,doubles,men,785
10073,"ATP Challenger Portoroz, Slovenia Men Singles",10071,singles,men,72
10075,"ATP Challenger Portoroz, Slovenia Men Doubles",10071,doubles,men,72
10091,"ITF Men Focsani, Romania Men Singles",10089,singles,men,785
10093,"ITF Men Focsani, Romania Men Doubles",10089,doubles,men,785
10151,"ATP Challenger Eskisehir, Turkey Men Singles",10149,singles,men,72
10153,"ATP Challenger Eskisehir, Turkey Men Doubles",10149,doubles,men,72
10157,"ITF Men Tallinn, Estonia Men Singles",10155,singles,men,785
10159,"ITF Men Tallinn, Estonia Men Doubles",10155,doubles,men,785
10181,"ITF Women Campos Do Jordao, Brazil Women Singles",10179,singles,women,213
10183,"ITF Women Campos Do Jordao, Brazil Women Doubles",10179,doubles,women,213
10223,"ITF Men Misiones, Argentina Men Singles",10221,singles,men,785
10225,"ITF Men Misiones, Argentina Men Doubles",10221,doubles,men,785
10253,"ATP Challenger Liberec, Czech Republic Men Singles",10251,singles,men,72
10255,"ATP Challenger Liberec, Czech Republic Men Doubles",10251,doubles,men,72
10283,"ITF Men Sleza, Poland Men Singles",10281,singles,men,785
10285,"ITF Men Sleza, Poland Men Doubles",10281,doubles,men,785
10313,"ITF Men Bejar, Spain Men Singles",10311,singles,men,785
10315,"ITF Men Bejar, Spain Men Doubles",10311,doubles,men,785
10343,"ATP Challenger Meerbusch, Germany Men Singles",10341,singles,men,72
10345,"ATP Challenger Meerbusch, Germany Men Doubles",10341,doubles,men,72
10379,"ITF Men Geneva, Switzerland Men Singles",10377,singles,men,785
10381,"ITF Men Geneva, Switzerland Men Doubles",10377,doubles,men,785
10421,"ITF Women Brcko, Bosnia & Herzegovina Women Singles",10419,singles,women,213
10423,"ITF Women Brcko, Bosnia & Herzegovina Women Doubles",10419,doubles,women,213
10439,"ITF Men Medias, Romania Men Singles",10437,singles,men,785
10441,"ITF Men Medias, Romania Men Doubles",10437,doubles,men,785
10451,"ITF Men Este, Italy Men Singles",10449,singles,men,785
10453,"ITF Men Este, Italy Men Doubles",10449,doubles,men,785
10457,"ITF Men Jupille-Sur-Meuse, Belgium Men Singles",10455,singles,men,785
10459,"ITF Men Jupille-Sur-Meuse, Belgium Men Doubles",10455,doubles,men,785
10475,"ITF Men Libreville, Gabon Men Singles",10473,singles,men,785
10477,"ITF Men Libreville, Gabon Men Doubles",10473,doubles,men,785
10487,"ITF Men Campos Do Jordao, Brazil Men Singles",10485,singles,men,785
10489,"ITF Men Campos Do Jordao, Brazil Men Doubles",10485,doubles,men,785
10493,"ITF Men Manizales, Colombia Men Singles",10491,singles,men,785
10495,"ITF Men Manizales, Colombia Men Doubles",10491,doubles,men,785
10517,"ITF Men Damme, Belgium Men Singles",10515,singles,men,785
10519,"ITF Men Damme, Belgium Men Doubles",10515,doubles,men,785
10529,"ITF Men Lausanne, Switzerland Men Singles",10527,singles,men,785
10531,"ITF Men Lausanne, Switzerland Men Doubles",10527,doubles,men,785
10535,"ITF Men Quito, Ecuador Men Singles",10533,singles,men,785
10537,"ITF Men Quito, Ecuador Men Doubles",10533,doubles,men,785
10643,"ATP Challenger Kenitra, Morocco Men Singles",10641,singles,men,72
10645,"ATP Challenger Kenitra, Morocco Men Doubles",10641,doubles,men,72
10655,"ATP Challenger Porto, Portugal Men Singles",10653,singles,men,72
10657,"ATP Challenger Porto, Portugal Men Doubles",10653,doubles,men,72
10673,"ITF Men Nis, Serbia Men Singles",10671,singles,men,785
10675,"ITF Men Nis, Serbia Men Doubles",10671,doubles,men,785
10685,"ITF Men Sokobanja, Serbia Men Singles",10683,singles,men,785
10687,"ITF Men Sokobanja, Serbia Men Doubles",10683,doubles,men,785
10703,"ITF Men Cochabamba, Bolivia Men Singles",10701,singles,men,785
10705,"ITF Men Cochabamba, Bolivia Men Doubles",10701,doubles,men,785
10757,"ITF Women Albena, Bulgaria Women Singles",10755,singles,women,213
10759,"ITF Women Albena, Bulgaria Women Doubles",10755,doubles,women,213
10781,"ITF Men Sant Cugat, Spain Men Singles",10779,singles,men,785
10783,"ITF Men Sant Cugat, Spain Men Doubles",10779,doubles,men,785
10823,"ATP Challenger Mouilleron-Le-Captif, France Men Singles",10821,singles,men,72
10825,"ATP Challenger Mouilleron-Le-Captif, France Men Doubles",10821,doubles,men,72
10895,"ATP Challenger Traralgon, Australia Men Singles",10893,singles,men,72
10897,"ATP Challenger Traralgon, Australia Men Doubles",10893,doubles,men,72
10949,"ATP Challenger Andria, Italy Men Singles",10947,singles,men,72
10951,"ATP Challenger Andria, Italy Men Doubles",10947,doubles,men,72
10967,"ITF Men Nicosia, Cyprus Men Singles",10965,singles,men,785
10969,"ITF Men Nicosia, Cyprus Men Doubles",10965,doubles,men,785
10973,"ITF Men Popayan, Colombia Men Singles",10971,singles,men,785
10975,"ITF Men Popayan, Colombia Men Doubles",10971,doubles,men,785
11003,"ITF Men Bol, Croatia Men Singles",11001,singles,men,785
11005,"ITF Men Bol, Croatia Men Doubles",11001,doubles,men,785
11033,"ITF Men Raipur, India Men Singles",11031,singles,men,785
11035,"ITF Men Raipur, India Men Doubles",11031,doubles,men,785
11051,"ITF Women Monterrey, Mexico Women Singles",11049,singles,women,213
11053,"ITF Women Monterrey, Mexico Women Doubles",11049,doubles,women,213
11057,"ITF Men Larnaca, Cyprus Men Singles",11055,singles,men,785
11059,"ITF Men Larnaca, Cyprus Men Doubles",11055,doubles,men,785
11081,"ITF Women Duino Aurisina, Italy Women Singles",11079,singles,women,213
11083,"ITF Women Duino Aurisina, Italy Women Doubles",11079,doubles,women,213
11105,"WTA Rio de Janeiro, Brazil Women Singles",11127,singles,women,6
11107,"WTA Rio de Janeiro, Brazil Women Doubles",11127,doubles,women,6
11111,"WTA Hong Kong, Hong Kong Women Singles",11109,singles,women,6
11113,"WTA Hong Kong, Hong Kong Women Doubles",11109,doubles,women,6
11117,"WTA Wuhan, China Women Singles",11115,singles,women,6
11119,"WTA Wuhan, China Women Doubles",11115,doubles,women,6
11123,"ATP Shenzhen, China Men Singles",11121,singles,men,3
11125,"ATP Shenzhen, China Men Doubles",11121,doubles,men,3
11129,"ATP Rio de Janeiro, Brazil Men Singles",11127,singles,men,3
11131,"ATP Rio de Janeiro, Brazil Men Doubles",11127,doubles,men,3
11183,"ATP Challenger Chennai, India Men Singles",11181,singles,men,72
11185,"ATP Challenger Chennai, India Men Doubles",11181,doubles,men,72
11201,"ATP Challenger Kolkata, India Men Singles",11199,singles,men,72
11203,"ATP Challenger Kolkata, India Men Doubles",11199,doubles,men,72
11225,"ATP Challenger Morelos, Mexico Men Singles",11223,singles,men,72
11227,"ATP Challenger Morelos, Mexico Men Doubles",11223,doubles,men,72
11231,"ATP Challenger New Delhi, India Men Singles",11229,singles,men,72
11233,"ATP Challenger New Delhi, India Men Doubles",11229,doubles,men,72
11267,"ITF Men Kish, Iran Men Singles",11265,singles,men,785
11269,"ITF Men Kish, Iran Men Doubles",11265,doubles,men,785
11285,"ITF Men Bhimavaram, India Men Singles",11283,singles,men,785
11287,"ITF Men Bhimavaram, India Men Doubles",11283,doubles,men,785
11297,"ATP Challenger Irving, USA Men Singles",11295,singles,men,72
11299,"ATP Challenger Irving, USA Men Doubles",11295,doubles,men,72
11333,"ITF Men Manila, Philippines Men Singles",11331,singles,men,785
11335,"ITF Men Manila, Philippines Men Doubles",11331,doubles,men,785
11355,"ITF Men Melbourne, Australia Men Singles",11353,singles,men,785
11357,"ITF Men Melbourne, Australia Men Doubles",11353,doubles,men,785
11367,"ITF Men Oran, Algeria Men Singles",11365,singles,men,785
11369,"ITF Men Oran, Algeria Men Doubles",11365,doubles,men,785
11397,"ITF Men Algiers, Algeria Men Singles",11395,singles,men,785
11399,"ITF Men Algiers, Algeria Men Doubles",11395,doubles,men,785
11403,"ITF Women Melbourne, Australia Women Singles",11401,singles,women,213
11405,"ITF Women Melbourne, Australia Women Doubles",11401,doubles,women,213
11423,"ITF Men Karshi, Uzbekistan Men Doubles",11419,doubles,men,785
11427,"ATP Challenger Shenzhen, China Men Singles",11425,singles,men,72
11429,"ATP Challenger Shenzhen, China Men Doubles",11425,doubles,men,72
11433,"ATP Challenger Vercelli, Italy Men Singles",11431,singles,men,72
11435,"ATP Challenger Vercelli, Italy Men Doubles",11431,doubles,men,72
11439,"ITF Men Queretaro, Mexico Men Singles",11437,singles,men,785
11441,"ITF Men Queretaro, Mexico Men Doubles",11437,doubles,men,785
11463,"ATP Challenger Taipei, Chinese Taipei Men Singles",11461,singles,men,72
11465,"ATP Challenger Taipei, Chinese Taipei Men Doubles",11461,doubles,men,72
11493,"ATP Challenger Gimcheon, Korea Rep. Men Singles",11491,singles,men,72
11495,"ATP Challenger Gimcheon, Korea Rep. Men Doubles",11491,doubles,men,72
11499,"ATP Challenger Aix en Provence, France Men Singles",11497,singles,men,72
11501,"ATP Challenger Aix en Provence, France Men Doubles",11497,doubles,men,72
11505,"ITF Men Galati, Romania Men Singles",11503,singles,men,785
11507,"ITF Men Galati, Romania Men Doubles",11503,doubles,men,785
11577,"ATP Challenger Mestre, Italy Men Singles",11575,singles,men,72
11579,"ATP Challenger Mestre, Italy Men Doubles",11575,doubles,men,72
11583,"ATP Challenger Mohammedia, Morocco Men Singles",11581,singles,men,72
11585,"ATP Challenger Mohammedia, Morocco Men Doubles",11581,doubles,men,72
11589,"ATP Challenger Nanchang, China Men Singles",11587,singles,men,72
11591,"ATP Challenger Nanchang, China Men Doubles",11587,doubles,men,72
11595,"ATP Challenger Padova, Italy Men Singles",11593,singles,men,72
11597,"ATP Challenger Padova, Italy Men Doubles",11593,doubles,men,72
11601,"ATP Challenger Vicenza, Italy Men Singles",11599,singles,men,72
11603,"ATP Challenger Vicenza, Italy Men Doubles",11599,doubles,men,72
11805,"WTA Bucharest, Romania Women Singles",11803,singles,women,871
11807,"WTA Bucharest, Romania Women Doubles",11803,doubles,women,871
11841,"WTA 125K Nanchang, China Women Singles",11839,singles,women,871
11843,"WTA 125K Nanchang, China Women Doubles",11839,doubles,women,871
11859,"ITF Men Chaco, Argentina Men Singles",11857,singles,men,785
11861,"ITF Men Chaco, Argentina Men Doubles",11857,doubles,men,785
11871,"ATP Challenger Cortina, Italy Men Singles",11869,singles,men,72
11873,"ATP Challenger Cortina, Italy Men Doubles",11869,doubles,men,72
11913,"ITF Women Santa Fe, Argentina Women Singles",11911,singles,women,213
11915,"ITF Women Santa Fe, Argentina Women Doubles",11911,doubles,women,213
11955,"ITF Men Tehran, Iran Men Singles",11953,singles,men,785
11957,"ITF Men Tehran, Iran Men Doubles",11953,doubles,men,785
12015,"ITF Men Vsevolozhsk, Russia Men Singles",12013,singles,men,785
12017,"ITF Men Vsevolozhsk, Russia Men Doubles",12013,doubles,men,785
12045,"ATP Challenger Brescia, Italy Men Singles",12043,singles,men,72
12047,"ATP Challenger Brescia, Italy Men Doubles",12043,doubles,men,72
12057,"ATP Challenger Pune, India Men Singles",12055,singles,men,72
12059,"ATP Challenger Pune, India Men Doubles",12055,doubles,men,72
12063,"WTA 125K Limoges, France Women Singles",12061,singles,women,871
12065,"WTA 125K Limoges, France Women Doubles",12061,doubles,women,871
12117,"WTA Tianjin, China Women Singles",12115,singles,women,6
12119,"WTA Tianjin, China Women Doubles",12115,doubles,women,6
12177,"ITF Men Wollongong, Australia Men Singles",12175,singles,men,785
12179,"ITF Men Wollongong, Australia Men Doubles",12175,doubles,men,785
12183,"ITF Men Gwalior, India Men Singles",12181,singles,men,785
12185,"ITF Men Gwalior, India Men Doubles",12181,doubles,men,785
12201,"ATP Challenger Happy Valley, Australia Men Singles",12199,singles,men,72
12203,"ATP Challenger Happy Valley, Australia Men Doubles",12199,doubles,men,72
12207,"ATP Challenger Hong Kong, Hong Kong Men Singles",12205,singles,men,72
12209,"ATP Challenger Hong Kong, Hong Kong Men Doubles",12205,doubles,men,72
12219,"ITF Men Santiago de los Caballeros, Dominican Republic Men Singles",12217,singles,men,785
12221,"ITF Men Santiago de los Caballeros, Dominican Republic Men Doubles",12217,doubles,men,785
12229,IPTL,No value,singles,men,1012
12241,World Tennis Championship Men Singles,12239,singles,men,79
12255,"ATP Challenger Glasgow, Great Britain Men Singles",12253,singles,men,72
12257,"ATP Challenger Glasgow, Great Britain Men Doubles",12253,doubles,men,72
12279,"ATP Challenger Santo Domingo, Dominican Republic Men Singles",12277,singles,men,72
12281,"ATP Challenger Santo Domingo, Dominican Republic Men Doubles",12277,doubles,men,72
12285,"ATP Challenger Wroclaw, Poland Men Singles",12283,singles,men,72
12287,"ATP Challenger Wroclaw, Poland Men Doubles",12283,doubles,men,72
12291,"ATP Challenger Drummondville, Canada Men Singles",12289,singles,men,72
12293,"ATP Challenger Drummondville, Canada Men Doubles",12289,doubles,men,72
12297,"ATP Challenger Raanana, Israel Men Singles",12295,singles,men,72
12299,"ATP Challenger Raanana, Israel Men Doubles",12295,doubles,men,72
12309,"ATP Challenger Launceston, Australia Men Singles",12307,singles,men,72
12311,"ATP Challenger Launceston, Australia Men Doubles",12307,doubles,men,72
12315,"ATP Geneva, Switzerland Men Singles",12313,singles,men,3
12317,"ATP Geneva, Switzerland Men Doubles",12313,doubles,men,3
12321,"ATP Istanbul, Turkey Men Singles",12319,singles,men,3
12323,"ATP Istanbul, Turkey Men Doubles",12319,doubles,men,3
12327,"ATP Quito, Ecuador Men Singles",12325,singles,men,3
12329,"ATP Quito, Ecuador Men Doubles",12325,doubles,men,3
12333,"WTA Nottingham, Great Britain Women Singles",12331,singles,women,6
12335,"WTA Nottingham, Great Britain Women Doubles",12331,doubles,women,6
12375,"ATP Challenger Batman, Turkey Men Singles",12373,singles,men,72
12377,"ATP Challenger Batman, Turkey Men Doubles",12373,doubles,men,72
12381,"ATP Challenger Puebla, Mexico Men Singles",12379,singles,men,72
12383,"ATP Challenger Puebla, Mexico Men Doubles",12379,doubles,men,72
12429,"ATP Challenger Ilkley, Great Britain Men Singles",12427,singles,men,72
12431,"ATP Challenger Ilkley, Great Britain Men Doubles",12427,doubles,men,72
12435,"ATP Challenger Manchester, Great Britain Men Singles",12433,singles,men,72
12437,"ATP Challenger Manchester, Great Britain Men Doubles",12433,doubles,men,72
12441,"ATP Challenger Surbiton, Great Britain Men Singles",12439,singles,men,72
12443,"ATP Challenger Surbiton, Great Britain Men Doubles",12439,doubles,men,72
12447,"ATP Challenger Poprad Tatry, Slovakia Men Singles",12445,singles,men,72
12449,"ATP Challenger Poprad Tatry, Slovakia Men Doubles",12445,doubles,men,72
12453,"ATP Challenger Perugia, Italy Men Singles",12451,singles,men,72
12455,"ATP Challenger Perugia, Italy Men Doubles",12451,doubles,men,72
12459,"ATP Challenger Moscow, Russia Men Singles",12457,singles,men,72
12461,"ATP Challenger Moscow, Russia Men Doubles",12457,doubles,men,72
12549,"ATP Estoril, Portugal Men Singles",12547,singles,men,3
12551,"ATP Estoril, Portugal Men Doubles",12547,doubles,men,3
12657,"ITF Men Jassowal, India Men Singles",12655,singles,men,785
12659,"ITF Men Jassowal, India Men Doubles",12655,doubles,men,785
12663,"ITF Women Eastbourne, Great Britain Women Singles",12661,singles,women,213
12665,"ITF Women Eastbourne, Great Britain Women Doubles",12661,doubles,women,213
12687,"ITF Men Sarajevo, Bosnia/Herzegovina Men Singles",12685,singles,men,785
12689,"ITF Men Sarajevo, Bosnia/Herzegovina Men Doubles",12685,doubles,men,785
12723,"ITF Women Grand Baie La Croisette, Mauritius Women Singles",12721,singles,women,213
12725,"ITF Women Grand Baie La Croisette, Mauritius Women Doubles",12721,doubles,women,213
12741,"ITF Women Baton Rouge, USA Women Singles",12739,singles,women,213
12743,"ITF Women Baton Rouge, USA Women Doubles",12739,doubles,women,213
12747,"ITF Women Kaohsiung, Chinese Taipei Women Singles",12745,singles,women,213
12749,"ITF Women Kaohsiung, Chinese Taipei Women Doubles",12745,doubles,women,213
12819,"ITF Women Bursa, Turkey Women Singles",12817,singles,women,213
12821,"ITF Women Bursa, Turkey Women Doubles",12817,doubles,women,213
12837,"ATP Challenger Manerbio, Italy Men Singles",12835,singles,men,72
12839,"ATP Challenger Manerbio, Italy Men Doubles",12835,doubles,men,72
12843,"ATP Challenger Agri, Turkey Men Singles",12841,singles,men,72
12845,"ATP Challenger Agri, Turkey Men Doubles",12841,doubles,men,72
12849,"ATP Challenger Cary, USA Men Singles",12847,singles,men,72
12851,"ATP Challenger Cary, USA Men Doubles",12847,doubles,men,72
12855,"ATP Challenger Columbus, USA Men Singles",12853,singles,men,72
12857,"ATP Challenger Columbus, USA Men Doubles",12853,doubles,men,72
12891,"WTA 125K Dalian, China Women Singles",12889,singles,women,871
12893,"WTA 125K Dalian, China Women Doubles",12889,doubles,women,871
12897,"WTA 125K Carlsbad, USA Women Singles",12895,singles,women,871
12899,"WTA 125K Carlsbad, USA Women Doubles",12895,doubles,women,871
12903,"WTA 125K Hua Hin, Thailand Women Singles",12901,singles,women,871
12905,"WTA 125K Hua Hin, Thailand Women Doubles",12901,doubles,women,871
12909,"ITF Men Erzurum, Turkey Men Singles",12907,singles,men,785
12911,"ITF Men Erzurum, Turkey Men Doubles",12907,doubles,men,785
12975,"ITF Women Graz, Austria Women Singles",12973,singles,women,213
12977,"ITF Women Graz, Austria Women Doubles",12973,doubles,women,213
12981,"ITF Women Koper, Slovenia Women Singles",12979,singles,women,213
12983,"ITF Women Koper, Slovenia Women Doubles",12979,doubles,women,213
12987,"ITF Women Cakovec, Croatia Women Singles",12985,singles,women,213
12989,"ITF Women Cakovec, Croatia Women Doubles",12985,doubles,women,213
12999,"ITF Women Kiryat Gat, Israel Women Singles",12997,singles,women,213
13001,"ITF Women Kiryat Gat, Israel Women Doubles",12997,doubles,women,213
13011,"ITF Men Duino Aurisina, Italy Men Singles",13009,singles,men,785
13013,"ITF Men Duino Aurisina, Italy Men Doubles",13009,doubles,men,785
13023,"ITF Israel F14, Men Singles",13021,singles,men,785
13025,"ITF Israel F14, Men Doubles",13021,doubles,men,785
13029,"ITF Men Middelkerke, Belgium Men Singles",13027,singles,men,785
13031,"ITF Men Middelkerke, Belgium Men Doubles",13027,doubles,men,785
13035,"ITF Women Tiberias, Israel Women Singles",13033,singles,women,213
13037,"ITF Women Tiberias, Israel Women Doubles",13033,doubles,women,213
13047,"ITF Women San Carlos, Argentina Women Singles",13045,singles,women,213
13049,"ITF Women San Carlos, Argentina Women Doubles",13045,doubles,women,213
13101,"ITF Women Kirkland, USA Women Singles",13099,singles,women,213
13103,"ITF Women Kirkland, USA Women Doubles",13099,doubles,women,213
13107,"ATP Challenger Corrientes, Argentina Men Singles",13105,singles,men,72
13109,"ATP Challenger Corrientes, Argentina Men Doubles",13105,doubles,men,72
13113,"ATP Challenger Fairfield, USA Men Singles",13111,singles,men,72
13115,"ATP Challenger Fairfield, USA Men Doubles",13111,doubles,men,72
13119,"ATP Challenger Ho Chi Minh City, Vietnam Men Singles",13117,singles,men,72
13121,"ATP Challenger Ho Chi Minh City, Vietnam Men Doubles",13117,doubles,men,72
13125,"ATP Challenger Brest, France Men Singles",13123,singles,men,72
13127,"ATP Challenger Brest, France Men Doubles",13123,doubles,men,72
13131,"ATP Challenger Bengaluru, India Men Singles",13129,singles,men,72
13133,"ATP Challenger Bengaluru, India Men Doubles",13129,doubles,men,72
13137,"ATP Challenger Las Vegas, USA Men Singles",13135,singles,men,72
13139,"ATP Challenger Las Vegas , USA Men Doubles",13135,doubles,men,72
13143,"ATP Challenger Monterrey, Mexico Men Singles",13141,singles,men,72
13145,"ATP Challenger Monterrey, Mexico Men Doubles",13141,doubles,men,72
13149,"ATP Challenger Suzhou, China Men Singles",13147,singles,men,72
13151,"ATP Challenger Suzhou, China Men Doubles",13147,doubles,men,72
13155,"ATP Challenger Hua Hin, Thailand Men Singles",13153,singles,men,72
13157,"ATP Challenger Hua Hin, Thailand Men Doubles",13153,doubles,men,72
13161,"ATP Challenger Canberra, Australia Men Singles",13159,singles,men,72
13163,"ATP Challenger Canberra, Australia Men Doubles",13159,doubles,men,72
13167,"ATP Challenger Kobe, Japan Men Singles",13165,singles,men,72
13169,"ATP Challenger Kobe, Japan Men Doubles",13165,doubles,men,72
13173,"ITF Men Rancagua, Chile Men Singles",13171,singles,men,785
13175,"ITF Men Rancagua, Chile Men Doubles",13171,doubles,men,785
13179,"ITF Men Ismaning, Germany Men Singles",13177,singles,men,785
13181,"ITF Men Ismaning, Germany Men Doubles",13177,doubles,men,785
13191,"ITF Women Raipur, India Women Singles",13189,singles,women,213
13193,"ITF Women Raipur, India Women Doubles",13189,doubles,women,213
13221,"ITF Men Valledupar, Colombia Men Singles",13219,singles,men,785
13223,"ITF Men Valledupar, Colombia Men Doubles",13219,doubles,men,785
13245,"ITF Men Margarita Island, Venezuela Men Singles",13243,singles,men,785
13247,"ITF Men Margarita Island, Venezuela Men Doubles",13243,doubles,men,785
13251,"ITF Women Bratislava, Slovakia Women Singles",13249,singles,women,213
13253,"ITF Women Bratislava, Slovakia Women Doubles",13249,doubles,women,213
13263,"ITF Men La Libertad, El Salvador Men Singles",13261,singles,men,785
13265,"ITF Men La Libertad, El Salvador Men Doubles",13261,doubles,men,785
13269,"ITF Women Gulbarga, India Women Singles",13267,singles,women,213
13271,"ITF Women Gulbarga, India Women Doubles",13267,doubles,women,213
13281,"ITF Women Tel Aviv-Ramat Gan, Israel Women Singles",13279,singles,women,213
13283,"ITF Women Tel Aviv-Ramat Gan, Israel Women Doubles",13279,doubles,women,213
13287,"ITF Men Limassol, Cyprus Men Singles",13285,singles,men,785
13289,"ITF Men Limassol, Cyprus Men Doubles",13285,doubles,men,785
13305,"ITF Men San Pedro Sula, Honduras Men Singles",13303,singles,men,785
13307,"ITF Men San Pedro Sula, Honduras Men Doubles",13303,doubles,men,785
13317,"ITF Women Indore, India Women Singles",13315,singles,women,213
13319,"ITF Women Indore, India Women Doubles",13315,doubles,women,213
13323,"ITF Men Santo Domingo Este, Dominican Republic Men Singles",13321,singles,men,785
13325,"ITF Men Santo Domingo Este, Dominican Republic Men Doubles",13321,doubles,men,785
13329,"ITF Men Puerto Montt, Chile Men Singles",13327,singles,men,785
13331,"ITF Men Puerto Montt, Chile Men Doubles",13327,doubles,men,785
13335,"ATP Challenger Mendoza, Argentina Men Singles",13333,singles,men,72
13337,"ATP Challenger Mendoza, Argentina Men Doubles",13333,doubles,men,72
13341,"ATP Challenger Carilo, Argentina Men Singles",13339,singles,men,72
13343,"ATP Challenger Carilo, Argentina Men Doubles",13339,doubles,men,72
13347,"ATP Challenger Manila, Philippines Men Singles",13345,singles,men,72
13349,"ATP Challenger Manila, Philippines Men Doubles",13345,doubles,men,72
13353,"WTA St. Petersburg, Russia Women Singles",13351,singles,women,6
13355,"WTA St. Petersburg, Russia Women Doubles",13351,doubles,women,6
13359,"WTA Kaohsiung, Chinese Taipei Women Singles",13357,singles,women,6
13361,"WTA Kaohsiung, Chinese Taipei Women Doubles",13357,doubles,women,6
13365,"WTA Rabat, Morocco Women Singles",13363,singles,women,6
13367,"WTA Rabat, Morocco Women Doubles",13363,doubles,women,6
13371,"WTA Mallorca, Spain Women Singles",13369,singles,women,6
13373,"WTA Mallorca, Spain Women Doubles",13369,doubles,women,6
13377,"WTA Nanchang, China Women Singles",13375,singles,women,6
13379,"WTA Nanchang, China Women Doubles",13375,doubles,women,6
13389,"ATP Sofia, Bulgaria Men Singles",13387,singles,men,3
13391,"ATP Sofia, Bulgaria Men Doubles",13387,doubles,men,3
13395,"ATP Los Cabos, Mexico Men Singles",13393,singles,men,3
13397,"ATP Los Cabos, Mexico Men Doubles",13393,doubles,men,3
13413,"ITF Djibouti 02A, Women Singles",13411,singles,women,213
13415,"ITF Djibouti 02A, Women Doubles",13411,doubles,women,213
13425,"ITF Men Baku, Azerbaijan Men Singles",13423,singles,men,785
13427,"ITF Men Baku, Azerbaijan Men Doubles",13423,doubles,men,785
13437,"ITF USA 04A, Women Singles",13435,singles,women,213
13439,"ITF USA 04A, Women Doubles",13435,doubles,women,213
13443,"ATP Antwerp, Belgium Men Singles",13441,singles,men,3
13445,"ATP Antwerp, Belgium Men Doubles",13441,doubles,men,3
13451,"ITF Switzerland F1, Men Doubles",15886,doubles,men,785
13479,"ATP Challenger Jonkoping, Sweden Men Singles",13477,singles,men,72
13481,"ATP Challenger Jonkoping, Sweden Men Doubles",13477,doubles,men,72
13485,"ATP Challenger Zhuhai, China Men Singles",13483,singles,men,72
13487,"ATP Challenger Zhuhai, China Men Doubles",13483,doubles,men,72
13491,"ATP Challenger Gwangju, Korea Republic Men Singles",13489,singles,men,72
13493,"ATP Challenger Gwangju, Korea Republic Men Doubles",13489,doubles,men,72
13497,"ATP Challenger Nanjing, China Men Singles",13495,singles,men,72
13499,"ATP Challenger Nanjing, China Men Doubles",13495,doubles,men,72
13503,"ITF Italy F3, Men Singles",16022,singles,men,785
13505,"ITF Italy F3, Men Doubles",16022,doubles,men,785
13515,"WTA 125K Bol, Croatia Women Singles",13513,singles,women,871
13517,"WTA 125K Bol, Croatia Women Doubles",13513,doubles,women,871
13527,"WTA 125K San Antonio, USA Women Singles",13525,singles,women,871
13529,"WTA 125K San Antonio, USA Women Doubles",13525,doubles,women,871
13533,"ITF Morocco F5, Men Singles",13531,singles,men,785
13535,"ITF Morocco F5, Men Doubles",13531,doubles,men,785
13539,"ITF France F7, Men Singles",16072,singles,men,785
13541,"ITF France F7, Men Doubles",16072,doubles,men,785
13545,"ITF Croatia F4, Men Singles",16094,singles,men,785
13547,"ITF Croatia F4, Men Doubles",16094,doubles,men,785
13551,"ITF Sweden F5, Men Singles",13549,singles,men,785
13553,"ITF Sweden F5, Men Doubles",13549,doubles,men,785
13557,"ITF Hong Kong 04A, Women Singles",13555,singles,women,213
13559,"ITF Hong Kong 04A, Women Doubles",13555,doubles,women,213
13563,"ATP Marrakech, Morocco Men Singles",13561,singles,men,3
13565,"ATP Marrakech, Morocco Men Doubles",13561,doubles,men,3
13569,"ITF Mozambique F1, Men Singles",13567,singles,men,785
13571,"ITF Mozambique F1, Men Doubles",13567,doubles,men,785
13575,"ITF USA F12, Men Singles",17692,singles,men,785
13577,"ITF USA F12, Men Doubles",17692,doubles,men,785
13581,"ITF Brazil F9, Men Singles",13579,singles,men,785
13583,"ITF Brazil F9, Men Doubles",13579,doubles,men,785
13587,"ITF Women Lins, Brazil Women Singles",13585,singles,women,213
13589,"ITF Women Lins, Brazil Women Doubles",13585,doubles,women,213
13593,"ITF Mexico F22, Men Singles",13591,singles,men,785
13595,"ITF Mexico F22, Men Doubles",13591,doubles,men,785
13599,"ITF Women Bauru, Brazil Women Singles",13597,singles,women,213
13601,"ITF Women Bauru, Brazil Women Doubles",13597,doubles,women,213
13605,"ITF Georgia 02A, Women Singles",13603,singles,women,213
13607,"ITF Georgia 02A, Women Doubles",13603,doubles,women,213
13611,"ITF Russia 07A, Women Singles",13609,singles,women,213
13613,"ITF Russia 07A, Women Doubles",13609,doubles,women,213
13617,"ITF Hungary 03A, Women Singles",13615,singles,women,213
13619,"ITF Hungary 03A, Women Doubles",13615,doubles,women,213
13623,"ITF Spain 05A, Women Doubles",13621,doubles,women,213
13625,"ITF Spain 05A, Women Singles",13621,singles,women,213
13639,"ATP Challenger Bastad, Sweden Men Singles",13637,singles,men,72
13641,"ATP Challenger Bastad, Sweden Men Doubles",13637,doubles,men,72
13645,"ATP Challenger Lyon, France Men Singles",13643,singles,men,72
13647,"ATP Challenger Lyon, France Men Doubles",13643,doubles,men,72
13651,"ATP Challenger Winnipeg, Canada Men Singles",13649,singles,men,72
13653,"ATP Challenger Winnipeg, Canada Men Doubles",13649,doubles,men,72
13657,"ITF Portugal F8, Men Singles",18794,singles,men,785
13659,"ITF Portugal F8, Men Doubles",18794,doubles,men,785
13665,"ITF Bulgaria F1, Men Singles",17984,singles,men,785
13667,"ITF Bulgaria F1, Men Doubles",17984,doubles,men,785
13671,"ITF Italy F14, Men Singles",18202,singles,men,785
13673,"ITF Italy F14, Men Doubles",18202,doubles,men,785
13677,"ITF Portugal F9, Men Singles",18980,singles,men,785
13679,"ITF Portugal F9, Men Doubles",18980,doubles,men,785
13697,"ITF Men Ruse, Bulgaria Men Singles",13695,singles,men,785
13699,"ITF Men Ruse, Bulgaria Men Doubles",13695,doubles,men,785
13703,"ITF Spain 07A, Women Singles",13701,singles,women,213
13705,"ITF Spain 07A, Women Doubles",13701,doubles,women,213
13709,"ITF Women Baku, Azerbaijan Women Singles",13707,singles,women,213
13711,"ITF Women Baku, Azerbaijan Women Doubles",13707,doubles,women,213
13737,"ITF Israel F10, Men Singles",18722,singles,men,785
13739,"ITF Israel F10, Men Doubles",18722,doubles,men,785
13749,"ITF Israel 03A, Women Singles",13747,singles,women,213
13751,"ITF Israel 03A, Women Doubles",13747,doubles,women,213
13765,"ITF Japan F7, Men Singles",18528,singles,men,785
13767,"ITF Japan F7, Men Doubles",18528,doubles,men,785
13773,"ITF Romania F5, Men Singles",18982,singles,men,785
13775,"ITF Romania F5, Men Doubles",18982,doubles,men,785
13779,"ITF Spain F16, Men Singles",18496,singles,men,785
13781,"ITF Spain F16, Men Doubles",18496,doubles,men,785
13785,"ITF Poland F3, Men Singles",18978,singles,men,785
13787,"ITF Poland F3, Men Doubles",18978,doubles,men,785
13801,"ITF Men Buzau, Romania Men Singles",13799,singles,men,785
13803,"ITF Men Buzau, Romania Men Doubles",13799,doubles,men,785
13807,"ITF Poland F4, Men Singles",19088,singles,men,785
13809,"ITF Poland F4, Men Doubles",19088,doubles,men,785
13819,"ITF Hungary 05A, Women Singles",13817,singles,women,213
13821,"ITF Hungary 05A, Women Doubles",13817,doubles,women,213
13825,"ITF Italy 15A, Women Singles",13823,singles,women,213
13827,"ITF Italy 15A, Women Doubles",13823,doubles,women,213
13831,"ITF Portugal 03A, Women Singles",13829,singles,women,213
13833,"ITF Portugal 03A, Women Doubles",13829,doubles,women,213
13837,"ITF Turkiye F25, Men Singles",19194,singles,men,785
13839,"ITF Turkiye F25, Men Doubles",19194,doubles,men,785
13843,"ITF Men Skopje, FYR Macedonia Men Singles",13841,singles,men,785
13845,"ITF Men Skopje, FYR Macedonia Men Doubles",13841,doubles,men,785
13849,"ITF Korea F2, Men Singles",18530,singles,men,785
13851,"ITF Korea F2, Men Doubles",18530,doubles,men,785
13855,"ITF Germany F4, Men Singles",18820,singles,men,785
13857,"ITF Germany F4, Men Doubles",18820,doubles,men,785
13861,"ITF Brazil F5, Men Singles",13859,singles,men,785
13863,"ITF Brazil F5, Men Doubles",13859,doubles,men,785
13873,"ITF Germany 06A, Women Singles",13871,singles,women,213
13875,"ITF Germany 06A, Women Doubles",13871,doubles,women,213
13879,"ITF Italy F20, Men Singles",19080,singles,men,785
13881,"ITF Italy F20, Men Doubles",19080,doubles,men,785
13885,"ITF Germany F5, Men Singles",18952,singles,men,785
13887,"ITF Germany F5, Men Doubles",18952,doubles,men,785
13897,"ITF Men Piracicaba, Brazil Men Singles",13895,singles,men,785
13899,"ITF Men Piracicaba, Brazil Men Doubles",13895,doubles,men,785
13929,"ITF Portugal 19A, Women Singles",13927,singles,women,213
13931,"ITF Portugal 19A, Women Doubles",13927,doubles,women,213
13939,"WTA Gstaad, Switzerland Women Singles",13937,singles,women,6
13941,"WTA Gstaad, Switzerland Women Doubles",13937,doubles,women,6
13947,"ITF Italy F21, Men Singles",19124,singles,men,785
13949,"ITF Italy F21, Men Doubles",19124,doubles,men,785
13959,"ITF China 15A, Women Singles",13957,singles,women,213
13961,"ITF China 15A, Women Doubles",13957,doubles,women,213
13991,"ITF Spain 09A, Women Singles",13989,singles,women,213
13993,"ITF Spain 09A, Women Doubles",13989,doubles,women,213
14011,"ITF Men Thu Dau Mot City, Vietnam Men Singles",14009,singles,men,785
14013,"ITF Men Thu Dau Mot City, Vietnam Men Doubles",14009,doubles,men,785
14017,"ITF Morocco F4, Men Singles",14015,singles,men,785
14019,"ITF Morocco F4, Men Doubles",14015,doubles,men,785
14023,"ITF Women Malatya, Turkey Women Singles",14021,singles,women,213
14025,"ITF Women Malatya, Turkey Women Doubles",14021,doubles,women,213
14033,"ITF Italy F24, Men Singles",14031,singles,men,785
14035,"ITF Italy F24, Men Doubles",14031,doubles,men,785
14055,"ATP Challenger Chengdu, China Men Singles",14053,singles,men,72
14057,"ATP Challenger Chengdu, China Men Doubles",14053,doubles,men,72
14061,"ATP Challenger Curitiba, Brazil Men Singles",14059,singles,men,72
14063,"ATP Challenger Curitiba, Brazil Men Doubles",14059,doubles,men,72
14067,"ATP Challenger Fano, Italy Men Singles",14065,singles,men,72
14069,"ATP Challenger Fano, Italy Men Doubles",14065,doubles,men,72
14073,"ATP Challenger Gatineau, Canada Men Singles",14071,singles,men,72
14075,"ATP Challenger Gatineau, Canada Men Doubles",14071,doubles,men,72
14079,"ATP Challenger Qingdao, China Men Singles",14077,singles,men,72
14081,"ATP Challenger Qingdao, China Men Doubles",14077,doubles,men,72
14091,"ITF Morocco F6, Men Singles",14089,singles,men,785
14093,"ITF Morocco F6, Men Doubles",14089,doubles,men,785
14097,"ITF Finland F1, Men Singles",16686,singles,men,785
14099,"ITF Finland F1, Men Doubles",16686,doubles,men,785
14127,"ATP Challenger Budapest, Hungary Men Singles",14125,singles,men,72
14129,"ATP Challenger Budapest, Hungary Men Doubles",14125,doubles,men,72
14133,"ATP Chengdu, China Men Singles",14131,singles,men,3
14135,"ATP Chengdu, China Men Doubles",14131,doubles,men,3
14155,"ITF Switzerland F3, Men Singles",17240,singles,men,785
14157,"ITF Switzerland F3, Men Doubles",17240,doubles,men,785
14171,"ITF Women Slovenska Lupca, Slovakia Women Singles",14169,singles,women,213
14173,"ITF Women Slovenska Lupca, Slovakia Women Doubles",14169,doubles,women,213
14207,"ITF Indonesia F2, Men Singles",15912,singles,men,785
14209,"ITF Indonesia F2, Men Doubles",15912,doubles,men,785
14245,"ITF Men St. Petersburg, Russia Men Singles",14243,singles,men,785
14247,"ITF Men St. Petersburg, Russia Men Doubles",14243,doubles,men,785
14251,"ITF Spain F28, Men Singles",18626,singles,men,785
14253,"ITF Spain F28, Men Doubles",18626,doubles,men,785
14257,"ITF Netherlands F7, Men Singles",18218,singles,men,785
14259,"ITF Netherlands F7, Men Doubles",18218,doubles,men,785
14275,"ITF Women Schoonhoven, Netherlands Women Singles",14273,singles,women,213
14277,"ITF Women Schoonhoven, Netherlands Women Doubles",14273,doubles,women,213
14283,"WTA 125K Honolulu, USA Women Singles",14281,singles,women,871
14285,"WTA 125K Honolulu, USA Women Doubles",14281,doubles,women,871
14289,"ITF Italy F28, Men Singles",18624,singles,men,785
14291,"ITF Italy F28, Men Doubles",18624,doubles,men,785
14297,"ITF Hungary F5, Men Singles",18792,singles,men,785
14299,"ITF Hungary F5, Men Doubles",18792,doubles,men,785
14345,"ITF Hungary F6, Men Singles",17492,singles,men,785
14347,"ITF Hungary F6, Men Doubles",17492,doubles,men,785
14351,"ITF Men Niagara, Canada Men Singles",14349,singles,men,785
14353,"ITF Men Niagara, Canada Men Doubles",14349,doubles,men,785
14369,"ITF USA F30, Men Singles",19386,singles,men,785
14371,"ITF USA F30, Men Doubles",19386,doubles,men,785
14375,"ITF Men Kiev, Ukraine Men Singles",14373,singles,men,785
14377,"ITF Men Kiev, Ukraine Men Doubles",14373,doubles,men,785
14381,"ITF Hungary F8, Men Singles",18646,singles,men,785
14383,"ITF Hungary F8, Men Doubles",18646,doubles,men,785
14387,"ITF Women Stillwater, USA Women Singles",14385,singles,women,213
14389,"ITF Women Stillwater, USA Women Doubles",14385,doubles,women,213
14399,"ITF Israel 06A, Women Singles",14397,singles,women,213
14401,"ITF Israel 06A, Women Doubles",14397,doubles,women,213
14405,"ITF Women Chisinau, Moldova Women Singles",14403,singles,women,213
14407,"ITF Women Chisinau, Moldova Women Doubles",14403,doubles,women,213
14421,"ATP Challenger Stockton, USA Men Singles",14419,singles,men,72
14423,"ATP Challenger Stockton, USA Men Doubles",14419,doubles,men,72
14431,"ITF Portugal 07A, Women Doubles",16894,doubles,women,213
14433,"ITF Portugal 11A, Women Singles",16718,singles,women,213
14435,"ITF Portugal 11A, Women Doubles",16718,doubles,women,213
14464,"ITF Men Neiva, Colombia Men Singles",14462,singles,men,785
14466,"ITF Men Neiva, Colombia Men Doubles",14462,doubles,men,785
14486,"ITF Men Vallduxo, Spain Men Singles",14484,singles,men,785
14488,"ITF Men Vallduxo, Spain Men Doubles",14484,doubles,men,785
14492,"ITF Men Salinas, Ecuador Men Singles",14490,singles,men,785
14494,"ITF Men Salinas, Ecuador Men Doubles",14490,doubles,men,785
14498,"ITF USA F34, Men Singles",14496,singles,men,785
14500,"ITF USA F34, Men Doubles",14496,doubles,men,785
14504,"ITF China 23A, Women Singles",14502,singles,women,213
14506,"ITF China 23A, Women Doubles",14502,doubles,women,213
14510,"ITF China 24A, Women Singles",14508,singles,women,213
14512,"ITF China 24A, Women Doubles",14508,doubles,women,213
14516,"ITF Great Britain 10A, Women Singles",14514,singles,women,213
14518,"ITF Great Britain 10A, Women Doubles",14514,doubles,women,213
14536,"ITF Men Latina, Italy Men Singles",14534,singles,men,785
14538,"ITF Men Latina, Italy Men Doubles",14534,doubles,men,785
14542,"ITF Men Almeria, Spain Men Singles",14540,singles,men,785
14544,"ITF Men Almeria, Spain Men Doubles",14540,doubles,men,785
14548,"ITF Great Britain F6, Men Singles",14546,singles,men,785
14550,"ITF Great Britain F6, Men Doubles",14546,doubles,men,785
14566,"ITF Men Blacktown, Australia Men Singles",14564,singles,men,785
14568,"ITF Men Blacktown, Australia Men Doubles",14564,doubles,men,785
14572,"ITF Men San Salvador, El Salvador Men Singles",14570,singles,men,785
14574,"ITF Men San Salvador, El Salvador Men Doubles",14570,doubles,men,785
14584,"ITF Czech Republic F10, Men Singles",14582,singles,men,785
14586,"ITF Czech Republic F10, Men Doubles",14582,doubles,men,785
14598,"ITF Women Nashville, USA Women Singles",14596,singles,women,213
14600,"ITF Women Nashville, USA Women Doubles",14596,doubles,women,213
14608,"ITF Italy 35A, Women Singles",14606,singles,women,213
14610,"ITF Italy 35A, Women Doubles",14606,doubles,women,213
14614,"ITF Men Talca, Chile Men Singles",14933,singles,men,785
14616,"ITF Men Talca, Chile Men Doubles",14933,doubles,men,785
14648,"ITF Czech Republic F12, Men Singles",14646,singles,men,785
14650,"ITF Czech Republic F12, Men Doubles",14646,doubles,men,785
14654,"ITF Men Paysandu, Uruguay Men Singles",14652,singles,men,785
14656,"ITF Men Paysandu, Uruguay Men Doubles",14652,doubles,men,785
14660,"ITF India 05A, Women Singles",14658,singles,women,213
14662,"ITF India 05A, Women Doubles",14658,doubles,women,213
14666,AO Asia-Pacific Wildcard Playoff Men Singles,14664,singles,men,3
14668,AO Asia-Pacific Wildcard Playoff Men Doubles,14664,doubles,men,3
14670,AO Asia-Pacific Wildcard Playoff Women Singles,14664,singles,women,6
14674,"ATP Challenger Koblenz, Germany Men Singles",14672,singles,men,72
14676,"ATP Challenger Koblenz, Germany Men Doubles",14672,doubles,men,72
14680,"WTA Taipei, Chinese Taipei Women Singles",14678,singles,women,6
14682,"WTA Taipei, Chinese Taipei Women Doubles",14678,doubles,women,6
14690,AO Asia-Pacific Wildcard Playoff Women Doubles,14664,doubles,women,6
14700,AO Australian Wildcard Playoff Men Singles,14698,singles,men,3
14702,AO Australian Wildcard Playoff Women Singles,14698,singles,women,6
14706,"ITF Men Salto, Uruguay Men Singles",14704,singles,men,785
14708,"ITF Men Salto, Uruguay Men Doubles",14704,doubles,men,785
14710,AO Australian Wildcard Playoff Women Doubles,14698,doubles,women,6
14714,Czech Tennis Extraliga Men Singles,14712,singles,men,79
14722,"ITF Men Mayaguez, Puerto Rico Men Singles",14720,singles,men,785
14724,"ITF Men Mayaguez, Puerto Rico Men Doubles",14720,doubles,men,785
14738,"ATP Antalya, Turkey Men Singles",14736,singles,men,3
14740,"ATP Antalya, Turkey Men Doubles",14736,doubles,men,3
14744,"ATP Budapest, Hungary Men Singles",14742,singles,men,3
14746,"ATP Budapest, Hungary Men Doubles",14742,doubles,men,3
14754,Next Gen ATP Finals Men Singles,14752,singles,men,3
14776,"WTA Biel, Switzerland Women Singles",14774,singles,women,6
14778,"WTA Biel, Switzerland Women Doubles",14774,doubles,women,6
14782,"ATP Challenger San Francisco, USA Men Singles",14780,singles,men,72
14784,"ATP Challenger San Francisco, USA Men Doubles",14780,doubles,men,72
14788,"ATP Challenger Tempe, USA Men Singles",14786,singles,men,72
14790,"ATP Challenger Tempe, USA Men Doubles",14786,doubles,men,72
14794,"ATP Challenger Quanzhou, China Men Singles",14792,singles,men,72
14796,"ATP Challenger Quanzhou, China Men Doubles",14792,doubles,men,72
14814,"Juniors AO, Melbourne, Australia Men Singles",14812,singles,men,1474
14816,"Juniors AO, Melbourne, Australia Men Doubles",14812,doubles,men,1474
14818,"Juniors AO, Melbourne, Australia Women Singles",14812,singles,women,1474
14820,"Juniors AO, Melbourne, Australia Women Doubles",14812,doubles,women,1474
14824,"Wheelchairs AO, Melbourne, Australia Men Singles",14822,singles,men,1476
14826,"Wheelchairs AO, Melbourne, Australia Men Doubles",14822,doubles,men,1476
14828,"Wheelchairs AO, Melbourne, Australia Women Singles",14822,singles,women,1476
14830,"Wheelchairs AO, Melbourne, Australia Women Doubles",14822,doubles,women,1476
14834,"Legends AO, Melbourne, Australia Men Doubles",14832,doubles,men,1475
14840,Exhibition Kooyong Classic Men Singles,14838,singles,men,79
14854,"Legends AO, Melbourne, Australia Women Doubles",14832,doubles,women,1475
14888,"ITF Spain 02A, Women Singles",14886,singles,women,213
14890,"ITF Spain 02A, Women Doubles",14886,doubles,women,213
14907,"ITF Switzerland F2, Men Singles",15902,singles,men,785
14909,"ITF Switzerland F2, Men Doubles",15902,doubles,men,785
14913,"ITF USA F9, Men Singles",15956,singles,men,785
14915,"ITF USA F9, Men Doubles",15956,doubles,men,785
14919,"ITF Italy 01B, Women Singles",14917,singles,women,213
14921,"ITF Italy 01B, Women Doubles",14917,doubles,women,213
14939,"ITF India F2, Men Doubles",15926,doubles,men,785
14941,"ITF India F2, Men Singles",15926,singles,men,785
14945,"ITF Spain F6, Men Singles",15930,singles,men,785
14947,"ITF Spain F6, Men Doubles",15930,doubles,men,785
14967,"ITF India F3, Men Singles",15948,singles,men,785
14969,"ITF India F3, Men Doubles",15948,doubles,men,785
14973,"ITF India 01A, Women Doubles",14971,doubles,women,213
14975,"ITF India 01A, Women Singles",14971,singles,women,213
14995,"ITF India F4, Men Singles",16020,singles,men,785
14997,"ITF India F4, Men Doubles",16020,doubles,men,785
15001,"ITF Turkey F21, Men Singles",18432,singles,men,785
15003,"ITF Turkey F21, Men Doubles",18432,doubles,men,785
15015,"ITF Japan 01B, Women Singles",15013,singles,women,213
15017,"ITF Japan 01B, Women Doubles",15013,doubles,women,213
15023,"ITF Australia F2, Men Singles",16032,singles,men,785
15025,"ITF Australia F2, Men Doubles",16032,doubles,men,785
15033,"ITF Portugal F3, Men Singles",16052,singles,men,785
15035,"ITF Portugal F3, Men Doubles",16052,doubles,men,785
15041,"ATP Challenger Sophia Antipolis, France Men Singles",15039,singles,men,72
15043,"ATP Challenger Sophia Antipolis, France Men Doubles",15039,doubles,men,72
15047,"ATP Challenger Francavilla, Italy Men Singles",15045,singles,men,72
15049,"ATP Challenger Francavilla, Italy Men Doubles",15045,doubles,men,72
15053,"ATP Challenger Lisbon, Portugal Men Singles",15051,singles,men,72
15055,"ATP Challenger Lisbon, Portugal Men Doubles",15051,doubles,men,72
15059,"ATP Challenger Shymkent, Kazakhstan Men Singles",15057,singles,men,72
15061,"ATP Challenger Shymkent, Kazakhstan Men Doubles",15057,doubles,men,72
15071,"ITF Spain F7, Men Singles",16054,singles,men,785
15073,"ITF Spain F7, Men Doubles",16054,doubles,men,785
15077,"ITF USA 08A, Women Singles",15075,singles,women,213
15079,"ITF USA 08A, Women Doubles",15075,doubles,women,213
15087,"ATP Challenger Prague 2, Czech Republic Men Doubles",15085,doubles,men,72
15089,"ATP Challenger Prague 2, Czech Republic Men Singles",15085,singles,men,72
15109,"ITF India F6, Men Singles",16076,singles,men,785
15111,"ITF India F6, Men Doubles",16076,doubles,men,785
15115,"ITF Portugal 01A, Women Singles",15113,singles,women,213
15117,"ITF Portugal 01A, Women Doubles",15113,doubles,women,213
15141,"ITF China F5, Men Singles",17768,singles,men,785
15151,"ITF China F5, Men Doubles",17768,doubles,men,785
15191,"WTA 125K, Zhengzhou, China Women Singles",15189,singles,women,871
15193,"WTA 125K, Zhengzhou, China Women Doubles",15189,doubles,women,871
15215,"ITF Portugal F7, Men Singles",17876,singles,men,785
15217,"ITF Portugal F7, Men Doubles",17876,doubles,men,785
15247,"ITF Mexico F2, Men Singles",17950,singles,men,785
15249,"ITF Mexico F2, Men Doubles",17950,doubles,men,785
15263,"ITF Greece F1, Men Singles",15261,singles,men,785
15265,"ITF Greece F1, Men Doubles",15261,doubles,men,785
15289,"ITF Hungary F1, Men Singles",17992,singles,men,785
15291,"ITF Hungary F1, Men Doubles",17992,doubles,men,785
15295,"ITF Italy F12, Men Singles",17970,singles,men,785
15297,"ITF Italy F12, Men Doubles",17970,doubles,men,785
15305,"ITF Hungary 02A, Women Singles",15303,singles,women,213
15307,"ITF Hungary 02A, Women Doubles",15303,doubles,women,213
15317,"ITF Mexico F1, Men Singles",15315,singles,men,785
15319,"ITF Mexico F1, Men Doubles",15315,doubles,men,785
15349,"ITF Vietnam F4, Men Singles",15347,singles,men,785
15351,"ITF Vietnam F4, Men Doubles",15347,doubles,men,785
15355,"ITF Singapore F3, Men Singles",18532,singles,men,785
15357,"ITF Singapore F3, Men Doubles",18532,doubles,men,785
15361,"ITF Argentina 01A, Women Singles",15359,singles,women,213
15363,"ITF Argentina 01A, Women Doubles",15359,doubles,women,213
15367,"ITF China 10A, Women Singles",15365,singles,women,213
15369,"ITF China 10A, Women Doubles",15365,doubles,women,213
15373,"ITF Portugal 04A, Women Singles",15371,singles,women,213
15375,"ITF Portugal 04A, Women Doubles",15371,doubles,women,213
15387,"ITF Greece F2, Men Singles",16042,singles,men,785
15389,"ITF Greece F2, Men Doubles",16042,doubles,men,785
15393,"ITF Men San Jose, Costa Rica Men Singles",No value,singles,men,785
15395,"ITF Men San Jose, Costa Rica Men Doubles",No value,doubles,men,785
15399,"Juniors French Open, Paris, France Men Singles",15397,singles,men,1474
15401,"Juniors French Open, Paris, France Men Doubles",15397,doubles,men,1474
15403,"Juniors French Open, Paris, France Women Singles",15397,singles,women,1474
15405,"Juniors French Open, Paris, France Women Doubles",15397,doubles,women,1474
15409,"Wheelchairs French Open, Paris, France Men Singles",15407,singles,men,1476
15411,"Wheelchairs French Open, Paris, France Men Doubles",15407,doubles,men,1476
15413,"Wheelchairs French Open, Paris, France Women Singles",15407,singles,women,1476
15415,"Wheelchairs French Open, Paris, France Women Doubles",15407,doubles,women,1476
15419,"Legends French Open, Paris, France Men Doubles",15417,doubles,men,1475
15421,"Legends French Open, Paris, France Women Doubles",15417,doubles,women,1475
15435,"ITF Portugal 05A, Women Singles",15433,singles,women,213
15437,"ITF Portugal 05A, Women Doubles",15433,doubles,women,213
15452,"ITF Portugal 06A, Women Singles",15450,singles,women,213
15454,"ITF Portugal 06A, Women Doubles",15450,doubles,women,213
15458,"ITF Czechia 01A, Women Singles",15456,singles,women,213
15460,"ITF Czechia 01A, Women Doubles",15456,doubles,women,213
15476,"ITF Mexico F21, Men Singles",25099,singles,men,785
15478,"ITF Mexico F21, Men Doubles",25099,doubles,men,785
15482,"ITF Romania 01A, Women Singles",15480,singles,women,213
15484,"ITF Romania 01A, Women Doubles",15480,doubles,women,213
15514,"ITF Poland F2, Men Singles",18858,singles,men,785
15516,"ITF Poland F2, Men Doubles",18858,doubles,men,785
15520,"ITF Hungary 04A, Women Singles",15518,singles,women,213
15522,"ITF Hungary 04A, Women Doubles",15518,doubles,women,213
15578,"ITF China F10, Men Singles",18920,singles,men,785
15580,"ITF China F10, Men Doubles",18920,doubles,men,785
15584,"ITF Poland F5, Men Singles",19190,singles,men,785
15586,"ITF Poland F5, Men Doubles",19190,doubles,men,785
15590,"ITF USA 20A, Women Doubles",15588,doubles,women,213
15592,"ITF USA 20A, Women Singles",15588,singles,women,213
15596,"ITF Belgium 03A, Women Singles",15594,singles,women,213
15598,"ITF Belgium 03A, Women Doubles",15594,doubles,women,213
15602,"ITF Sweden 03A, Women Singles",15600,singles,women,213
15604,"ITF Sweden 03A, Women Doubles",15600,doubles,women,213
15608,"ITF Great Britain 11A, Women Singles",15606,singles,women,213
15610,"ITF Great Britain 11A, Women Doubles",15606,doubles,women,213
15628,"ATP Challenger Jinan, China Men Singles",15626,singles,men,72
15630,"ATP Challenger Jinan, China Men Doubles",15626,doubles,men,72
15660,"Juniors Wimbledon, London, GB Women Singles",15658,singles,women,1474
15664,"Legends Wimbledon, London, GB Men Doubles",15662,doubles,men,1475
15666,"Legends Wimbledon, London, GB Women Doubles",15662,doubles,women,1475
15670,"Wheelchairs Wimbledon, London, GB Men Singles",15668,singles,men,1476
15672,"Wheelchairs Wimbledon, London, GB Men Doubles",15668,doubles,men,1476
15674,"Wheelchairs Wimbledon, London, GB Women Singles",15668,singles,women,1476
15676,"Wheelchairs Wimbledon, London, GB Women Doubles",15668,doubles,women,1476
15678,"Juniors Wimbledon, London, GB Men Singles",15658,singles,men,1474
15680,"Juniors Wimbledon, London, GB Men Doubles",15658,doubles,men,1474
15682,"Juniors Wimbledon, London, GB Women Doubles",15658,doubles,women,1474
15686,"ITF Portugal F10, Men Singles",19092,singles,men,785
15688,"ITF Portugal F10, Men Doubles",19092,doubles,men,785
15742,"ITF USA F1, Men Singles",15702,singles,men,785
15744,"ITF USA F1, Men Doubles",15702,doubles,men,785
15746,"ITF Hong Kong F6, Men Singles",15704,singles,men,785
15748,"ITF Hong Kong F6, Men Doubles",15704,doubles,men,785
15750,"ITF USA F2, Men Singles",15706,singles,men,785
15752,"ITF USA F2, Men Doubles",15706,doubles,men,785
15754,"ITF France F1, Men Singles",15708,singles,men,785
15756,"ITF France F1, Men Doubles",15708,doubles,men,785
15758,"ITF Germany F1, Men Singles",15710,singles,men,785
15760,"ITF Germany F1, Men Doubles",15710,doubles,men,785
15762,"ITF Tunisia F1, Men Singles",15712,singles,men,785
15764,"ITF Tunisia F1, Men Doubles",15712,doubles,men,785
15766,"ITF Turkey F1, Men Singles",15714,singles,men,785
15768,"ITF Turkey F1, Men Doubles",15714,doubles,men,785
15770,"ITF USA F3, Men Singles",15716,singles,men,785
15772,"ITF USA F3, Men Doubles",15716,doubles,men,785
15774,"ITF Egypt F1, Men Singles",15718,singles,men,785
15776,"ITF Egypt F1, Men Doubles",15718,doubles,men,785
15778,"ITF France F2, Men Singles",15720,singles,men,785
15780,"ITF France F2, Men Doubles",15720,doubles,men,785
15782,"ITF Germany F2, Men Singles",15722,singles,men,785
15784,"ITF Germany F2, Men Doubles",15722,doubles,men,785
15786,"ITF Spain F1, Men Singles",15724,singles,men,785
15788,"ITF Spain F1, Men Doubles",15724,doubles,men,785
15790,"ITF Tunisia F2, Men Singles",15726,singles,men,785
15792,"ITF Tunisia F2, Men Doubles",15726,doubles,men,785
15794,"ITF Turkey F2, Men Singles",15728,singles,men,785
15796,"ITF Turkey F2, Men Doubles",15728,doubles,men,785
15798,"ITF USA F4, Men Singles",15730,singles,men,785
15800,"ITF USA F4, Men Doubles",15730,doubles,men,785
15802,"ITF Germany F3, Men Singles",15732,singles,men,785
15804,"ITF Germany F3, Men Doubles",15732,doubles,men,785
15806,"ITF Kazakhstan F1, Men Singles",15734,singles,men,785
15808,"ITF Kazakhstan F1, Men Doubles",15734,doubles,men,785
15810,"ITF Egypt F2, Men Singles",15736,singles,men,785
15812,"ITF Egypt F2, Men Doubles",15736,doubles,men,785
15814,"ITF France F3, Men Singles",15738,singles,men,785
15816,"ITF France F3, Men Doubles",15738,doubles,men,785
15818,"ITF Spain F2, Men Singles",15740,singles,men,785
15820,"ITF Spain F2, Men Doubles",15740,doubles,men,785
15842,"ITF Tunisia F3, Men Singles",15838,singles,men,785
15844,"ITF Tunisia F3, Men Doubles",15838,doubles,men,785
15846,"ITF Turkey F3, Men Singles",15840,singles,men,785
15848,"ITF Turkey F3, Men Doubles",15840,doubles,men,785
15852,"ITF Belgium F4, Men Singles",19152,singles,men,785
15854,"ITF Belgium F4, Men Doubles",19152,doubles,men,785
15858,"ITF Portugal F11, Men Singles",19192,singles,men,785
15860,"ITF Portugal F11, Men Doubles",19192,doubles,men,785
15864,"ITF USA F5, Men Singles",15960,singles,men,785
15866,"ITF USA F5, Men Doubles",15960,doubles,men,785
15872,"ITF Kazakhstan F2, Men Singles",15980,singles,men,785
15874,"ITF Kazakhstan F2, Men Doubles",15980,doubles,men,785
15876,"ITF Egypt F3, Men Singles",15964,singles,men,785
15878,"ITF Egypt F3, Men Doubles",15964,doubles,men,785
15950,"ITF Portugal F1, Men Doubles",16124,doubles,men,785
15990,"ITF Turkey F4, Men Singles",15972,singles,men,785
15992,"ITF USA F6, Men Singles",15974,singles,men,785
15994,"ITF Switzerland F1, Men Singles",15886,singles,men,785
15996,"ITF Egypt F4, Men Singles",15888,singles,men,785
15998,"ITF Great Britain F2, Men Singles",15890,singles,men,785
16000,"ITF Indonesia F1, Men Singles",15892,singles,men,785
16002,"ITF Spain F4, Men Doubles",15894,doubles,men,785
16004,"ITF Tunisia F5, Men Singles",15898,singles,men,785
16006,"ITF Turkey F5, Men Singles",15900,singles,men,785
16120,"ITF Egypt F7, Men Singles",15946,singles,men,785
16126,"ITF Tunisia F8, Men Singles",15952,singles,men,785
16128,"ITF Turkey F8, Men Singles",15954,singles,men,785
16144,"ITF Great Britain F1, Men Singles",15984,singles,men,785
16146,"ITF Great Britain F1, Men Doubles",15984,doubles,men,785
16150,"ITF China F13, Men Singles",16148,singles,men,785
16152,"ITF China F13, Men Doubles",16148,doubles,men,785
16156,"ITF Czech Republic F6, Men Singles",16154,singles,men,785
16158,"ITF Czech Republic F6, Men Doubles",16154,doubles,men,785
16162,"ITF Germany F8, Men Singles",16160,singles,men,785
16164,"ITF Germany F8, Men Doubles",16160,doubles,men,785
16168,"ITF Ireland F1, Men Singles",16166,singles,men,785
16170,"ITF Ireland F1, Men Doubles",16166,doubles,men,785
16174,"ITF Spain F22, Men Singles",16172,singles,men,785
16176,"ITF Spain F22, Men Doubles",16172,doubles,men,785
16180,"ITF Turkey F26, Men Singles",16178,singles,men,785
16182,"ITF Turkey F26, Men Doubles",16178,doubles,men,785
16186,"ITF USA F24, Men Singles",16184,singles,men,785
16188,"ITF USA F24, Men Doubles",16184,doubles,men,785
16192,"ITF Austria F3, Men Singles",16190,singles,men,785
16194,"ITF Austria F3, Men Doubles",16190,doubles,men,785
16198,"ITF Belgium F5, Men Singles",16196,singles,men,785
16200,"ITF Belgium F5, Men Doubles",16196,doubles,men,785
16204,"ITF Colombia F1, Men Singles",16202,singles,men,785
16206,"ITF Colombia F1, Men Doubles",16202,doubles,men,785
16210,"ITF Egypt F21, Men Singles",16208,singles,men,785
16212,"ITF Egypt F21, Men Doubles",16208,doubles,men,785
16216,"ITF France F16, Men Singles",16214,singles,men,785
16218,"ITF France F16, Men Doubles",16214,doubles,men,785
16222,"ITF Georgia F3, Men Singles",16220,singles,men,785
16224,"ITF Georgia F3, Men Doubles",16220,doubles,men,785
16228,"ITF Italy F22, Men Singles",16226,singles,men,785
16230,"ITF Italy F22, Men Doubles",16226,doubles,men,785
16234,"ITF Lithuania F1, Men Singles",16232,singles,men,785
16236,"ITF Lithuania F1, Men Doubles",16232,doubles,men,785
16240,"ITF Morocco F1, Men Singles",16238,singles,men,785
16242,"ITF Morocco F1, Men Doubles",16238,doubles,men,785
16246,"ITF Poland F6, Men Singles",16244,singles,men,785
16248,"ITF Poland F6, Men Doubles",16244,doubles,men,785
16252,"ITF Portugal F12, Men Singles",16250,singles,men,785
16254,"ITF Portugal F12, Men Doubles",16250,doubles,men,785
16256,"ITF Spain F3, Men Singles",15986,singles,men,785
16258,"ITF Spain F3, Men Doubles",15986,doubles,men,785
16260,"ITF Tunisia F4, Men Singles",15970,singles,men,785
16262,"ITF Tunisia F4, Men Doubles",15970,doubles,men,785
16266,"ITF Kazakhstan 05A, Women Singles",16264,singles,women,213
16268,"ITF Kazakhstan 05A, Women Doubles",16264,doubles,women,213
16272,"ITF Czech Republic 03A, Women Singles",16270,singles,women,213
16274,"ITF Czech Republic 03A, Women Doubles",16270,doubles,women,213
16278,"ITF Turkey 28A, Women Singles",16276,singles,women,213
16280,"ITF Turkey 28A, Women Doubles",16276,doubles,women,213
16284,"ITF USA 22A, Women Singles",16282,singles,women,213
16286,"ITF USA 22A, Women Doubles",16282,doubles,women,213
16290,"ITF Canada 05A, Women Singles",16288,singles,women,213
16292,"ITF Canada 05A, Women Doubles",16288,doubles,women,213
16296,"ITF China 14A, Women Singles",16294,singles,women,213
16298,"ITF China 14A, Women Doubles",16294,doubles,women,213
16302,"ITF Germany 10A, Women Singles",16300,singles,women,213
16304,"ITF Germany 10A, Women Doubles",16300,doubles,women,213
16308,"ITF Italy 19A, Women Singles",16306,singles,women,213
16310,"ITF Italy 19A, Women Doubles",16306,doubles,women,213
16314,"ITF Belgium 01A, Women Singles",16312,singles,women,213
16316,"ITF Belgium 01A, Women Doubles",16312,doubles,women,213
16320,"ITF Egypt 21A, Women Singles",16318,singles,women,213
16322,"ITF Egypt 21A, Women Doubles",16318,doubles,women,213
16326,"ITF Romania 05A, Women Singles",16324,singles,women,213
16328,"ITF Romania 05A, Women Doubles",16324,doubles,women,213
16332,"ITF Spain 11A, Women Singles",16330,singles,women,213
16334,"ITF Spain 11A, Women Doubles",16330,doubles,women,213
16338,"ITF Thailand 05A, Women Singles",16336,singles,women,213
16340,"ITF Thailand 05A, Women Doubles",16336,doubles,women,213
16454,"ITF China F14, Men Singles",16416,singles,men,785
16456,"ITF China F14, Men Doubles",16416,doubles,men,785
16458,"ITF France F17, Men Singles",16418,singles,men,785
16460,"ITF France F17, Men Doubles",16418,doubles,men,785
16462,"ITF Ireland F2, Men Singles",16420,singles,men,785
16464,"ITF Ireland F2, Men Doubles",16420,doubles,men,785
16466,"ITF Italy F23, Men Singles",16422,singles,men,785
16468,"ITF Italy F23, Men Doubles",16422,doubles,men,785
16470,"ITF Spain F23, Men Singles",16424,singles,men,785
16472,"ITF Spain F23, Men Doubles",16424,doubles,men,785
16474,"ITF USA F25, Men Singles",16426,singles,men,785
16476,"ITF USA F25, Men Doubles",16426,doubles,men,785
16478,"ITF Austria F4, Men Singles",16428,singles,men,785
16480,"ITF Austria F4, Men Doubles",16428,doubles,men,785
16482,"ITF Belgium F6, Men Singles",16430,singles,men,785
16484,"ITF Belgium F6, Men Doubles",16430,doubles,men,785
16486,"ITF Colombia F2, Men Singles",16432,singles,men,785
16488,"ITF Colombia F2, Men Doubles",16432,doubles,men,785
16490,"ITF Egypt F22, Men Singles",16434,singles,men,785
16492,"ITF Egypt F22, Men Doubles",16434,doubles,men,785
16494,"ITF Estonia F1, Men Singles",16436,singles,men,785
16496,"ITF Estonia F1, Men Doubles",16436,doubles,men,785
16498,"ITF Macedonia F1, Men Singles",16438,singles,men,785
16500,"ITF Macedonia F1, Men Doubles",16438,doubles,men,785
16502,"ITF Morocco F2, Men Singles",16440,singles,men,785
16504,"ITF Morocco F2, Men Doubles",16440,doubles,men,785
16506,"ITF Poland F7, Men Singles",16442,singles,men,785
16508,"ITF Poland F7, Men Doubles",16442,doubles,men,785
16510,"ITF Portugal F13, Men Singles",16444,singles,men,785
16512,"ITF Portugal F13, Men Doubles",16444,doubles,men,785
16514,"ITF Romania F7, Men Singles",16446,singles,men,785
16516,"ITF Romania F7, Men Doubles",16446,doubles,men,785
16518,"ITF Russia F4, Men Singles",16448,singles,men,785
16520,"ITF Russia F4, Men Doubles",16448,doubles,men,785
16522,"ITF Slovakia F1, Men Singles",16450,singles,men,785
16524,"ITF Slovakia F1, Men Doubles",16450,doubles,men,785
16526,"ITF Turkiye F27, Men Singles",16452,singles,men,785
16528,"ITF Turkiye F27, Men Doubles",16452,doubles,men,785
16566,"ITF Czechia 04A, Women Singles",16536,singles,women,213
16568,"ITF Czechia 04A, Women Doubles",16536,doubles,women,213
16570,"ITF Canada 06A, Women Singles",16538,singles,women,213
16572,"ITF Canada 06A, Women Doubles",16538,doubles,women,213
16574,"ITF USA 26A, Women Singles",16540,singles,women,213
16576,"ITF USA 26A, Women Doubles",16540,doubles,women,213
16578,"ITF Germany 11A, Women Singles",16542,singles,women,213
16580,"ITF Germany 11A, Women Doubles",16542,doubles,women,213
16582,"ITF Thailand 06A, Women Singles",16544,singles,women,213
16584,"ITF Thailand 06A, Women Doubles",16544,doubles,women,213
16586,"ITF Brazil 07A, Women Singles",16546,singles,women,213
16588,"ITF Brazil 07A, Women Doubles",16546,doubles,women,213
16590,"ITF Egypt 22A, Women Singles",16548,singles,women,213
16592,"ITF Egypt 22A, Women Doubles",16548,doubles,women,213
16594,"ITF Estonia 01A, Women Singles",16550,singles,women,213
16596,"ITF Estonia 01A, Women Doubles",16550,doubles,women,213
16598,"ITF Finland 01A, Women Singles",16552,singles,women,213
16600,"ITF Finland 01A, Women Doubles",16552,doubles,women,213
16602,"ITF France 20A, Women Singles",16554,singles,women,213
16604,"ITF France 20A, Women Doubles",16554,doubles,women,213
16610,"ITF Ireland 01A, Women Singles",16558,singles,women,213
16612,"ITF Ireland 01A, Women Doubles",16558,doubles,women,213
16614,"ITF Italy 20A, Women Singles",16560,singles,women,213
16616,"ITF Italy 20A, Women Doubles",16560,doubles,women,213
16618,"ITF Romania 06A, Women Singles",16562,singles,women,213
16620,"ITF Romania 06A, Women Doubles",16562,doubles,women,213
16622,"ITF USA 27A, Women Singles",16564,singles,women,213
16624,"ITF USA 27A, Women Doubles",16564,doubles,women,213
16640,"ITF Turkey F4, Men Doubles",15972,doubles,men,785
16644,"ITF Egypt F4, Men Doubles",15888,doubles,men,785
16646,"ITF Great Britain F2, Men Doubles",15890,doubles,men,785
16648,"ITF Indonesia F1, Men Doubles",15892,doubles,men,785
16656,"ITF Latvia F1, Men Singles",16692,singles,men,785
16658,"ITF Latvia F1, Men Doubles",16692,doubles,men,785
16662,"ITF Ukraine 01A, Women Singles",16726,singles,women,213
16664,"ITF Ukraine 01A, Women Doubles",16726,doubles,women,213
16742,"ITF Portugal F14, Men Singles",16670,singles,men,785
16744,"ITF Portugal F14, Men Doubles",16670,doubles,men,785
16746,"ITF Romania F8, Men Doubles",16672,doubles,men,785
16748,"ITF Romania F8, Men Singles",16672,singles,men,785
16750,"ITF Turkiye F28, Men Singles",16674,singles,men,785
16752,"ITF Turkiye F28, Men Doubles",16674,doubles,men,785
16754,"ITF USA F26, Men Doubles",16676,doubles,men,785
16756,"ITF USA F26, Men Singles",16676,singles,men,785
16758,"ITF Austria F5, Men Singles",16678,singles,men,785
16760,"ITF Austria F5, Men Doubles",16678,doubles,men,785
16762,"ITF Belgium F7, Men Doubles",16680,doubles,men,785
16764,"ITF Belgium F7, Men Singles",16680,singles,men,785
16766,"ITF Colombia F3, Men Singles",16682,singles,men,785
16768,"ITF Colombia F3, Men Doubles",16682,doubles,men,785
16770,"ITF Egypt F23, Men Singles",16684,singles,men,785
16772,"ITF Egypt F23, Men Doubles",16684,doubles,men,785
16774,"ITF Macedonia F2, Men Doubles",16688,doubles,men,785
16776,"ITF Macedonia F2, Men Singles",16688,singles,men,785
16778,"ITF Germany F9, Men Singles",16690,singles,men,785
16780,"ITF Germany F9, Men Doubles",16690,doubles,men,785
16782,"ITF Morocco F3, Men Singles",16694,singles,men,785
16784,"ITF Morocco F3, Men Doubles",16694,doubles,men,785
16786,"ITF Poland F8, Men Singles",16696,singles,men,785
16788,"ITF Poland F8, Men Doubles",16696,doubles,men,785
16790,"ITF Russia F5, Men Singles",16698,singles,men,785
16792,"ITF Russia F5, Men Doubles",16698,doubles,men,785
16794,"ITF Slovakia F2, Men Doubles",16700,doubles,men,785
16796,"ITF Slovakia F2, Men Singles",16700,singles,men,785
16798,"ITF Thailand F4, Men Singles",16702,singles,men,785
16800,"ITF Thailand F4, Men Doubles",16702,doubles,men,785
16802,"ITF USA 23A, Women Singles",16704,singles,women,213
16804,"ITF USA 23A, Women Doubles",16704,doubles,women,213
16806,"ITF Germany 12A, Women Singles",16706,singles,women,213
16808,"ITF Germany 12A, Women Doubles",16706,doubles,women,213
16810,"ITF Great Britain 12A, Women Singles",16708,singles,women,213
16812,"ITF Great Britain 12A, Women Doubles",16708,doubles,women,213
16814,"ITF Spain 14A, Women Singles",16710,singles,women,213
16816,"ITF Spain 14A, Women Doubles",16710,doubles,women,213
16818,"ITF USA 24A, Women Singles",16712,singles,women,213
16820,"ITF USA 24A, Women Doubles",16712,doubles,women,213
16822,"ITF Egypt 23A, Women Singles",16714,singles,women,213
16824,"ITF Egypt 23A, Women Doubles",16714,doubles,women,213
16826,"ITF Finland 02A, Women Doubles",16716,doubles,women,213
16828,"ITF Finland 02A, Women Singles",16716,singles,women,213
16830,"ITF Romania 07A, Women Singles",16720,singles,women,213
16832,"ITF Romania 07A, Women Doubles",16720,doubles,women,213
16834,"ITF Thailand 10A, Women Singles",16722,singles,women,213
16836,"ITF Thailand 10A, Women Doubles",16722,doubles,women,213
16838,"ITF Turkiye 27A, Women Doubles",16724,doubles,women,213
16840,"ITF Turkiye 27A, Women Singles",16724,singles,women,213
16852,"ITF Spain F4, Men Singles",15894,singles,men,785
16854,"ITF Tunisia F5, Men Doubles",15898,doubles,men,785
16856,"ITF Turkey F5, Men Doubles",15900,doubles,men,785
16858,"ITF China F1, Men Singles",15904,singles,men,785
16860,"ITF China F1, Men Doubles",15904,doubles,men,785
16862,"ITF Egypt F5, Men Singles",15906,singles,men,785
16864,"ITF Egypt F5, Men Doubles",15906,doubles,men,785
16866,"ITF Great Britain F3, Men Singles",15908,singles,men,785
16868,"ITF Great Britain F3, Men Doubles",15908,doubles,men,785
16870,"ITF India F1, Men Singles",15910,singles,men,785
16872,"ITF India F1, Men Doubles",15910,doubles,men,785
16874,"ITF Spain F5, Men Singles",15914,singles,men,785
16876,"ITF Spain F5, Men Doubles",15914,doubles,men,785
16878,"ITF Tunisia F6, Men Singles",15916,singles,men,785
16880,"ITF Tunisia F6, Men Doubles",15916,doubles,men,785
16886,"ITF Portugal 09A, Women Doubles",16884,doubles,women,213
16888,"ITF Portugal 09A, Women Singles",16884,singles,women,213
16896,"ITF Portugal 07A, Women Singles",16894,singles,women,213
16900,"ITF Poland 03A, Women Singles",17038,singles,women,213
16902,"ITF Poland 03A, Women Doubles",17038,doubles,women,213
16922,"ITF Italy F25, Men Singles",16920,singles,men,785
16924,"ITF Italy F25, Men Doubles",16920,doubles,men,785
16928,"ITF USA F27, Men Singles",16926,singles,men,785
16930,"ITF USA F27, Men Doubles",16926,doubles,men,785
16934,"ITF Germany 07A, Women Singles",16932,singles,women,213
16936,"ITF Germany 07A, Women Doubles",16932,doubles,women,213
16940,"ITF Austria F6, Men Singles",16938,singles,men,785
16942,"ITF Austria F6, Men Doubles",16938,doubles,men,785
16946,"ITF Belarus F1, Men Singles",16944,singles,men,785
16948,"ITF Belarus F1, Men Doubles",16944,doubles,men,785
16952,"ITF Belgium F8, Men Singles",16950,singles,men,785
16954,"ITF Belgium F8, Men Doubles",16950,doubles,men,785
16958,"ITF Finland F2, Men Singles",16956,singles,men,785
16960,"ITF Finland F2, Men Doubles",16956,doubles,men,785
16964,"ITF Germany F10, Men Singles",16962,singles,men,785
16966,"ITF Germany F10, Men Doubles",16962,doubles,men,785
16970,"ITF Portugal F15, Men Singles",16968,singles,men,785
16972,"ITF Portugal F15, Men Doubles",16968,doubles,men,785
16976,"ITF Romania F9, Men Singles",16974,singles,men,785
16978,"ITF Romania F9, Men Doubles",16976,doubles,men,785
16982,"ITF Russia F6, Men Singles",16980,singles,men,785
16984,"ITF Russia F6, Men Doubles",16980,doubles,men,785
16988,"ITF Serbia F1, Men Singles",16986,singles,men,785
16990,"ITF Serbia F1, Men Doubles",16986,doubles,men,785
16994,"ITF Slovakia F3, Men Singles",16992,singles,men,785
16996,"ITF Slovakia F3, Men Doubles",16992,doubles,men,785
17000,"ITF Thailand F5, Men Singles",16998,singles,men,785
17002,"ITF Thailand F5, Men Doubles",16998,doubles,men,785
17006,"ITF Turkiye F29, Men Singles",17004,singles,men,785
17008,"ITF Turkiye F29, Men Doubles",17004,doubles,men,785
17012,"ITF Belgium 04A, Women Singles",17010,singles,women,213
17014,"ITF Belgium 04A, Women Doubles",17010,doubles,women,213
17018,"ITF Great Britain 13A, Women Singles",17016,singles,women,213
17020,"ITF Great Britain 13A, Women Doubles",17016,doubles,women,213
17024,"ITF USA 25A, Women Singles",17022,singles,women,213
17026,"ITF USA 25A, Women Doubles",17022,doubles,women,213
17032,"ITF Austria 01A, Women Singles",17030,singles,women,213
17034,"ITF Austria 01A, Women Doubles",17030,doubles,women,213
17044,"ITF Romania 08A, Women Singles",17040,singles,women,213
17046,"ITF Romania 08A, Women Doubles",17040,doubles,women,213
17048,"ITF Russia 05A, Women Singles",17042,singles,women,213
17050,"ITF Russia 05A, Women Doubles",17042,doubles,women,213
17054,"ITF Spain 12A, Women Singles",17052,singles,women,213
17056,"ITF Spain 12A, Women Doubles",17052,doubles,women,213
17060,"ITF Thailand 11A, Women Doubles",17058,doubles,women,213
17062,"ITF Thailand 11A, Women Singles",17058,singles,women,213
17066,"ITF Turkey 28B, Women Singles",17064,singles,women,213
17068,"ITF Turkey 28B, Women Doubles",17064,doubles,women,213
17074,"ITF Turkey F6, Men Singles",15918,singles,men,785
17076,"ITF Turkey F6, Men Doubles",15918,doubles,men,785
17078,"ITF USA F7, Men Singles",15920,singles,men,785
17080,"ITF USA F7, Men Doubles",15920,doubles,men,785
17082,"ITF China F2, Men Singles",15922,singles,men,785
17084,"ITF China F2, Men Doubles",15922,doubles,men,785
17086,"ITF Tunisia F7, Men Singles",15932,singles,men,785
17088,"ITF Tunisia F7, Men Doubles",15932,doubles,men,785
17090,"ITF Egypt F6, Men Singles",15924,singles,men,785
17092,"ITF Egypt F6, Men Doubles",15924,doubles,men,785
17094,"ITF Turkey F7, Men Singles",15934,singles,men,785
17096,"ITF Turkey F7, Men Doubles",15934,doubles,men,785
17098,"ITF USA F8, Men Singles",15936,singles,men,785
17100,"ITF USA F8, Men Doubles",15936,doubles,men,785
17102,"ITF Indonesia F3, Men Singles",15928,singles,men,785
17104,"ITF Indonesia F3, Men Doubles",15928,doubles,men,785
17108,"ITF Canada F1, Men Singles",15938,singles,men,785
17110,"ITF Canada F1, Men Doubles",15938,doubles,men,785
17112,"ITF France F4, Men Singles",15940,singles,men,785
17114,"ITF France F4, Men Doubles",15940,doubles,men,785
17116,"ITF Italy F2, Men Singles",15942,singles,men,785
17118,"ITF Italy F2, Men Doubles",15942,doubles,men,785
17120,"ITF China F3, Men Singles",15944,singles,men,785
17122,"ITF China F3, Men Doubles",15944,doubles,men,785
17124,"ITF Egypt F7, Men Doubles",15946,doubles,men,785
17126,"ITF Portugal F1, Men Singles",16124,singles,men,785
17128,"ITF Tunisia F8, Men Doubles",15952,doubles,men,785
17130,"ITF Turkey F8, Men Doubles",15954,doubles,men,785
17142,"ITF Portugal F16, Men Singles",17206,singles,men,785
17144,"ITF Portugal F16, Men Doubles",17206,doubles,men,785
17148,"ITF Italy 22A, Women Singles",17278,singles,women,213
17150,"ITF Italy 22A, Women Doubles",17278,doubles,women,213
17152,"ITF Spain 07B, Women Singles",17146,singles,women,213
17154,"ITF Poland 04A, Women Singles",17286,singles,women,213
17156,"ITF Poland 04A, Women Doubles",17286,doubles,women,213
17158,"ITF Spain 07B, Women Doubles",17146,doubles,women,213
17168,"ITF USA F6, Men Doubles",15974,doubles,men,785
17172,"ITF Poland F9, Men Singles",17170,singles,men,785
17174,"ITF Poland F9, Men Doubles",17170,doubles,men,785
17178,"ITF Belarus F2, Men Singles",17176,singles,men,785
17180,"ITF Belarus F2, Men Doubles",17176,doubles,men,785
17184,"ITF Belgium F9, Men Singles",17182,singles,men,785
17186,"ITF Belgium F9, Men Doubles",17182,doubles,men,785
17190,"ITF Finland F3, Men Singles",17188,singles,men,785
17192,"ITF Finland F3, Men Doubles",17188,doubles,men,785
17196,"ITF Germany F11, Men Singles",17194,singles,men,785
17198,"ITF Germany F11, Men Doubles",17194,doubles,men,785
17202,"ITF Netherlands F5, Men Singles",17200,singles,men,785
17204,"ITF Netherlands F5, Men Doubles",17200,doubles,men,785
17210,"ITF Romania F10, Men Singles",17208,singles,men,785
17212,"ITF Romania F10, Men Doubles",17208,doubles,men,785
17216,"ITF Russia F7, Men Singles",17214,singles,men,785
17218,"ITF Russia F7, Men Doubles",17214,doubles,men,785
17222,"ITF Serbia F2, Men Singles",17220,singles,men,785
17224,"ITF Serbia F2, Men Doubles",17220,doubles,men,785
17228,"ITF Spain F25, Men Singles",17226,singles,men,785
17230,"ITF Spain F25, Men Doubles",17226,doubles,men,785
17234,"ITF Canada 01A, Women Singles",17232,singles,women,213
17236,"ITF Canada 01A, Women Doubles",17232,doubles,women,213
17242,"ITF Germany 13A, Women Singles",17238,singles,women,213
17244,"ITF Germany 13A, Women Doubles",17238,doubles,women,213
17248,"ITF Switzerland 03A, Women Singles",17246,singles,women,213
17250,"ITF Switzerland 03A, Women Doubles",17246,doubles,women,213
17254,"ITF Thailand 12A, Women Singles",17252,singles,women,213
17256,"ITF Thailand 12A, Women Doubles",17252,doubles,women,213
17260,"ITF Austria 02A, Women Singles",17258,singles,women,213
17262,"ITF Austria 02A, Women Doubles",17258,doubles,women,213
17264,"ITF Thailand F6, Men Singles",15978,singles,men,785
17266,"ITF Thailand F6, Men Doubles",15978,doubles,men,785
17272,"ITF Turkey F30, Men Singles",17270,singles,men,785
17274,"ITF Turkey F30, Men Doubles",17270,doubles,men,785
17282,"ITF Netherlands 04A, Women Singles",17280,singles,women,213
17284,"ITF Netherlands 04A, Women Doubles",17280,doubles,women,213
17292,"ITF Russia 06A, Women Singles",17290,singles,women,213
17294,"ITF Russia 06A, Women Doubles",17290,doubles,women,213
17298,"ITF Spain 13A, Women Singles",17296,singles,women,213
17300,"ITF Spain 13A, Women Doubles",17296,doubles,women,213
17306,"ITF Australia F1, Men Singles",16008,singles,men,785
17308,"ITF Australia F1, Men Doubles",16008,doubles,men,785
17310,"ITF Canada F2, Men Singles",16010,singles,men,785
17312,"ITF Canada F2, Men Doubles",16010,doubles,men,785
17316,"ITF Croatia F1, Men Singles",16012,singles,men,785
17318,"ITF Croatia F1, Men Doubles",16012,doubles,men,785
17320,"ITF Egypt F8, Men Singles",16014,singles,men,785
17322,"ITF Egypt F8, Men Doubles",16014,doubles,men,785
17326,"ITF France F5, Men Singles",16016,singles,men,785
17328,"ITF France F5, Men Doubles",16016,doubles,men,785
17336,"ITF Japan F1, Men Singles",16024,singles,men,785
17338,"ITF Japan F1, Men Doubles",16024,doubles,men,785
17348,"ITF Belgium F10, Men Singles",17484,singles,men,785
17350,"ITF Belgium F10, Men Doubles",17484,doubles,men,785
17354,"ITF Italy F26, Men Singles",17494,singles,men,785
17356,"ITF Italy F26, Men Doubles",17494,doubles,men,785
17360,"ITF Portugal F17, Men Singles",17512,singles,men,785
17362,"ITF Portugal F17, Men Doubles",17512,doubles,men,785
17366,"ITF Romania F11, Men Singles",17514,singles,men,785
17368,"ITF Romania F11, Men Doubles",17514,doubles,men,785
17372,"ITF Switzerland F4, Men Singles",17516,singles,men,785
17374,"ITF Switzerland F4, Men Doubles",17516,doubles,men,785
17378,"ITF Turkiye 30A, Women Singles",17518,singles,women,213
17380,"ITF Turkiye 30A, Women Doubles",17518,doubles,women,213
17382,"ITF Poland 05A, Women Singles",17556,singles,women,213
17384,"ITF Poland 05A, Women Doubles",17556,doubles,women,213
17390,ITF Turkey F12 Men Singles,16110,singles,men,785
17392,ITF Turkey F12 Men Doubles,16110,doubles,men,785
17394,ITF Tunisia F12 Men Doubles,16108,doubles,men,785
17396,ITF Tunisia F12 Men Singles,16108,singles,men,785
17398,"ITF Portugal F4, Men Singles",16106,singles,men,785
17400,"ITF Portugal F4, Men Doubles",16106,doubles,men,785
17402,"ITF Japan F4, Men Singles",16104,singles,men,785
17404,"ITF Japan F4, Men Doubles",16104,doubles,men,785
17406,"ITF Israel F3, Men Singles",16102,singles,men,785
17408,"ITF Israel F3, Men Doubles",16102,doubles,men,785
17410,"ITF Indonesia F4, Men Singles",16100,singles,men,785
17412,"ITF Indonesia F4, Men Doubles",16100,doubles,men,785
17414,"ITF Greece F4, Men Singles",16098,singles,men,785
17416,"ITF Greece F4, Men Doubles",16098,doubles,men,785
17418,"ITF Egypt F11, Men Singles",16096,singles,men,785
17420,"ITF Egypt F11, Men Doubles",16096,doubles,men,785
17422,"ITF Bahrain F2, Men Singles",16092,singles,men,785
17424,"ITF Bahrain F2, Men Doubles",16092,doubles,men,785
17426,"ITF Spain F9, Men Singles",16090,singles,men,785
17428,"ITF Spain F9, Men Doubles",16090,doubles,men,785
17430,"ITF Italy F6, Men Singles",16088,singles,men,785
17432,"ITF Italy F6, Men Doubles",16088,doubles,men,785
17434,"ITF Turkey F11, Men Singles",16086,singles,men,785
17436,"ITF Turkey F11, Men Doubles",16086,doubles,men,785
17438,"ITF Tunisia F11, Men Singles",16084,singles,men,785
17440,"ITF Tunisia F11, Men Doubles",16084,doubles,men,785
17442,"ITF Spain F8, Men Singles",16082,singles,men,785
17444,"ITF Spain F8, Men Doubles",16082,doubles,men,785
17446,"ITF Japan F3, Men Singles",16080,singles,men,785
17448,"ITF Japan F3, Men Doubles",16080,doubles,men,785
17450,"ITF Israel F2, Men Singles",16078,singles,men,785
17452,"ITF Israel F2, Men Doubles",16078,doubles,men,785
17456,"ITF Poland F10, Men Singles",17454,singles,men,785
17458,"ITF Poland F10, Men Doubles",17454,doubles,men,785
17462,"ITF Spain F26, Men Singles",17460,singles,men,785
17464,"ITF Spain F26, Men Doubles",17460,doubles,men,785
17468,"ITF Turkey F31, Men Singles",17466,singles,men,785
17470,"ITF Turkey F31, Men Doubles",17466,doubles,men,785
17474,"ITF Argentina F4, Men Singles",17472,singles,men,785
17476,"ITF Argentina F4, Men Doubles",17472,doubles,men,785
17480,"ITF Belarus F3, Men Singles",17478,singles,men,785
17482,"ITF Belarus F3, Men Doubles",17478,doubles,men,785
17488,"ITF Germany F12, Men Singles",17486,singles,men,785
17490,"ITF Germany F12, Men Doubles",17486,doubles,men,785
17500,"ITF Netherlands F6, Men Singles",17498,singles,men,785
17502,"ITF Netherlands F6, Men Doubles",17498,doubles,men,785
17508,"ITF Serbia F3, Men Singles",17506,singles,men,785
17510,"ITF Serbia F3, Men Doubles",17506,doubles,men,785
17522,"ITF Germany 14A, Women Singles",17520,singles,women,213
17524,"ITF Germany 14A, Women Doubles",17520,doubles,women,213
17528,"ITF Hungary 06A, Women Singles",17526,singles,women,213
17530,"ITF Hungary 06A, Women Doubles",17526,doubles,women,213
17534,"ITF Japan 09A, Women Singles",17532,singles,women,213
17536,"ITF Japan 09A, Women Doubles",17532,doubles,women,213
17540,"ITF Belgium 05A, Women Singles",17538,singles,women,213
17542,"ITF Belgium 05A, Women Doubles",17538,doubles,women,213
17546,"ITF Italy 23A, Women Singles",17544,singles,women,213
17548,"ITF Italy 23A, Women Doubles",17544,doubles,women,213
17552,"ITF Netherlands 05A, Women Singles",17550,singles,women,213
17554,"ITF Netherlands 05A, Women Doubles",17550,doubles,women,213
17560,"ITF Romania 09A, Women Singles",17558,singles,women,213
17562,"ITF Romania 09A, Women Doubles",17558,doubles,women,213
17566,"ITF Serbia 04A, Women Singles",17564,singles,women,213
17568,"ITF Serbia 04A, Women Doubles",17564,doubles,women,213
17572,"ITF Switzerland 04A, Women Singles",17570,singles,women,213
17574,"ITF Switzerland 04A, Women Doubles",17570,doubles,women,213
17576,"ITF Greece F3, Men Singles",16074,singles,men,785
17578,"ITF Greece F3, Men Doubles",16074,doubles,men,785
17580,"ITF Egypt F10, Men Singles",16070,singles,men,785
17582,"ITF Egypt F10, Men Doubles",16070,doubles,men,785
17584,"ITF Croatia F3, Men Singles",16068,singles,men,785
17586,"ITF Croatia F3, Men Doubles",16068,doubles,men,785
17588,"ITF Bahrain F1, Men Singles",16066,singles,men,785
17590,"ITF Bahrain F1, Men Doubles",16066,doubles,men,785
17592,"ITF USA F11, Men Singles",16064,singles,men,785
17594,"ITF USA F11, Men Doubles",16064,doubles,men,785
17596,"ITF Italy F5, Men Singles",16062,singles,men,785
17598,"ITF Italy F5, Men Doubles",16062,doubles,men,785
17600,"ITF Australia F3, Men Singles",16060,singles,men,785
17602,"ITF Australia F3, Men Doubles",16060,doubles,men,785
17604,"ITF Turkey F10, Men Singles",16058,singles,men,785
17606,"ITF Turkey F10, Men Doubles",16058,doubles,men,785
17608,"ITF Tunisia F10, Men Singles",16056,singles,men,785
17610,"ITF Tunisia F10, Men Doubles",16056,doubles,men,785
17612,"ITF Japan F2, Men Singles",16050,singles,men,785
17614,"ITF Japan F2, Men Doubles",16050,doubles,men,785
17616,"ITF Italy F4, Men Singles",16048,singles,men,785
17618,"ITF Italy F4, Men Doubles",16048,doubles,men,785
17620,"ITF Israel F1, Men Singles",16046,singles,men,785
17622,"ITF Israel F1, Men Doubles",16046,doubles,men,785
17624,"ITF India F5, Men Singles",16044,singles,men,785
17626,"ITF India F5, Men Doubles",16044,doubles,men,785
17628,"ITF Portugal F2, Men Doubles",16026,doubles,men,785
17630,"ITF Portugal F2, Men Singles",16026,singles,men,785
17632,"ITF Tunisia F9, Men Singles",16028,singles,men,785
17634,"ITF Tunisia F9, Men Doubles",16028,doubles,men,785
17636,"ITF France F6, Men Singles",16040,singles,men,785
17638,"ITF France F6, Men Doubles",16040,doubles,men,785
17640,"ITF Egypt F9, Men Singles",16038,singles,men,785
17642,"ITF Egypt F9, Men Doubles",16038,doubles,men,785
17644,"ITF Turkey F9, Men Singles",16030,singles,men,785
17646,"ITF Turkey F9, Men Doubles",16030,doubles,men,785
17648,"ITF Croatia F2, Men Singles",16036,singles,men,785
17650,"ITF Croatia F2, Men Doubles",16036,doubles,men,785
17652,"ITF USA F10, Men Singles",16034,singles,men,785
17654,"ITF USA F10, Men Doubles",16034,doubles,men,785
17658,"ITF China F4, Men Singles",17656,singles,men,785
17660,"ITF China F4, Men Doubles",17656,doubles,men,785
17664,"ITF USA F15, Men Singles",17662,singles,men,785
17668,"ITF Italy F7, Men Singles",17666,singles,men,785
17670,"ITF USA F15, Men Doubles",17662,doubles,men,785
17672,"ITF Italy F7, Men Doubles",17666,doubles,men,785
17676,"ITF Spain F10, Men Singles",17674,singles,men,785
17678,"ITF Spain F10, Men Doubles",17674,doubles,men,785
17684,"ITF Egypt F12, Men Singles",17682,singles,men,785
17686,"ITF Egypt F12, Men Doubles",17682,doubles,men,785
17688,"ITF Turkey F16, Men Singles",17680,singles,men,785
17690,"ITF Turkey F16, Men Doubles",17680,doubles,men,785
17696,"ITF Tunisia F16, Men Doubles",17694,doubles,men,785
17698,"ITF Tunisia F16, Men Singles",17694,singles,men,785
17702,"ITF Greece F5, Men Singles",17700,singles,men,785
17704,"ITF Greece F5, Men Doubles",17700,doubles,men,785
17708,"ITF Indonesia F5, Men Singles",17706,singles,men,785
17712,"ITF Indonesia F5, Men Doubles",17706,doubles,men,785
17714,"ITF Spain F11, Men Singles",17710,singles,men,785
17716,"ITF Spain F11, Men Doubles",17710,doubles,men,785
17720,"ITF Japan F5, Men Singles",17718,singles,men,785
17722,"ITF Japan F5, Men Doubles",17718,doubles,men,785
17726,"ITF Portugal F5, Men Singles",17724,singles,men,785
17728,"ITF Portugal F5, Men Doubles",17724,doubles,men,785
17732,"ITF Kazakhstan F5, Men Singles",17730,singles,men,785
17734,"ITF Kazakhstan F5, Men Doubles",17730,doubles,men,785
17738,"ITF Qatar F1, Men Singles",17736,singles,men,785
17740,"ITF Qatar F1, Men Doubles",17736,doubles,men,785
17744,"ITF Israel F4, Men Singles",17742,singles,men,785
17746,"ITF Israel F4, Men Doubles",17742,doubles,men,785
17750,"ITF Tunisia F13, Men Singles",17748,singles,men,785
17752,"ITF Tunisia F13, Men Doubles",17748,doubles,men,785
17756,"ITF Egypt F15, Men Singles",17754,singles,men,785
17758,"ITF Egypt F15, Men Doubles",17754,doubles,men,785
17762,"ITF Turkey F13, Men Singles",17760,singles,men,785
17764,"ITF Turkey F13, Men Doubles",17760,doubles,men,785
17770,"ITF Uzbekistan F2, Men Singles",17766,singles,men,785
17772,"ITF Uzbekistan F2, Men Doubles",17766,doubles,men,785
17776,"ITF USA F13, Men Singles",17774,singles,men,785
17778,"ITF USA F13, Men Doubles",17774,doubles,men,785
17782,"ITF Italy F10, Men Singles",17780,singles,men,785
17784,"ITF Italy F10, Men Doubles",17780,doubles,men,785
17800,"ITF Egypt F13, Men Singles",17798,singles,men,785
17802,"ITF Egypt F13, Men Doubles",17798,doubles,men,785
17806,"ITF Indonesia F6, Men Singles",17804,singles,men,785
17808,"ITF Indonesia F6, Men Doubles",17804,doubles,men,785
17812,"ITF Italy F8, Men Singles",17810,singles,men,785
17814,"ITF Italy F8, Men Doubles",17810,doubles,men,785
17818,"ITF Kazakhstan F3, Men Singles",17816,singles,men,785
17820,"ITF Kazakhstan F3, Men Doubles",17816,doubles,men,785
17824,"ITF Portugal F6, Men Singles",17822,singles,men,785
17826,"ITF Portugal F6, Men Doubles",17822,doubles,men,785
17830,"ITF Qatar F2, Men Singles",17828,singles,men,785
17832,"ITF Qatar F2, Men Doubles",17828,doubles,men,785
17836,"ITF Tunisia F14, Men Singles",17834,singles,men,785
17838,"ITF Tunisia F14, Men Doubles",17834,doubles,men,785
17842,"ITF Turkey F14, Men Singles",17840,singles,men,785
17844,"ITF Turkey F14, Men Doubles",17840,doubles,men,785
17848,"ITF Italy F9, Men Singles",17846,singles,men,785
17850,"ITF Italy F9, Men Doubles",17846,doubles,men,785
17854,"ITF Uzbekistan F1, Men Singles",17852,singles,men,785
17856,"ITF Uzbekistan F1, Men Doubles",17852,doubles,men,785
17860,"ITF Egypt F14, Men Singles",17858,singles,men,785
17862,"ITF Egypt F14, Men Doubles",17858,doubles,men,785
17866,"ITF France F8, Men Singles",17864,singles,men,785
17868,"ITF France F8, Men Doubles",17864,doubles,men,785
17872,"ITF Kazakhstan F4, Men Singles",17870,singles,men,785
17874,"ITF Kazakhstan F4, Men Doubles",17870,doubles,men,785
17880,"ITF Qatar F3, Men Singles",17878,singles,men,785
17882,"ITF Qatar F3, Men Doubles",17878,doubles,men,785
17886,"ITF Tunisia F15, Men Singles",17884,singles,men,785
17888,"ITF Tunisia F15, Men Doubles",17884,doubles,men,785
17892,"ITF Turkey F15, Men Singles",17890,singles,men,785
17894,"ITF Turkey F15, Men Doubles",17890,doubles,men,785
17898,"ITF USA F14, Men Singles",17896,singles,men,785
17900,"ITF USA F14, Men Doubles",17896,doubles,men,785
17904,"ITF France F9, Men Singles",17902,singles,men,785
17906,"ITF France F9, Men Doubles",17902,doubles,men,785
17910,"ITF Nigeria F1, Men Singles",17908,singles,men,785
17912,"ITF Nigeria F1, Men Doubles",17908,doubles,men,785
17916,"ITF Spain F12, Men Singles",17914,singles,men,785
17918,"ITF Spain F12, Men Doubles",17914,doubles,men,785
17922,"ITF France F10, Men Singles",17920,singles,men,785
17924,"ITF France F10, Men Doubles",17920,doubles,men,785
17928,"ITF Israel F5, Men Singles",17926,singles,men,785
17930,"ITF Israel F5, Men Doubles",17926,doubles,men,785
17946,"ITF Italy F11, Men Singles",17944,singles,men,785
17948,"ITF Italy F11, Men Doubles",17944,doubles,men,785
17954,"ITF Tunisia F17, Men Singles",17952,singles,men,785
17956,"ITF Tunisia F17, Men Doubles",17952,doubles,men,785
17960,"ITF Turkey F17, Men Singles",17958,singles,men,785
17962,"ITF Turkey F17, Men Doubles",17958,doubles,men,785
17966,"ITF USA F16, Men Singles",17964,singles,men,785
17968,"ITF USA F16, Men Doubles",17964,doubles,men,785
17974,"ITF Nigeria F2, Men Singles",17972,singles,men,785
17976,"ITF Nigeria F2, Men Doubles",17972,doubles,men,785
17980,"ITF Sweden F1, Men Singles",17978,singles,men,785
17982,"ITF Sweden F1, Men Doubles",17978,doubles,men,785
17988,"ITF China F6, Men Singles",17986,singles,men,785
17990,"ITF China F6, Men Doubles",17986,doubles,men,785
17996,"ITF Israel F6, Men Singles",17994,singles,men,785
17998,"ITF Israel F6, Men Doubles",17994,doubles,men,785
18002,"ITF Mexico F3, Men Singles",18000,singles,men,785
18004,"ITF Mexico F3, Men Doubles",18000,doubles,men,785
18008,"ITF Spain F13, Men Singles",18006,singles,men,785
18010,"ITF Spain F13, Men Doubles",18006,doubles,men,785
18014,"ITF Tunisia F18, Men Singles",18012,singles,men,785
18016,"ITF Tunisia F18, Men Doubles",18012,doubles,men,785
18020,"ITF Turkey F18, Men Singles",18018,singles,men,785
18022,"ITF Turkey F18, Men Doubles",18018,doubles,men,785
18026,"ITF Ukraine F1, Men Singles",18024,singles,men,785
18028,"ITF Ukraine F1, Men Doubles",18024,doubles,men,785
18032,"Juniors US Open, New York, USA Men Singles",18030,singles,men,1474
18034,"Juniors US Open, New York, USA Men Doubles",18030,doubles,men,1474
18036,"Juniors US Open, New York, USA Women Singles",18030,singles,women,1474
18038,"Juniors US Open, New York, USA Women Doubles",18030,doubles,women,1474
18042,"ITF China F7, Men Singles",18040,singles,men,785
18044,"ITF China F7, Men Doubles",18040,doubles,men,785
18048,"Wheelchairs US Open, New York, USA Men Singles",18046,singles,men,1476
18050,"Wheelchairs US Open, New York, USA Men Doubles",18046,doubles,men,1476
18052,"Wheelchairs US Open, New York, USA Women Singles",18046,singles,women,1476
18054,"Wheelchairs US Open, New York, USA Women Doubles",18046,doubles,women,1476
18058,"Legends US Open, New York, USA Men Doubles",18056,doubles,men,1475
18060,"Legends US Open, New York, USA Women Doubles",18056,doubles,women,1475
18064,"ITF Nigeria F3, Men Singles",18062,singles,men,785
18066,"ITF Nigeria F3, Men Doubles",18062,doubles,men,785
18070,"ITF Sweden F2, Men Singles",18068,singles,men,785
18072,"ITF Sweden F2, Men Doubles",18068,doubles,men,785
18076,"ITF Czech Republic F1, Men Singles",18074,singles,men,785
18078,"ITF Czech Republic F1, Men Doubles",18074,doubles,men,785
18082,"ITF Hungary F2, Men Singles",18080,singles,men,785
18084,"ITF Hungary F2, Men Doubles",18080,doubles,men,785
18088,"ITF Israel F7, Men Singles",18086,singles,men,785
18090,"ITF Israel F7, Men Doubles",18086,doubles,men,785
18094,"ITF Italy F13, Men Singles",18092,singles,men,785
18096,"ITF Italy F13, Men Doubles",18092,doubles,men,785
18100,"ITF Mexico F4, Men Singles",18098,singles,men,785
18102,"ITF Mexico F4, Men Doubles",18098,doubles,men,785
18106,"ITF Romania F1, Men Singles",18104,singles,men,785
18108,"ITF Romania F1, Men Doubles",18104,doubles,men,785
18112,"ITF Spain F14, Men Singles",18110,singles,men,785
18114,"ITF Spain F14, Men Doubles",18110,doubles,men,785
18118,"ITF Tunisia F19, Men Singles",18116,singles,men,785
18120,"ITF Tunisia F19, Men Doubles",18116,doubles,men,785
18124,"ITF Hungary F7, Men Singles",18214,singles,men,785
18126,"ITF Hungary F7, Men Doubles",18214,doubles,men,785
18130,"ITF Portugal F18, Men Singles",18222,singles,men,785
18132,"ITF Portugal F18, Men Doubles",18222,doubles,men,785
18136,"ITF Turkey F19, Men Singles",18134,singles,men,785
18138,"ITF Turkey F19, Men Doubles",18134,doubles,men,785
18142,"ITF Poland 06A, Women Singles",18326,singles,women,213
18144,"ITF Poland 06A, Women Doubles",18326,doubles,women,213
18148,"ITF Belgium 06A, Women Singles",18146,singles,women,213
18150,"ITF Belgium 06A, Women Doubles",18146,doubles,women,213
18154,"ITF Japan 09B, Women Singles",18152,singles,women,213
18156,"ITF Japan 09B, Women Doubles",18152,doubles,women,213
18160,"ITF Ukraine F2, Men Singles",18158,singles,men,785
18162,"ITF Ukraine F2, Men Doubles",18158,doubles,men,785
18166,"ITF China F8, Men Singles",18164,singles,men,785
18168,"ITF China F8, Men Doubles",18164,doubles,men,785
18172,"ITF Romania F2, Men Singles",18170,singles,men,785
18174,"ITF Romania F2, Men Doubles",18170,doubles,men,785
18178,"ITF Bosnia & Herzegovina F1, Men Singles",18176,singles,men,785
18180,"ITF Bosnia & Herzegovina F1, Men Doubles",18176,doubles,men,785
18184,"ITF Czech Republic F2, Men Singles",18182,singles,men,785
18186,"ITF Czech Republic F2, Men Doubles",18182,doubles,men,785
18192,"ITF Hungary F3, Men Singles",18190,singles,men,785
18194,"ITF Hungary F3, Men Doubles",18190,doubles,men,785
18198,"ITF Israel F8, Men Singles",18196,singles,men,785
18200,"ITF Israel F8, Men Doubles",18196,doubles,men,785
18234,"ITF Canada F5, Men Singles",18206,singles,men,785
18236,"ITF Canada F5, Men Doubles",18206,doubles,men,785
18238,"ITF Spain F27, Men Singles",18208,singles,men,785
18240,"ITF Spain F27, Men Doubles",18208,doubles,men,785
18242,"ITF Argentina F5, Men Singles",18210,singles,men,785
18244,"ITF Argentina F5, Men Doubles",18210,doubles,men,785
18246,"ITF Belgium F11, Men Singles",18212,singles,men,785
18248,"ITF Belgium F11, Men Doubles",18212,doubles,men,785
18250,"ITF Italy F27, Men Singles",18216,singles,men,785
18252,"ITF Italy F27, Men Doubles",18216,doubles,men,785
18254,"ITF Poland F11, Men Singles",18220,singles,men,785
18256,"ITF Poland F11, Men Doubles",18220,doubles,men,785
18258,"ITF Romania F12, Men Singles",18224,singles,men,785
18260,"ITF Romania F12, Men Doubles",18224,doubles,men,785
18262,"ITF Serbia F4, Men Singles",18226,singles,men,785
18264,"ITF Serbia F4, Men Doubles",18226,doubles,men,785
18266,"ITF Switzerland F5, Men Singles",18228,singles,men,785
18268,"ITF Switzerland F5, Men Doubles",18228,doubles,men,785
18272,"ITF Turkey F32, Men Singles",18230,singles,men,785
18274,"ITF Turkey F32, Men Doubles",18230,doubles,men,785
18276,"ITF Ukraine F4, Men Singles",18232,singles,men,785
18278,"ITF Ukraine F4, Men Doubles",18232,doubles,men,785
18282,"ITF Hungary 07A, Women Singles",18280,singles,women,213
18284,"ITF Hungary 07A, Women Doubles",18280,doubles,women,213
18288,"ITF Italy 24A, Women Singles",18286,singles,women,213
18290,"ITF Italy 24A, Women Doubles",18286,doubles,women,213
18296,"ITF Kazakhstan 06A, Women Singles",18292,singles,women,213
18298,"ITF Kazakhstan 06A, Women Doubles",18292,doubles,women,213
18302,"ITF Romania 10A, Women Singles",18300,singles,women,213
18304,"ITF Romania 10A, Women Doubles",18300,doubles,women,213
18308,"ITF Czechia 05A, Women Singles",18306,singles,women,213
18310,"ITF Czechia 05A, Women Doubles",18306,doubles,women,213
18314,"ITF South Korea 08A, Women Singles",18312,singles,women,213
18316,"ITF South Korea 08A, Women Doubles",18312,doubles,women,213
18322,"ITF Netherlands 06A, Women Singles",18320,singles,women,213
18324,"ITF Netherlands 06A, Women Doubles",18320,doubles,women,213
18330,"ITF Switzerland 05A, Women Singles",18328,singles,women,213
18332,"ITF Switzerland 05A, Women Doubles",18328,doubles,women,213
18336,"ITF Turkiye 29A, Women Singles",18334,singles,women,213
18338,"ITF Turkiye 29A, Women Doubles",18334,doubles,women,213
18344,"ATP Challenger Rome 2, Italy Men Singles",18342,singles,men,72
18346,"ATP Challenger Rome 2, Italy Men Doubles",18342,doubles,men,72
18354,"ATP Challenger Incheon, Korea Republic Men Singles",18352,singles,men,72
18356,"ATP Challenger Incheon, Korea Republic Men Doubles",18352,doubles,men,72
18360,"ATP Challenger Zhangjiagang, China Men Singles",18358,singles,men,72
18362,"ATP Challenger Zhangjiagang, China Men Doubles",18358,doubles,men,72
18384,"ITF Singapore F1, Men Singles",18366,singles,men,785
18386,"ITF Singapore F1, Men Doubles",18366,doubles,men,785
18388,"ITF Spain F15, Men Singles",18368,singles,men,785
18390,"ITF Spain F15, Men Doubles",18368,doubles,men,785
18392,"ITF Tunisia F20, Men Singles",18370,singles,men,785
18394,"ITF Tunisia F20, Men Doubles",18370,doubles,men,785
18396,"ITF Turkey F20, Men Singles",18372,singles,men,785
18398,"ITF Turkey F20, Men Doubles",18372,doubles,men,785
18400,"ITF Ukraine F3, Men Singles",18374,singles,men,785
18402,"ITF Ukraine F3, Men Doubles",18374,doubles,men,785
18404,"ITF China F9, Men Singles",18376,singles,men,785
18406,"ITF China F9, Men Doubles",18376,doubles,men,785
18408,"ITF Japan F6, Men Singles",18378,singles,men,785
18410,"ITF Japan F6, Men Doubles",18378,doubles,men,785
18412,"ITF Uzbekistan F3, Men Singles",18380,singles,men,785
18414,"ITF Uzbekistan F3, Men Doubles",18380,doubles,men,785
18418,"ITF Bosnia & Herzegovina F2, Men Singles",18416,singles,men,785
18420,"ITF Bosnia & Herzegovina F2, Men Doubles",18416,doubles,men,785
18438,"ITF Czech Republic F3, Men Singles",18422,singles,men,785
18440,"ITF Czech Republic F3, Men Doubles",18422,doubles,men,785
18442,"ITF Italy F15, Men Singles",18424,singles,men,785
18444,"ITF Italy F15, Men Doubles",18424,doubles,men,785
18446,"ITF Korea F1, Men Singles",18426,singles,men,785
18448,"ITF Korea F1, Men Doubles",18426,doubles,men,785
18450,"ITF Singapore F2, Men Singles",18428,singles,men,785
18452,"ITF Singapore F2, Men Doubles",18428,doubles,men,785
18454,"ITF Tunisia F21, Men Singles",18430,singles,men,785
18456,"ITF Tunisia F21, Men Doubles",18430,doubles,men,785
18474,"ATP Challenger Bangkok II, Thailand Men Singles",18468,singles,men,72
18476,"ATP Challenger Bangkok II, Thailand Men Doubles",18468,doubles,men,72
18478,"ATP Challenger Bangkok III, Thailand Men Singles",18470,singles,men,72
18480,"ATP Challenger Bangkok III, Thailand Men Doubles",18470,doubles,men,72
18482,"ATP Challenger Bangkok IV, Thailand Men Singles",18472,singles,men,72
18484,"ATP Challenger Bangkok IV, Thailand Men Doubles",18472,doubles,men,72
18500,"ITF Uzbekistan F4, Men Singles",18498,singles,men,785
18502,"ITF Uzbekistan F4, Men Doubles",18498,doubles,men,785
18506,"ITF Argentina F1, Men Singles",18504,singles,men,785
18508,"ITF Argentina F1, Men Doubles",18504,doubles,men,785
18512,"ITF Bosnia & Herzegovina F3, Men Singles",18510,singles,men,785
18514,"ITF Bosnia & Herzegovina F3, Men Doubles",18510,doubles,men,785
18518,"ITF Israel F9, Men Singles",18516,singles,men,785
18520,"ITF Israel F9, Men Doubles",18516,doubles,men,785
18524,"ITF Italy F16, Men Singles",18522,singles,men,785
18526,"ITF Italy F16, Men Doubles",18522,doubles,men,785
18536,"ITF Thailand F1, Men Singles",18534,singles,men,785
18538,"ITF Thailand F1, Men Doubles",18534,doubles,men,785
18542,"ITF Tunisia F22, Men Singles",18540,singles,men,785
18544,"ITF Tunisia F22, Men Doubles",18540,doubles,men,785
18548,"ITF Turkey F22, Men Singles",18546,singles,men,785
18550,"ITF Turkey F22, Men Doubles",18546,doubles,men,785
18554,"ITF Chinese Taipei F1, Men Singles",18552,singles,men,785
18556,"ITF Chinese Taipei F1, Men Doubles",18552,doubles,men,785
18560,"ITF Hungary F4, Men Singles",18558,singles,men,785
18562,"ITF Hungary F4, Men Doubles",18558,doubles,men,785
18566,"ITF Turkiye F23, Men Singles",18564,singles,men,785
18568,"ITF Turkiye F23, Men Doubles",18564,doubles,men,785
18572,"ITF USA F17, Men Singles",18570,singles,men,785
18574,"ITF USA F17, Men Doubles",18570,doubles,men,785
18578,"ITF Argentina F2, Men Singles",18576,singles,men,785
18580,"ITF Argentina F2, Men Doubles",18576,doubles,men,785
18586,"ITF Women Nanao, Japan Women Doubles",18584,doubles,women,213
18588,"ITF Turkiye F33, Men Singles",18666,singles,men,785
18590,"ITF Turkiye F33, Men Doubles",18666,doubles,men,785
18594,"ITF Ukraine F5, Men Singles",18668,singles,men,785
18596,"ITF Ukraine F5, Men Doubles",18668,doubles,men,785
18600,"ITF Germany 15A, Women Singles",18690,singles,women,213
18602,"ITF Germany 15A, Women Doubles",18690,doubles,women,213
18606,"ITF Hungary 08A, Women Singles",18676,singles,women,213
18608,"ITF Hungary 08A, Women Doubles",18676,doubles,women,213
18612,"ITF Canada F6, Men Singles",18610,singles,men,785
18614,"ITF Canada F6, Men Doubles",18610,doubles,men,785
18618,"ITF France F18, Men Singles",18616,singles,men,785
18620,"ITF France F18, Men Doubles",18616,doubles,men,785
18630,"ITF Argentina F6, Men Singles",18628,singles,men,785
18632,"ITF Argentina F6, Men Doubles",18628,doubles,men,785
18636,"ITF Belgium F12, Men Singles",18634,singles,men,785
18638,"ITF Belgium F12, Men Doubles",18634,doubles,men,785
18642,"ITF Egypt F24, Men Singles",18640,singles,men,785
18644,"ITF Egypt F24, Men Doubles",18640,doubles,men,785
18650,"ITF India F7, Men Singles",18648,singles,men,785
18652,"ITF India F7, Men Doubles",18648,doubles,men,785
18656,"ITF Serbia F5, Men Singles",18654,singles,men,785
18658,"ITF Serbia F5, Men Doubles",18654,doubles,men,785
18662,"ITF Tunisia F25, Men Singles",18660,singles,men,785
18664,"ITF Tunisia F25, Men Doubles",18660,doubles,men,785
18672,"ITF Bulgaria 01A, Women Singles",18670,singles,women,213
18674,"ITF Bulgaria 01A, Women Doubles",18670,doubles,women,213
18680,"ITF Czechia 06A, Women Singles",18678,singles,women,213
18682,"ITF Czechia 06A, Women Doubles",18678,doubles,women,213
18686,"ITF Egypt 24A, Women Singles",18684,singles,women,213
18688,"ITF Egypt 24A, Women Doubles",18684,doubles,women,213
18694,"ITF Italy 25A, Women Singles",18692,singles,women,213
18696,"ITF Italy 25A, Women Doubles",18692,doubles,women,213
18700,"ITF Japan 10A, Women Singles",18698,singles,women,213
18702,"ITF Japan 10A, Women Doubles",18698,doubles,women,213
18706,"ITF South Korea 09A, Women Singles",18704,singles,women,213
18708,"ITF South Korea 09A, Women Doubles",18704,doubles,women,213
18712,"ITF Tunisia 25A, Women Singles",18710,singles,women,213
18714,"ITF Tunisia 25A, Women Doubles",18710,doubles,women,213
18718,"ITF Turkey 30B, Women Singles",18716,singles,women,213
18720,"ITF Turkey 30B, Women Doubles",18716,doubles,women,213
18726,"ITF Italy F17, Men Singles",18724,singles,men,785
18728,"ITF Italy F17, Men Doubles",18724,doubles,men,785
18732,"ITF Japan F8, Men Singles",18730,singles,men,785
18734,"ITF Japan F8, Men Doubles",18730,doubles,men,785
18738,"ITF Korea F3, Men Singles",18736,singles,men,785
18740,"ITF Korea F3, Men Doubles",18736,doubles,men,785
18744,"ITF Poland F1, Men Singles",18742,singles,men,785
18746,"ITF Poland F1, Men Doubles",18742,doubles,men,785
18750,"ITF Romania F3, Men Singles",18748,singles,men,785
18752,"ITF Romania F3, Men Doubles",18748,doubles,men,785
18758,"ITF Spain F17, Men Singles",18756,singles,men,785
18760,"ITF Spain F17, Men Doubles",18756,doubles,men,785
18764,"ITF Thailand F2, Men Singles",18762,singles,men,785
18766,"ITF Thailand F2, Men Doubles",18762,doubles,men,785
18770,"ITF Tunisia F23, Men Singles",18768,singles,men,785
18772,"ITF Tunisia F23, Men Doubles",18768,doubles,men,785
18776,"ITF USA F18, Men Singles",18774,singles,men,785
18778,"ITF USA F18, Men Doubles",18774,doubles,men,785
18782,"ITF Zimbabwe F1, Men Singles",18780,singles,men,785
18784,"ITF Zimbabwe F1, Men Doubles",18780,doubles,men,785
18788,"ITF Chinese Taipei F2, Men Singles",18786,singles,men,785
18790,"ITF Chinese Taipei F2, Men Doubles",18786,doubles,men,785
18798,"ITF Spain F18, Men Singles",18796,singles,men,785
18800,"ITF Spain F18, Men Doubles",18796,doubles,men,785
18804,"ITF USA F19, Men Singles",18802,singles,men,785
18806,"ITF USA F19, Men Doubles",18802,doubles,men,785
18810,"ITF Argentina F3, Men Singles",18808,singles,men,785
18812,"ITF Argentina F3, Men Doubles",18808,doubles,men,785
18816,"ITF Belgium F1, Men Singles",18814,singles,men,785
18818,"ITF Belgium F1, Men Doubles",18814,doubles,men,785
18824,"ITF Guam F1, Men Singles",18822,singles,men,785
18826,"ITF Guam F1, Men Doubles",18822,doubles,men,785
18830,"ITF Hong Kong F1, Men Singles",18828,singles,men,785
18832,"ITF Hong Kong F1, Men Doubles",18828,doubles,men,785
18836,"ITF Israel F11, Men Singles",18834,singles,men,785
18838,"ITF Israel F11, Men Doubles",18834,doubles,men,785
18842,"ITF Italy F18, Men Singles",18840,singles,men,785
18844,"ITF Italy F18, Men Doubles",18840,doubles,men,785
18848,"ITF Korea F4, Men Singles",18846,singles,men,785
18850,"ITF Korea F4, Men Doubles",18846,doubles,men,785
18854,"ITF Netherlands F1, Men Singles",18852,singles,men,785
18856,"ITF Netherlands F1, Men Doubles",18852,doubles,men,785
18862,"ITF Romania F4, Men Singles",18860,singles,men,785
18864,"ITF Romania F4, Men Doubles",18860,doubles,men,785
18868,"ITF Russia F1, Men Singles",18866,singles,men,785
18870,"ITF Russia F1, Men Doubles",18866,doubles,men,785
18874,"ITF Sri Lanka F1, Men Singles",18872,singles,men,785
18876,"ITF Sri Lanka F1, Men Doubles",18872,doubles,men,785
18880,"ITF Thailand F3, Men Singles",18878,singles,men,785
18882,"ITF Thailand F3, Men Doubles",18878,doubles,men,785
18886,"ITF Tunisia F24, Men Singles",18884,singles,men,785
18888,"ITF Tunisia F24, Men Doubles",18884,doubles,men,785
18892,"ITF Turkiye F24, Men Singles",18890,singles,men,785
18894,"ITF Turkiye F24, Men Doubles",18890,doubles,men,785
18898,"ITF USA F20, Men Singles",18896,singles,men,785
18900,"ITF USA F20, Men Doubles",18896,doubles,men,785
18904,"ITF Zimbabwe F2, Men Singles",18902,singles,men,785
18906,"ITF Zimbabwe F2, Men Doubles",18902,doubles,men,785
18910,"ITF Belgium F2, Men Singles",18908,singles,men,785
18912,"ITF Belgium F2, Men Doubles",18908,doubles,men,785
18916,"ITF Canada F3, Men Singles",18914,singles,men,785
18918,"ITF Canada F3, Men Doubles",18914,doubles,men,785
18924,"ITF France F13, Men Singles",18922,singles,men,785
18926,"ITF France F13, Men Doubles",18922,doubles,men,785
18930,"ITF Netherlands F2, Men Singles",18928,singles,men,785
18932,"ITF Netherlands F2, Men Doubles",18928,doubles,men,785
18936,"ITF Spain F19, Men Singles",18934,singles,men,785
18938,"ITF Spain F19, Men Doubles",18934,doubles,men,785
18942,"ITF USA F21, Men Singles",18940,singles,men,785
18944,"ITF USA F21, Men Doubles",18940,doubles,men,785
18948,"ITF Egypt F18, Men Singles",18946,singles,men,785
18950,"ITF Egypt F18, Men Doubles",18946,doubles,men,785
18956,"ITF Hong Kong F2, Men Singles",18954,singles,men,785
18958,"ITF Hong Kong F2, Men Doubles",18954,doubles,men,785
18962,"ITF Israel F12, Men Singles",18960,singles,men,785
18964,"ITF Israel F12, Men Doubles",18960,doubles,men,785
18968,"ITF Italy F19, Men Singles",18966,singles,men,785
18970,"ITF Italy F19, Men Doubles",18966,doubles,men,785
18974,"ITF Korea F5, Men Singles",18972,singles,men,785
18976,"ITF Korea F5, Men Doubles",18972,doubles,men,785
18986,"ITF Russia F2, Men Singles",18984,singles,men,785
18988,"ITF Russia F2, Men Doubles",18984,doubles,men,785
18992,"ITF Sri Lanka F2, Men Singles",18990,singles,men,785
18994,"ITF Sri Lanka F2, Men Doubles",18990,doubles,men,785
18998,"ITF USA F22, Men Singles",18996,singles,men,785
19000,"ITF USA F22, Men Doubles",18996,doubles,men,785
19004,"ITF Zimbabwe F3, Men Singles",19002,singles,men,785
19006,"ITF Zimbabwe F3, Men Doubles",19002,doubles,men,785
19010,"ITF Canada F4, Men Singles",19008,singles,men,785
19012,"ITF Canada F4, Men Doubles",19008,doubles,men,785
19016,"ITF China F11, Men Singles",19014,singles,men,785
19018,"ITF China F11, Men Doubles",19014,doubles,men,785
19022,"ITF France F14, Men Singles",19020,singles,men,785
19024,"ITF France F14, Men Doubles",19020,doubles,men,785
19028,"ITF Spain F20, Men Singles",19026,singles,men,785
19030,"ITF Spain F20, Men Doubles",19026,doubles,men,785
19034,"ITF USA F23, Men Singles",19032,singles,men,785
19036,"ITF USA F23, Men Doubles",19032,doubles,men,785
19040,"ITF Austria F1, Men Singles",19038,singles,men,785
19042,"ITF Austria F1, Men Doubles",19038,doubles,men,785
19046,"ITF Belgium F3, Men Singles",19044,singles,men,785
19048,"ITF Belgium F3, Men Doubles",19044,doubles,men,785
19052,"ITF Czech Republic F4, Men Singles",19050,singles,men,785
19054,"ITF Czech Republic F4, Men Doubles",19050,doubles,men,785
19058,"ITF Egypt F19, Men Singles",19056,singles,men,785
19060,"ITF Egypt F19, Men Doubles",19056,doubles,men,785
19064,"ITF Georgia F1, Men Singles",19062,singles,men,785
19066,"ITF Georgia F1, Men Doubles",19062,doubles,men,785
19070,"ITF Germany F6, Men Singles",19068,singles,men,785
19072,"ITF Germany F6, Men Doubles",19068,doubles,men,785
19076,"ITF Hong Kong F3, Men Singles",19074,singles,men,785
19078,"ITF Hong Kong F3, Men Doubles",19074,doubles,men,785
19084,"ITF Netherlands F3, Men Singles",19082,singles,men,785
19086,"ITF Netherlands F3, Men Doubles",19082,doubles,men,785
19096,"ITF Russia F3, Men Singles",19094,singles,men,785
19098,"ITF Russia F3, Men Doubles",19094,doubles,men,785
19102,"ITF Sri Lanka F3, Men Singles",19100,singles,men,785
19104,"ITF Sri Lanka F3, Men Doubles",19100,doubles,men,785
19108,"ITF China F12, Men Singles",19106,singles,men,785
19110,"ITF China F12, Men Doubles",19106,doubles,men,785
19114,"ITF Czech Republic F5, Men Singles",19112,singles,men,785
19116,"ITF Czech Republic F5, Men Doubles",19112,doubles,men,785
19120,"ITF France F15, Men Singles",19118,singles,men,785
19122,"ITF France F15, Men Doubles",19118,doubles,men,785
19126,"ATP Challenger Almaty, Kazakhstan Men Doubles",3759,doubles,men,72
19130,"ATP Challenger Canberra II, Australia Men Singles",19128,singles,men,72
19132,"ATP Challenger Canberra II, Australia Men Doubles",19128,doubles,men,72
19136,"ATP Challenger Ismaning, Germany Men Singles",19134,singles,men,72
19138,"ATP Challenger Ismaning, Germany Men Doubles",19134,doubles,men,72
19142,"ITF Spain F21, Men Singles",19140,singles,men,785
19144,"ITF Spain F21, Men Doubles",19140,doubles,men,785
19148,"ITF Austria F2, Men Singles",19146,singles,men,785
19150,"ITF Austria F2, Men Doubles",19146,doubles,men,785
19156,"ATP Challenger Santiago II, Chile Men Singles",19154,singles,men,72
19160,"ATP Challenger Shenzhen II, China Men Singles",19158,singles,men,72
19162,"ATP Challenger Shenzhen II, China Men Doubles",19158,doubles,men,72
19164,"ATP Challenger Santiago II, Chile Men Doubles",19154,doubles,men,72
19168,"ITF Egypt F20, Men Singles",19166,singles,men,785
19170,"ITF Egypt F20, Men Doubles",19166,doubles,men,785
19174,"ITF Georgia F2, Men Singles",19172,singles,men,785
19176,"ITF Georgia F2, Men Doubles",19172,doubles,men,785
19180,"ITF Germany F7, Men Singles",19178,singles,men,785
19182,"ITF Germany F7, Men Doubles",19178,doubles,men,785
19186,"ITF Netherlands F4, Men Singles",19184,singles,men,785
19188,"ITF Netherlands F4, Men Doubles",19184,doubles,men,785
19208,"ITF Turkiye F34, Men Singles",19380,singles,men,785
19210,"ITF Turkiye F34, Men Doubles",19380,doubles,men,785
19214,"ITF Hungary 09A, Women Singles",19426,singles,women,213
19216,"ITF Hungary 09A, Women Doubles",19426,doubles,women,213
19298,"ITF France 17A, Women Singles",19296,singles,women,213
19302,"ITF France 17A, Women Doubles",19296,doubles,women,213
19304,"ITF Canada F7, Men Singles",19300,singles,men,785
19306,"ITF Canada F7, Men Doubles",19300,doubles,men,785
19310,"ITF France F19, Men Singles",19308,singles,men,785
19312,"ITF France F19, Men Doubles",19308,doubles,men,785
19316,"ITF USA 29A, Women Singles",19314,singles,women,213
19318,"ITF USA 29A, Women Doubles",19314,doubles,women,213
19322,"ITF Italy F29, Men Singles",19320,singles,men,785
19324,"ITF Italy F29, Men Doubles",19320,doubles,men,785
19328,"ITF Spain F29, Men Singles",19326,singles,men,785
19330,"ITF Spain F29, Men Doubles",19326,doubles,men,785
19336,"ITF Argentina F7, Men Singles",19334,singles,men,785
19338,"ITF Argentina F7, Men Doubles",19334,doubles,men,785
19340,"ITF China 19A, Women Doubles",19332,doubles,women,213
19342,"ITF China 19A, Women Singles",19332,singles,women,213
19346,"ITF Egypt F25, Men Singles",19344,singles,men,785
19348,"ITF Egypt F25, Men Doubles",19344,doubles,men,785
19352,"ITF Georgia 03A, Women Singles",19350,singles,women,213
19354,"ITF Georgia 03A, Women Doubles",19350,doubles,women,213
19358,"ITF Great Britain F4, Men Singles",19356,singles,men,785
19360,"ITF Great Britain F4, Men Doubles",19356,doubles,men,785
19366,"ITF Italy 26A, Women Singles",19362,singles,women,213
19368,"ITF India F8, Men Singles",19364,singles,men,785
19370,"ITF India F8, Men Doubles",19364,doubles,men,785
19372,"ITF Italy 26A, Women Doubles",19362,doubles,women,213
19376,"ITF Tunisia F26, Men Singles",19374,singles,men,785
19378,"ITF Tunisia F26, Men Doubles",19374,doubles,men,785
19384,"ITF USA 28A, Women Singles",19382,singles,women,213
19388,"ITF USA 28A, Women Doubles",19382,doubles,women,213
19392,"ITF Argentina 03A, Women Singles",19390,singles,women,213
19394,"ITF Argentina 03A, Women Doubles",19390,doubles,women,213
19398,"ITF Turkiye 31A, Women Singles",19396,singles,women,213
19400,"ITF Turkiye 31A, Women Doubles",19396,doubles,women,213
19404,"ITF Czech Republic 07A, Women Singles",19402,singles,women,213
19406,"ITF Czech Republic 07A, Women Doubles",19402,doubles,women,213
19410,"ITF Tunisia 26A, Women Singles",19408,singles,women,213
19412,"ITF Tunisia 26A, Women Doubles",19408,doubles,women,213
19416,"ITF Thailand 07A, Women Singles",19414,singles,women,213
19418,"ITF Thailand 07A, Women Doubles",19414,doubles,women,213
19422,"ITF Egypt 25A, Women Singles",19420,singles,women,213
19424,"ITF Egypt 25A, Women Doubles",19420,doubles,women,213
19448,Exhibition Laver Cup Men Singles,19446,singles,men,79
19450,Exhibition Laver Cup Men Doubles,19446,doubles,men,79
19528,"ITF Turkiye F35, Men Singles",19622,singles,men,785
19530,"ITF Turkiye F35, Men Doubles",19622,doubles,men,785
19534,"ITF Australia 09A, Women Singles",19532,singles,women,213
19536,"ITF Australia 09A, Women Doubles",19532,doubles,women,213
19540,"ITF France 18A, Women Singles",19538,singles,women,213
19542,"ITF France 18A, Women Doubles",19538,doubles,women,213
19546,"ITF Russia 04A, Women Singles",19544,singles,women,213
19548,"ITF Russia 04A, Women Doubles",19544,doubles,women,213
19552,"ITF Australia F4, Men Singles",19550,singles,men,785
19554,"ITF Australia F4, Men Doubles",19550,doubles,men,785
19558,"ITF Canada F8, Men Singles",19556,singles,men,785
19560,"ITF Canada F8, Men Doubles",19556,doubles,men,785
19564,"ITF France F20, Men Singles",19562,singles,men,785
19566,"ITF France F20, Men Doubles",19562,doubles,men,785
19570,"ITF Italy F30, Men Singles",19568,singles,men,785
19572,"ITF Italy F30, Men Doubles",19568,doubles,men,785
19576,"ITF Kazakhstan F6, Men Singles",19574,singles,men,785
19578,"ITF Kazakhstan F6, Men Doubles",19574,doubles,men,785
19582,"ITF Spain F30, Men Singles",19580,singles,men,785
19584,"ITF Spain F30, Men Doubles",19580,doubles,men,785
19588,"ITF Bolivia F1, Men Singles",19586,singles,men,785
19590,"ITF Bolivia F1, Men Doubles",19586,doubles,men,785
19594,"ITF Egypt F26, Men Singles",19592,singles,men,785
19596,"ITF Egypt F26, Men Doubles",19592,doubles,men,785
19600,"ITF Great Britain F5, Men Singles",19598,singles,men,785
19602,"ITF Great Britain F5, Men Doubles",19598,doubles,men,785
19606,"ITF India F9, Men Singles",19604,singles,men,785
19608,"ITF India F9, Men Doubles",19604,doubles,men,785
19612,"ITF Portugal F19, Men Singles",19610,singles,men,785
19614,"ITF Portugal F19, Men Doubles",19610,doubles,men,785
19618,"ITF Tunisia F27, Men Singles",19616,singles,men,785
19620,"ITF Tunisia F27, Men Doubles",19616,doubles,men,785
19626,"ITF USA F31, Men Singles",19624,singles,men,785
19628,"ITF USA F31, Men Doubles",19624,doubles,men,785
19632,"ITF Mexico 02A, Women Singles",19630,singles,women,213
19634,"ITF Mexico 02A, Women Doubles",19630,doubles,women,213
19638,"ITF USA 30A, Women Singles",19636,singles,women,213
19640,"ITF USA 30A, Women Doubles",19636,doubles,women,213
19644,"ITF Italy 27A, Women Singles",19642,singles,women,213
19646,"ITF Italy 27A, Women Doubles",19642,doubles,women,213
19650,"ITF Montenegro 01A, Women Singles",19648,singles,women,213
19652,"ITF Montenegro 01A, Women Doubles",19648,doubles,women,213
19656,"ITF USA 31A, Women Singles",19654,singles,women,213
19658,"ITF USA 31A, Women Doubles",19654,doubles,women,213
19662,"ITF Bulgaria 03A, Women Singles",19660,singles,women,213
19664,"ITF Bulgaria 03A, Women Doubles",19660,doubles,women,213
19668,"ITF Egypt 26A, Women Singles",19666,singles,women,213
19670,"ITF Egypt 26A, Women Doubles",19666,doubles,women,213
19674,"ITF Kazakhstan 07A, Women Singles",19672,singles,women,213
19676,"ITF Kazakhstan 07A, Women Doubles",19672,doubles,women,213
19682,"ITF Spain 15A, Women Singles",19680,singles,women,213
19684,"ITF Spain 15A, Women Doubles",19680,doubles,women,213
19688,"ITF Thailand 08A, Women Singles",19686,singles,women,213
19690,"ITF Thailand 08A, Women Doubles",19686,doubles,women,213
19694,"ITF Tunisia 27A, Women Singles",19692,singles,women,213
19696,"ITF Tunisia 27A, Women Doubles",19692,doubles,women,213
19700,"ITF Turkiye 32A, Women Singles",19698,singles,women,213
19702,"ITF Turkiye 32A, Women Doubles",19698,doubles,women,213
19706,"ITF Ukraine 02A, Women Singles",19704,singles,women,213
19708,"ITF Ukraine 02A, Women Doubles",19704,doubles,women,213
19752,"ITF USA F32, Men Singles",19750,singles,men,785
19754,"ITF USA F32, Men Doubles",19750,doubles,men,785
19758,"ITF Turkiye F36, Men Singles",19756,singles,men,785
19760,"ITF Turkiye F36, Men Doubles",19756,doubles,men,785
19764,"ITF France 23A, Women Singles",19762,singles,women,213
19766,"ITF France 23A, Women Doubles",19762,doubles,women,213
19770,"ITF Women Penrith, Australia Women Doubles",19768,doubles,women,213
19774,"ITF Lebanon 01A, Women Singles",19772,singles,women,213
19776,"ITF Lebanon 01A, Women Doubles",19772,doubles,women,213
19780,"ITF Ukraine 03A, Women Singles",19778,singles,women,213
19782,"ITF Ukraine 03A, Women Doubles",19778,doubles,women,213
19786,"ITF USA 32A, Women Singles",19784,singles,women,213
19788,"ITF USA 32A, Women Doubles",19784,doubles,women,213
19802,"WTA Tokyo II, Japan Women Singles",19800,singles,women,6
19804,"WTA Tokyo II, Japan Women Doubles",19800,doubles,women,6
19808,"ITF Australia F5, Men Singles",19806,singles,men,785
19810,"ITF Australia F5, Men Doubles",19806,doubles,men,785
19814,"ITF Italy F31, Men Doubles",19812,doubles,men,785
19816,"ITF Italy F31, Men Singles",19812,singles,men,785
19820,"ITF Kazakhstan F7, Men Singles",19818,singles,men,785
19822,"ITF Kazakhstan F7, Men Doubles",19818,doubles,men,785
19826,"ITF Portugal F20, Men Singles",19824,singles,men,785
19828,"ITF Portugal F20, Men Doubles",19824,doubles,men,785
19836,"ITF Spain F31, Men Singles",19834,singles,men,785
19838,"ITF Spain F31, Men Doubles",19834,doubles,men,785
19842,"ITF Sweden F3, Men Singles",19840,singles,men,785
19844,"ITF Sweden F3, Men Doubles",19840,doubles,men,785
19848,"ITF Bolivia F2, Men Singles",19846,singles,men,785
19850,"ITF Bolivia F2, Men Doubles",19846,doubles,men,785
19854,"ITF Egypt F27, Men Singles",19852,singles,men,785
19856,"ITF Egypt F27, Men Doubles",19852,doubles,men,785
19860,"ITF France F21, Men Singles",19858,singles,men,785
19862,"ITF France F21, Men Doubles",19858,doubles,men,785
19866,"ITF Tunisia F28, Men Singles",19864,singles,men,785
19868,"ITF Tunisia F28, Men Doubles",19864,doubles,men,785
19874,"ITF Australia 10A, Women Singles",19872,singles,women,213
19876,"ITF Australia 10A, Women Doubles",19872,doubles,women,213
19880,"ITF Italy 28A, Women Singles",19878,singles,women,213
19882,"ITF Italy 28A, Women Doubles",19878,doubles,women,213
19886,"ITF Thailand 09A, Women Singles",19884,singles,women,213
19888,"ITF Thailand 09A, Women Doubles",19884,doubles,women,213
19892,"ITF USA 33A, Women Singles",19890,singles,women,213
19894,"ITF USA 33A, Women Doubles",19890,doubles,women,213
19898,"ITF Czech Republic 08A, Women Singles",19896,singles,women,213
19900,"ITF Czech Republic 08A, Women Doubles",19896,doubles,women,213
19904,"ITF Egypt 27A, Women Singles",19902,singles,women,213
19906,"ITF Egypt 27A, Women Doubles",19902,doubles,women,213
19910,"ITF Kazakhstan 08A, Women Singles",19908,singles,women,213
19912,"ITF Kazakhstan 08A, Women Doubles",19908,doubles,women,213
19916,"ITF Spain 16A, Women Singles",19914,singles,women,213
19918,"ITF Spain 16A, Women Doubles",19914,doubles,women,213
19922,"ITF Tunisia 28A, Women Singles",19920,singles,women,213
19924,"ITF Tunisia 28A, Women Doubles",19920,doubles,women,213
19928,"ITF Turkiye 33A, Women Singles",19926,singles,women,213
19930,"ITF Turkiye 33A, Women Doubles",19926,doubles,women,213
19934,"ITF USA 34A, Women Singles",19932,singles,women,213
19936,"ITF USA 34A, Women Doubles",19932,doubles,women,213
19952,"ITF Turkiye F37, Men Singles",19950,singles,men,785
19954,"ITF Turkiye F37, Men Doubles",19950,doubles,men,785
19958,"ITF Lebanon 02A, Women Singles",19956,singles,women,213
19960,"ITF Lebanon 02A, Women Doubles",19956,doubles,women,213
19964,"ITF Sri Lanka 01A, Women Singles",19962,singles,women,213
19966,"ITF Sri Lanka 01A, Women Doubles",19962,doubles,women,213
19970,"ITF Spain 17A, Women Singles",19968,singles,women,213
19972,"ITF Spain 17A, Women Doubles",19968,doubles,women,213
19976,"ITF Australia F6, Men Singles",19974,singles,men,785
19978,"ITF Australia F6, Men Doubles",19974,doubles,men,785
19984,"ITF France F22, Men Singles",19982,singles,men,785
19986,"ITF France F22, Men Doubles",19982,doubles,men,785
19990,"ITF Italy F32, Men Singles",19988,singles,men,785
19992,"ITF Italy F32, Men Doubles",19988,doubles,men,785
19996,"ITF Sweden F4, Men Singles",19994,singles,men,785
19998,"ITF Sweden F4, Men Doubles",19994,doubles,men,785
20002,"ITF Bolivia F3, Men Singles",20000,singles,men,785
20004,"ITF Bolivia F3, Men Doubles",20000,doubles,men,785
20008,"ITF Egypt F28, Men Singles",20006,singles,men,785
20010,"ITF Egypt F28, Men Doubles",20006,doubles,men,785
20014,"ITF Portugal F21, Men Singles",20012,singles,men,785
20016,"ITF Portugal F21, Men Doubles",20012,doubles,men,785
20020,"ITF Spain F32, Men Singles",20018,singles,men,785
20022,"ITF Spain F32, Men Doubles",20018,doubles,men,785
20026,"ITF Thailand F7, Men Singles",20024,singles,men,785
20028,"ITF Thailand F7, Men Doubles",20024,doubles,men,785
20032,"ITF Tunisia F29, Men Singles",20030,singles,men,785
20034,"ITF Tunisia F29, Men Doubles",20030,doubles,men,785
20038,"ITF Australia 11A, Women Singles",20036,singles,women,213
20040,"ITF Australia 11A, Women Doubles",20036,doubles,women,213
20044,"ITF Italy 29A, Women Singles",20042,singles,women,213
20046,"ITF Italy 29A, Women Doubles",20042,doubles,women,213
20050,"ITF Argentina 04A, Women Singles",20048,singles,women,213
20052,"ITF Argentina 04A, Women Doubles",20048,doubles,women,213
20056,"ITF Bulgaria 04A, Women Singles",20054,singles,women,213
20058,"ITF Bulgaria 04A, Women Doubles",20054,doubles,women,213
20062,"ITF Egypt 28A, Women Singles",20060,singles,women,213
20064,"ITF Egypt 28A, Women Doubles",20060,doubles,women,213
20068,"ITF Portugal 15A, Women Singles",20066,singles,women,213
20070,"ITF Portugal 15A, Women Doubles",20066,doubles,women,213
20074,"ITF Thailand 13A, Women Singles",20072,singles,women,213
20076,"ITF Thailand 13A, Women Doubles",20072,doubles,women,213
20080,"ITF Tunisia 29A, Women Singles",20078,singles,women,213
20082,"ITF Tunisia 29A, Women Doubles",20078,doubles,women,213
20086,"ITF Turkiye 34A, Women Singles",20084,singles,women,213
20088,"ITF Turkiye 34A, Women Doubles",20084,doubles,women,213
20092,"ITF USA 35A, Women Singles",20090,singles,women,213
20094,"ITF USA 35A, Women Doubles",20090,doubles,women,213
20102,"ATP Challenger Buenos Aires II, ARG Men Singles",20100,singles,men,72
20104,"ATP Challenger Buenos Aires II, ARG Men Doubles",20100,doubles,men,72
20110,"ITF Turkey F38, Men Singles",20108,singles,men,785
20112,"ITF Turkey F38, Men Doubles",20108,doubles,men,785
20116,"ITF Spain F33, Men Singles",20114,singles,men,785
20118,"ITF Spain F33, Men Doubles",20114,doubles,men,785
20122,"ITF Sri Lanka 02A, Women Singles",20120,singles,women,213
20126,"ITF France 24A, Women Singles",20124,singles,women,213
20128,"ITF France 24A, Women Doubles",20124,doubles,women,213
20130,"ITF Sri Lanka 02A, Women Doubles",20120,doubles,women,213
20144,"ITF Australia F7, Men Singles",20142,singles,men,785
20146,"ITF Australia F7, Men Doubles",20142,doubles,men,785
20150,"ITF France F23, Men Singles",20148,singles,men,785
20152,"ITF France F23, Men Doubles",20148,doubles,men,785
20158,"ITF Italy F33, Men Singles",20156,singles,men,785
20160,"ITF Italy F33, Men Doubles",20156,doubles,men,785
20166,"ITF Nigeria F4, Men Singles",20164,singles,men,785
20168,"ITF Nigeria F4, Men Doubles",20164,doubles,men,785
20174,"ITF USA F33, Men Singles",20172,singles,men,785
20176,"ITF USA F33, Men Doubles",20172,doubles,men,785
20182,"ITF Egypt F29, Men Singles",20180,singles,men,785
20184,"ITF Egypt F29, Men Doubles",20180,doubles,men,785
20192,"ITF Germany F14, Men Singles",20190,singles,men,785
20194,"ITF Germany F14, Men Doubles",20190,doubles,men,785
20204,"ITF Turkiye 35A, Women Singles",20202,singles,women,213
20206,"ITF Turkiye 35A, Women Doubles",20202,doubles,women,213
20210,"ITF Tunisia 30A, Women Singles",20208,singles,women,213
20212,"ITF Tunisia 30A, Women Doubles",20208,doubles,women,213
20216,"ITF Thailand 14A, Women Singles",20214,singles,women,213
20218,"ITF Thailand 14A, Women Doubles",20214,doubles,women,213
20222,"ITF Egypt 29A, Women Singles",20220,singles,women,213
20224,"ITF Egypt 29A, Women Doubles",20220,doubles,women,213
20230,"ITF Argentina 05A, Women Singles",20228,singles,women,213
20232,"ITF Argentina 05A, Women Doubles",20228,doubles,women,213
20236,"ITF USA 36A, Women Singles",20234,singles,women,213
20238,"ITF USA 36A, Women Doubles",20234,doubles,women,213
20242,"ITF Spain 18A, Women Singles",20240,singles,women,213
20244,"ITF Spain 18A, Women Doubles",20240,doubles,women,213
20248,"ITF Portugal 12A, Women Singles",20246,singles,women,213
20250,"ITF Portugal 12A, Women Doubles",20246,doubles,women,213
20254,"ITF Thailand F8, Men Singles",20252,singles,men,785
20256,"ITF Thailand F8, Men Doubles",20252,doubles,men,785
20260,"ITF Nigeria 01A, Women Singles",20258,singles,women,213
20262,"ITF Nigeria 01A, Women Doubles",20258,doubles,women,213
20266,"ITF Tunisia F30, Men Singles",20264,singles,men,785
20270,"ITF Tunisia F30, Men Doubles",20264,doubles,men,785
20272,"ITF Japan 11A, Women Singles",20268,singles,women,213
20274,"ITF Japan 11A, Women Doubles",20268,doubles,women,213
20278,"ITF Italy 30A, Women Singles",20276,singles,women,213
20280,"ITF Italy 30A, Women Doubles",20276,doubles,women,213
20284,"ITF Australia 12A, Women Singles",20282,singles,women,213
20286,"ITF Australia 12A, Women Doubles",20282,doubles,women,213
20290,"ITF Turkiye F39, Men Singles",20288,singles,men,785
20292,"ITF Turkiye F39, Men Doubles",20288,doubles,men,785
20296,"ITF Thailand F9, Men Singles",20294,singles,men,785
20298,"ITF Thailand F9, Men Doubles",20294,doubles,men,785
20302,"ITF Sri Lanka 03A, Women Singles",20300,singles,women,213
20304,"ITF Sri Lanka 03A, Women Doubles",20300,doubles,women,213
20308,"ITF Spain 18B, Women Singles",20306,singles,women,213
20310,"ITF Spain 18B, Women Doubles",20306,doubles,women,213
20328,"ITF China 16A, Women Singles",20326,singles,women,213
20330,"ITF China 16A, Women Doubles",20326,doubles,women,213
20334,"ITF France 25A, Women Singles",20332,singles,women,213
20336,"ITF France 25A, Women Doubles",20332,doubles,women,213
20340,"ITF Japan 12A, Women Singles",20338,singles,women,213
20342,"ITF Japan 12A, Women Doubles",20338,doubles,women,213
20346,"ITF Italy 31A, Women Singles",20344,singles,women,213
20348,"ITF Italy 31A, Women Doubles",20344,doubles,women,213
20352,"ITF Nigeria 02A, Women Singles",20350,singles,women,213
20354,"ITF Nigeria 02A, Women Doubles",20350,doubles,women,213
20358,"ITF Portugal 13A, Women Doubles",20356,doubles,women,213
20360,"ITF Portugal 13A, Women Singles",20356,singles,women,213
20364,"ITF USA 37A, Women Singles",20362,singles,women,213
20366,"ITF USA 37A, Women Doubles",20362,doubles,women,213
20370,"ITF Egypt 30A, Women Singles",20368,singles,women,213
20372,"ITF Egypt 30A, Women Doubles",20368,doubles,women,213
20376,"ITF Tunisia 31A, Women Singles",20374,singles,women,213
20378,"ITF Tunisia 31A, Women Doubles",20374,doubles,women,213
20382,"ITF Turkiye 36A, Women Singles",20380,singles,women,213
20384,"ITF Turkiye 36A, Women Doubles",20380,doubles,women,213
20388,"ITF France F24, Men Singles",20386,singles,men,785
20390,"ITF France F24, Men Doubles",20386,doubles,men,785
20394,"ITF Italy F34, Men Singles",20392,singles,men,785
20396,"ITF Italy F34, Men Doubles",20392,doubles,men,785
20400,"ITF Nigeria F5, Men Singles",20398,singles,men,785
20402,"ITF Nigeria F5, Men Doubles",20398,doubles,men,785
20406,"ITF Egypt F30, Men Singles",20404,singles,men,785
20408,"ITF Egypt F30, Men Doubles",20404,doubles,men,785
20412,"ITF Germany F15, Men Singles",20410,singles,men,785
20414,"ITF Germany F15, Men Doubles",20410,doubles,men,785
20418,"ITF Israel F13, Men Singles",20416,singles,men,785
20420,"ITF Israel F13, Men Doubles",20416,doubles,men,785
20424,"ITF Malaysia F1, Men Singles",20422,singles,men,785
20426,"ITF Malaysia F1, Men Doubles",20422,doubles,men,785
20430,"ITF Tunisia F31, Men Singles",20428,singles,men,785
20432,"ITF Tunisia F31, Men Doubles",20428,doubles,men,785
20438,"ITF Hong Kong 01A, Women Singles",20436,singles,women,213
20440,"ITF Hong Kong 01A, Women Doubles",20436,doubles,women,213
20444,"ITF USA 01A, Women Singles",20442,singles,women,213
20446,"ITF USA 01A, Women Doubles",20442,doubles,women,213
20450,"ITF France 01A, Women Singles",20448,singles,women,213
20452,"ITF France 01A, Women Doubles",20448,doubles,women,213
20474,"ITF Germany F16, Men Singles",20472,singles,men,785
20476,"ITF Germany F16, Men Doubles",20472,doubles,men,785
20480,"ITF Turkey F40, Men Singles",20478,singles,men,785
20482,"ITF Turkey F40, Men Doubles",20478,doubles,men,785
20486,"ITF Malaysia F2, Men Singles",20484,singles,men,785
20488,"ITF Malaysia F2, Men Doubles",20484,doubles,men,785
20492,"ITF Tunisia 01A, Women Singles",20490,singles,women,213
20494,"ITF Tunisia 01A, Women Doubles",20490,doubles,women,213
20498,"ITF Italy F35, Men Singles",20496,singles,men,785
20500,"ITF Italy F35, Men Doubles",20496,doubles,men,785
20504,"ITF Czech Republic F7, Men Singles",20502,singles,men,785
20506,"ITF Czech Republic F7, Men Doubles",20502,doubles,men,785
20512,"ITF Egypt F31, Men Singles",20510,singles,men,785
20514,"ITF Egypt F31, Men Doubles",20510,doubles,men,785
20518,"ITF Estonia F2, Men Singles",20516,singles,men,785
20520,"ITF Estonia F2, Men Doubles",20516,doubles,men,785
20524,"ITF Greece F6, Men Singles",20522,singles,men,785
20526,"ITF Greece F6, Men Doubles",20522,doubles,men,785
20534,"ITF France 21A, Women Singles",20532,singles,women,213
20536,"ITF France 21A, Women Doubles",20532,doubles,women,213
20542,"ITF USA 38A, Women Singles",20540,singles,women,213
20544,"ITF USA 38A, Women Doubles",20540,doubles,women,213
20550,"ITF Canada 07A, Women Singles",20548,singles,women,213
20552,"ITF Canada 07A, Women Doubles",20548,doubles,women,213
20556,"ITF China 17A, Women Singles",20554,singles,women,213
20558,"ITF China 17A, Women Doubles",20554,doubles,women,213
20564,"ITF Italy 32A, Women Singles",20562,singles,women,213
20566,"ITF Italy 32A, Women Doubles",20562,doubles,women,213
20570,"ITF Portugal 14A, Women Singles",20568,singles,women,213
20572,"ITF Portugal 14A, Women Doubles",20568,doubles,women,213
20592,"ITF Turkiye 37A, Women Singles",20590,singles,women,213
20594,"ITF Turkiye 37A, Women Doubles",20590,doubles,women,213
20598,"ITF Egypt 31A, Women Singles",20596,singles,women,213
20600,"ITF Egypt 31A, Women Doubles",20596,doubles,women,213
20604,"ITF Great Britain 14A, Women Singles",20602,singles,women,213
20606,"ITF Great Britain 14A, Women Doubles",20602,doubles,women,213
20610,"ITF Greece 06A, Women Singles",20608,singles,women,213
20612,"ITF Greece 06A, Women Doubles",20608,doubles,women,213
20616,"ITF Paraguay 01B, Women Singles",20614,singles,women,213
20618,"ITF Paraguay 01B, Women Doubles",20614,doubles,women,213
20622,"ITF Sweden 04A, Women Singles",20620,singles,women,213
20624,"ITF Sweden 04A, Women Doubles",20620,doubles,women,213
20628,"ITF Tunisia 32A, Women Singles",20626,singles,women,213
20630,"ITF Tunisia 32A, Women Doubles",20626,doubles,women,213
20634,"ITF Tunisia F32, Men Singles",20632,singles,men,785
20636,"ITF Tunisia F32, Men Doubles",20632,doubles,men,785
20654,"ITF Turkey 01A, Women Singles",20652,singles,women,213
20656,"ITF Turkey 01A, Women Doubles",20652,doubles,women,213
20660,"ITF USA 02A, Women Singles",20658,singles,women,213
20662,"ITF USA 02A, Women Doubles",20658,doubles,women,213
20666,"ITF Egypt 01A, Women Singles",20664,singles,women,213
20668,"ITF Egypt 01A, Women Doubles",20664,doubles,women,213
20672,"ITF France 02A, Women Singles",20670,singles,women,213
20674,"ITF France 02A, Women Doubles",20670,doubles,women,213
20684,"ITF Germany 01A, Women Singles",20682,singles,women,213
20686,"ITF Germany 01A, Women Doubles",20682,doubles,women,213
20690,"ITF Tunisia 02A, Women Singles",20688,singles,women,213
20692,"ITF Tunisia 02A, Women Doubles",20688,doubles,women,213
20696,"ITF Turkey 02A, Women Singles",20694,singles,women,213
20698,"ITF Turkey 02A, Women Doubles",20694,doubles,women,213
20702,"ITF France 05A, Women Singles",20700,singles,women,213
20704,"ITF France 05A, Women Doubles",20700,doubles,women,213
20708,"ITF USA 03A, Women Singles",20706,singles,women,213
20710,"ITF USA 03A, Women Doubles",20706,doubles,women,213
20714,"ITF Egypt 02A, Women Singles",20712,singles,women,213
20716,"ITF Egypt 02A, Women Doubles",20712,doubles,women,213
20720,"ITF France 03A, Women Singles",20718,singles,women,213
20722,"ITF France 03A, Women Doubles",20718,doubles,women,213
20726,"ITF Kazakhstan 01A, Women Singles",20724,singles,women,213
20728,"ITF Kazakhstan 01A, Women Doubles",20724,doubles,women,213
20732,"ITF Israel F15, Men Singles",20730,singles,men,785
20734,"ITF Israel F15, Men Doubles",20730,doubles,men,785
20738,"ITF Malaysia F3, Men Singles",20736,singles,men,785
20742,"ITF Turkey F41, Men Singles",20740,singles,men,785
20744,"ITF Malaysia F3, Men Doubles",20736,doubles,men,785
20746,"ITF Turkey F41, Men Doubles",20740,doubles,men,785
20750,ITF Italy F36 Men Singles,20748,singles,men,785
20752,ITF Italy F36 Men Doubles,20748,doubles,men,785
20756,"ITF Czech Republic F8, Men Singles",20754,singles,men,785
20758,"ITF Czech Republic F8, Men Doubles",20754,doubles,men,785
20762,"ITF Egypt F32, Men Singles",20760,singles,men,785
20764,"ITF Egypt F32, Men Doubles",20760,doubles,men,785
20776,"ITF USA 39A, Women Singles",20774,singles,women,213
20778,"ITF USA 39A, Women Doubles",20774,doubles,women,213
20786,"ITF Estonia F3, Men Singles",20784,singles,men,785
20788,"ITF Estonia F3, Men Doubles",20784,doubles,men,785
20792,"ITF Greece F7, Men Singles",20790,singles,men,785
20794,"ITF Greece F7, Men Doubles",20790,doubles,men,785
20798,"ITF Kuwait F1, Men Singles",20796,singles,men,785
20800,"ITF Kuwait F1, Men Doubles",20796,doubles,men,785
20804,"ITF Tunisia F33, Men Singles",20802,singles,men,785
20806,"ITF Tunisia F33, Men Doubles",20802,doubles,men,785
20812,"ITF USA F35, Men Singles",20810,singles,men,785
20814,"ITF USA F35, Men Doubles",20810,doubles,men,785
20818,"ITF Australia 07A, Women Singles",20816,singles,women,213
20820,"ITF Australia 07A, Women Doubles",20816,doubles,women,213
20824,"ITF Canada 04A, Women Singles",20822,singles,women,213
20826,"ITF Canada 04A, Women Doubles",20822,doubles,women,213
20830,"ITF France 22A, Women Singles",20828,singles,women,213
20832,"ITF France 22A, Women Doubles",20828,doubles,women,213
20836,"ITF Spain 19A, Women Singles",20834,singles,women,213
20838,"ITF Spain 19A, Women Doubles",20834,doubles,women,213
20842,"ITF Colombia 01A, Women Singles",20840,singles,women,213
20844,"ITF Colombia 01A, Women Doubles",20840,doubles,women,213
20848,"ITF Great Britain 15A, Women Singles",20846,singles,women,213
20850,"ITF Great Britain 15A, Women Doubles",20846,doubles,women,213
20854,"ITF Luxembourg 01A, Women Singles",20852,singles,women,213
20856,"ITF Luxembourg 01A, Women Doubles",20852,doubles,women,213
20860,"ITF Morocco 01A, Women Singles",20858,singles,women,213
20862,"ITF Morocco 01A, Women Doubles",20858,doubles,women,213
20866,"ITF Paraguay 01A, Women Singles",20864,singles,women,213
20868,"ITF Paraguay 01A, Women Doubles",20864,doubles,women,213
20872,"ITF Sweden 05A, Women Singles",20870,singles,women,213
20874,"ITF Sweden 05A, Women Doubles",20870,doubles,women,213
20878,"ITF Italy 33A, Women Singles",20876,singles,women,213
20880,"ITF Italy 33A, Women Doubles",20876,doubles,women,213
20884,"ITF Egypt 32A, Women Singles",20882,singles,women,213
20886,"ITF Egypt 32A, Women Doubles",20882,doubles,women,213
20890,"ITF Greece 07A, Women Singles",20888,singles,women,213
20892,"ITF Greece 07A, Women Doubles",20888,doubles,women,213
20896,"ITF Tunisia 33A, Women Singles",20894,singles,women,213
20898,"ITF Tunisia 33A, Women Doubles",20894,doubles,women,213
20902,"ITF Turkiye 38A, Women Singles",20900,singles,women,213
20904,"ITF Turkiye 38A, Women Doubles",20900,doubles,women,213
20936,"ITF Turkey F42, Men Singles",20934,singles,men,785
20938,"ITF Turkey F42, Men Doubles",20934,doubles,men,785
20942,"ITF Morocco 02A, Women Singles",20940,singles,women,213
20944,"ITF Morocco 02A, Women Doubles",20940,doubles,women,213
20948,"ITF Paraguay 02A, Women Singles",20946,singles,women,213
20950,"ITF Paraguay 02A, Women Doubles",20946,doubles,women,213
20956,"ITF Tunisia 03A, Women Singles",20954,singles,women,213
20958,"ITF Tunisia 03A, Women Doubles",20954,doubles,women,213
20962,"ITF Turkey 03A, Women Singles",20960,singles,women,213
20964,"ITF Turkey 03A, Women Doubles",20960,doubles,women,213
20968,"ITF China 18B, Women Singles",20966,singles,women,213
20970,"ITF China 18B, Women Doubles",20966,doubles,women,213
20974,"ITF Japan 14A, Women Singles",20972,singles,women,213
20976,"ITF Japan 14A, Women Doubles",20972,doubles,women,213
20980,"ITF USA 40A, Women Singles",20978,singles,women,213
20982,"ITF USA 40A, Women Doubles",20978,doubles,women,213
20986,"ITF Australia 08A, Women Singles",20984,singles,women,213
20988,"ITF Australia 08A, Women Doubles",20984,doubles,women,213
20992,"ITF Great Britain 16A, Women Singles",20990,singles,women,213
20994,"ITF Great Britain 16A, Women Doubles",20990,doubles,women,213
20998,"ITF India 03A, Women Singles",20996,singles,women,213
21000,"ITF India 03A, Women Doubles",20996,doubles,women,213
21004,"ITF Argentina F8, Men Singles",21002,singles,men,785
21006,"ITF Argentina F8, Men Doubles",21002,doubles,men,785
21010,"ITF Czech Republic F9, Men Singles",21008,singles,men,785
21012,"ITF Czech Republic F9, Men Doubles",21008,doubles,men,785
21016,"ITF Egypt F33, Men Singles",21014,singles,men,785
21018,"ITF Egypt F33, Men Doubles",21014,doubles,men,785
21022,"ITF Estonia F4, Men Singles",21020,singles,men,785
21024,"ITF Estonia F4, Men Doubles",21020,doubles,men,785
21028,"ITF Colombia 02A, Women Singles",No value,singles,women,213
21030,"ITF Colombia 02A, Women Doubles",21026,doubles,women,213
21034,"ITF Greece F8, Men Singles",21032,singles,men,785
21036,"ITF Greece F8, Men Doubles",21032,doubles,men,785
21040,"ITF Egypt 33A, Women Singles",21038,singles,women,213
21042,"ITF Egypt 33A, Women Doubles",21038,doubles,women,213
21046,"ITF Kuwait F2, Men Singles",21044,singles,men,785
21048,"ITF Kuwait F2, Men Doubles",21044,doubles,men,785
21052,"ITF Greece 08A, Women Singles",21050,singles,women,213
21054,"ITF Greece 08A, Women Doubles",21050,doubles,women,213
21058,"ITF Tunisia F34, Men Singles",21056,singles,men,785
21060,"ITF Tunisia F34, Men Doubles",21056,doubles,men,785
21064,"ITF Italy 34A, Women Doubles",21062,doubles,women,213
21066,"ITF Italy 34A, Women Singles",21062,singles,women,213
21070,"ITF USA F36, Men Singles",21068,singles,men,785
21072,"ITF USA F36, Men Doubles",21068,doubles,men,785
21076,"ITF Vietnam F1, Men Singles",21074,singles,men,785
21078,"ITF Vietnam F1, Men Doubles",21074,doubles,men,785
21082,"ITF Spain 20A, Women Singles",21080,singles,women,213
21084,"ITF Spain 20A, Women Doubles",21080,doubles,women,213
21088,"ITF Tunisia 34A, Women Singles",21086,singles,women,213
21090,"ITF Tunisia 34A, Women Doubles",21086,doubles,women,213
21094,"ITF Turkey 39A, Women Singles",21092,singles,women,213
21096,"ITF Turkey 39A, Women Doubles",21092,doubles,women,213
21128,"ITF Australia 03A, Women Singles",21126,singles,women,213
21130,"ITF Australia 03A, Women Doubles",21126,doubles,women,213
21134,"ITF Brazil 01A, Women Singles",21132,singles,women,213
21136,"ITF Brazil 01A, Women Doubles",21132,doubles,women,213
21140,"ITF Australia 01C, Women Singles",21138,singles,women,213
21142,"ITF Australia 01C, Women Doubles",21138,doubles,women,213
21146,"ITF China 03A, Women Singles",21144,singles,women,213
21148,"ITF China 03A, Women Doubles",21144,doubles,women,213
21152,"ITF France 04A, Women Singles",21150,singles,women,213
21154,"ITF France 04A, Women Doubles",21150,doubles,women,213
21158,"ITF Brazil F2, Men Singles",21156,singles,men,785
21160,"ITF Brazil F2, Men Doubles",21156,doubles,men,785
21164,"ITF Mexico F5, Men Singles",21162,singles,men,785
21166,"ITF Mexico F5, Men Doubles",21162,doubles,men,785
21170,"ITF Turkey F43, Men Singles",21168,singles,men,785
21172,"ITF Turkey F43, Men Doubles",21168,doubles,men,785
21176,"ITF Morocco 03A, Women Singles",21174,singles,women,213
21178,"ITF Morocco 03A, Women Doubles",21174,doubles,women,213
21182,"ITF USA 41A, Women Singles",21180,singles,women,213
21184,"ITF USA 41A, Women Doubles",21180,doubles,women,213
21190,"ITF Egypt 03A, Women Singles",21188,singles,women,213
21192,"ITF Egypt 03A, Women Doubles",21188,doubles,women,213
21196,"ITF Great Britain 01A, Women Singles",21194,singles,women,213
21198,"ITF Great Britain 01A, Women Doubles",21194,doubles,women,213
21202,"ITF Kazakhstan 02A, Women Singles",21200,singles,women,213
21204,"ITF Kazakhstan 02A, Women Doubles",21200,doubles,women,213
21208,"WTA 125K Mumbai, India Women Singles",21206,singles,women,871
21210,"WTA 125K Mumbai, India Women Doubles",21206,doubles,women,871
21214,"ITF Tunisia 04A, Women Singles",21212,singles,women,213
21216,"ITF Tunisia 04A, Women Doubles",21212,doubles,women,213
21220,"ITF Turkey 04A, Women Singles",21218,singles,women,213
21222,"ITF Turkey 04A, Women Doubles",21218,doubles,women,213
21226,"ITF Australia 02B, Women Singles",21224,singles,women,213
21228,"ITF Australia 02B, Women Doubles",No value,doubles,women,213
21232,"ITF Egypt 04A, Women Singles",21230,singles,women,213
21234,"ITF Egypt 04A, Women Doubles",21230,doubles,women,213
21238,"ITF Great Britain 06A, Women Singles",21236,singles,women,213
21240,"ITF Great Britain 06A, Women Doubles",21236,doubles,women,213
21244,"ITF Slovakia 01A, Women Singles",21242,singles,women,213
21246,"ITF Slovakia 01A, Women Doubles",21242,doubles,women,213
21252,"ITF Spain 01A, Women Singles",21250,singles,women,213
21254,"ITF Spain 01A, Women Doubles",21250,doubles,women,213
21258,"ITF Tunisia 05A, Women Singles",21256,singles,women,213
21260,"ITF Tunisia 05A, Women Doubles",21256,doubles,women,213
21264,"ITF Turkey 05A, Women Singles",21262,singles,women,213
21266,"ITF Turkey 05A, Women Doubles",21262,doubles,women,213
21270,"ITF Australia 01A, Women Singles",21268,singles,women,213
21272,"ITF Australia 01A, Women Doubles",21268,doubles,women,213
21276,"ITF Germany 02A, Women Singles",21274,singles,women,213
21278,"ITF Germany 02A, Women Doubles",21274,doubles,women,213
21282,"ITF USA 05A, Women Singles",21280,singles,women,213
21284,"ITF USA 05A, Women Doubles",21280,doubles,women,213
21288,"ITF Finland F4, Men Singles",21286,singles,men,785
21290,"ITF Finland F4, Men Doubles",21286,doubles,men,785
21294,"ITF China 01A, Women Singles",21292,singles,women,213
21296,"ITF China 01A, Women Doubles",21292,doubles,women,213
21300,"ITF Argentina F9, Men Singles",21298,singles,men,785
21302,"ITF Argentina F9, Men Doubles",21298,doubles,men,785
21306,"ITF Egypt F34, Men Singles",21304,singles,men,785
21308,"ITF Egypt F34, Men Doubles",21304,doubles,men,785
21312,"ITF Greece F9, Men Singles",21310,singles,men,785
21314,"ITF Greece F9, Men Doubles",21310,doubles,men,785
21318,"ITF Kuwait F3, Men Singles",21316,singles,men,785
21320,"ITF Kuwait F3, Men Doubles",21316,doubles,men,785
21324,"ITF Japan 13A, Women Singles",21322,singles,women,213
21326,"ITF Japan 13A, Women Doubles",21322,doubles,women,213
21330,"ITF Poland 07A, Women Singles",21328,singles,women,213
21332,"ITF Poland 07A, Women Doubles",21328,doubles,women,213
21338,"ITF Senegal 01A, Women Singles",21336,singles,women,213
21340,"ITF Senegal 01A, Women Doubles",21336,doubles,women,213
21344,"ITF Tunisia F35, Men Singles",21342,singles,men,785
21346,"ITF Tunisia F35, Men Doubles",21342,doubles,men,785
21350,"ITF USA F37, Men Singles",21348,singles,men,785
21352,"ITF USA F37, Men Doubles",21348,doubles,men,785
21356,"ITF Vietnam F2, Men Singles",21354,singles,men,785
21358,"ITF Vietnam F2, Men Doubles",21354,doubles,men,785
21362,"ITF Egypt 34A, Women Singles",21360,singles,women,213
21364,"ITF Egypt 34A, Women Doubles",21360,doubles,women,213
21368,"ITF Finland 03A, Women Singles",21366,singles,women,213
21370,"ITF Finland 03A, Women Doubles",21366,doubles,women,213
21374,"ITF Greece 09A, Women Singles",21372,singles,women,213
21376,"ITF Greece 09A, Women Doubles",21372,doubles,women,213
21380,"ITF Norway 01A, Women Singles",21378,singles,women,213
21382,"ITF Norway 01A, Women Doubles",21378,doubles,women,213
21388,"ITF Spain 21A, Women Singles",21386,singles,women,213
21390,"ITF Spain 21A, Women Doubles",21386,doubles,women,213
21394,"ITF Tunisia 35A, Women Singles",21392,singles,women,213
21396,"ITF Tunisia 35A, Women Doubles",21392,doubles,women,213
21400,"ITF Turkey 40A, Women Singles",21398,singles,women,213
21402,"ITF Turkey 40A, Women Doubles",21398,doubles,women,213
21406,ATP World Tour Finals Men Singles,21404,singles,men,3
21408,ATP World Tour Finals Men Doubles,21404,doubles,men,3
21422,WTA Finals Women Singles,21420,singles,women,6
21424,WTA Finals Women Doubles,21420,doubles,women,6
21432,"ITF Egypt 05A, Women Singles",21430,singles,women,213
21434,"ITF Egypt 05A, Women Doubles",21430,doubles,women,213
21438,"ITF Great Britain 07A, Women Singles",21436,singles,women,213
21440,"ITF Great Britain 07A, Women Doubles",21436,doubles,women,213
21444,"ITF Tunisia 06A, Women Singles",21442,singles,women,213
21446,"ITF Tunisia 06A, Women Doubles",21442,doubles,women,213
21450,"ITF Australia 02A, Women Singles",21448,singles,women,213
21452,"ITF Australia 02A, Women Doubles",21448,doubles,women,213
21468,"ITF Russia 01A, Women Singles",21466,singles,women,213
21470,"ITF Russia 01A, Women Doubles",21466,doubles,women,213
21474,"ITF USA 06A, Women Singles",21472,singles,women,213
21476,"ITF USA 06A, Women Doubles",21472,doubles,women,213
21480,"ITF China 02A, Women Singles",21478,singles,women,213
21482,"ITF China 02A, Women Doubles",21478,doubles,women,213
21486,"ITF Egypt 06A, Women Singles",21484,singles,women,213
21488,"ITF Egypt 06A, Women Doubles",21484,doubles,women,213
21492,"ITF Spain 03A, Women Singles",21490,singles,women,213
21494,"ITF Spain 03A, Women Doubles",21490,doubles,women,213
21498,"ITF Tunisia 07A, Women Singles",21496,singles,women,213
21500,"ITF Tunisia 07A, Women Doubles",21496,doubles,women,213
21514,"ITF Turkey 06A, Women Singles",21512,singles,women,213
21516,"ITF Turkey 06A, Women Doubles",21512,doubles,women,213
21520,"ITF Turkey 07A, Women Singles",21518,singles,women,213
21522,"ITF Turkey 07A, Women Doubles",21518,doubles,women,213
21534,"ITF Chile F1, Men Singles",21532,singles,men,785
21536,"ITF Chile F1, Men Doubles",21532,doubles,men,785
21540,"ITF Turkey F44, Men Singles",21538,singles,men,785
21544,"ITF Czech Republic F11, Men Singles",21542,singles,men,785
21546,"ITF Czech Republic F11, Men Doubles",21542,doubles,men,785
21548,"ITF Turkey F44, Men Doubles",21538,doubles,men,785
21552,"ITF USA F38, Men Singles",21550,singles,men,785
21554,"ITF USA F38, Men Doubles",21550,doubles,men,785
21584,"ITF Spain 24A, Women Singles",21582,singles,women,213
21586,"ITF Spain 24A, Women Doubles",21582,doubles,women,213
21590,"ITF Belarus 03A, Women Singles",21588,singles,women,213
21592,"ITF Belarus 03A, Women Doubles",21588,doubles,women,213
21596,"ITF Egypt 35A, Women Singles",21594,singles,women,213
21598,"ITF Egypt 35A, Women Doubles",21594,doubles,women,213
21602,"ITF Greece 10A, Women Singles",21600,singles,women,213
21604,"ITF Greece 10A, Women Doubles",21600,doubles,women,213
21608,"ITF South Africa 01A, Women Singles",21606,singles,women,213
21610,"ITF South Africa 01A, Women Doubles",21606,doubles,women,213
21614,"ITF Tunisia 36A, Women Singles",21612,singles,women,213
21616,"ITF Tunisia 36A, Women Doubles",21612,doubles,women,213
21620,"ITF Turkey 41A, Women Singles",21618,singles,women,213
21622,"ITF Turkey 41A, Women Doubles",21618,doubles,women,213
21626,"ITF Indonesia F7, Men Singles",21624,singles,men,785
21628,"ITF Indonesia F7, Men Doubles",21624,doubles,men,785
21632,"ITF Argentina F10, Men Singles",21630,singles,men,785
21634,"ITF Argentina F10, Men Doubles",21630,doubles,men,785
21638,"ITF Brazil F3, Men Singles",21636,singles,men,785
21640,"ITF Brazil F3, Men Doubles",21636,doubles,men,785
21644,"ITF Egypt F35, Men Singles",21642,singles,men,785
21646,"ITF Egypt F35, Men Doubles",21642,doubles,men,785
21650,"ITF Greece F10, Men Singles",21648,singles,men,785
21652,"ITF Greece F10, Men Doubles",21648,doubles,men,785
21656,"ITF Mexico F6, Men Singles",21654,singles,men,785
21658,"ITF Mexico F6, Men Doubles",21654,doubles,men,785
21662,"ITF South Africa F1, Men Singles",21660,singles,men,785
21664,"ITF South Africa F1, Men Doubles",21660,doubles,men,785
21668,"ITF Vietnam F3, Men Singles",21666,singles,men,785
21670,"ITF Vietnam F3, Men Doubles",21666,doubles,men,785
21674,"ITF Tunisia F36, Men Singles",21672,singles,men,785
21676,"ITF Tunisia F36, Men Doubles",21672,doubles,men,785
21702,WTA Elite Trophy Women Singles,21706,singles,women,6
21704,WTA Elite Trophy Women Doubles,21706,doubles,women,6
21710,"ITF Brazil 09B, Women Singles",21708,singles,women,213
21712,"ITF Brazil 09B, Women Doubles",21708,doubles,women,213
21716,"ITF Ecuador 01A, Women Singles",21714,singles,women,213
21718,"ITF Ecuador 01A, Women Doubles",21714,doubles,women,213
21722,"ITF Czech Republic 09A, Women Singles",21720,singles,women,213
21724,"ITF Czech Republic 09A, Women Doubles",21720,doubles,women,213
21728,"ITF Brazil F4, Men Singles",21726,singles,men,785
21732,"ITF Thailand F10, Men Singles",21730,singles,men,785
21734,"ITF Brazil F4, Men Doubles",21726,doubles,men,785
21738,"ITF Mexico F7, Men Singles",21802,singles,men,785
21740,"ITF Mexico F7, Men Doubles",21802,doubles,men,785
21742,"ITF Tunisia F37, Men Singles",13399,singles,men,785
21744,"ITF Tunisia F37, Men Doubles",13399,doubles,men,785
21746,"ITF Thailand F10, Men Doubles",21730,doubles,men,785
21750,"ITF Turkey F45, Men Singles",21748,singles,men,785
21752,"ITF Turkey F45, Men Doubles",21748,doubles,men,785
21756,"ITF Chile 01A, Women Singles",21754,singles,women,213
21758,"ITF Chile 01A, Women Doubles",21754,doubles,women,213
21762,"ITF Indonesia F8, Men Singles",21760,singles,men,785
21764,"ITF Indonesia F8, Men Doubles",21760,doubles,men,785
21768,"ITF USA F39, Men Singles",21766,singles,men,785
21770,"ITF USA F39, Men Doubles",21766,doubles,men,785
21774,"ITF Argentina F11, Men Singles",21772,singles,men,785
21776,"ITF Argentina F11, Men Doubles",21772,doubles,men,785
21780,"ITF Chile F2, Men Singles",21778,singles,men,785
21782,"ITF Chile F2, Men Doubles",21778,doubles,men,785
21786,"ITF Dominican Republic F1, Men Singles",21784,singles,men,785
21788,"ITF Dominican Republic F1, Men Doubles",21784,doubles,men,785
21792,"ITF Egypt F36, Men Singles",21790,singles,men,785
21794,"ITF Egypt F36, Men Doubles",21790,doubles,men,785
21798,"ITF Israel F16, Men Singles",21796,singles,men,785
21800,"ITF Israel F16, Men Doubles",21796,doubles,men,785
21806,"ITF South Africa F2, Men Singles",21804,singles,men,785
21808,"ITF South Africa F2, Men Doubles",21804,doubles,men,785
21812,"ITF Egypt 36A, Women Singles",21810,singles,women,213
21814,"ITF Egypt 36A, Women Doubles",21810,doubles,women,213
21818,"ITF India 07A, Women Singles",21816,singles,women,213
21820,"ITF India 07A, Women Doubles",21816,doubles,women,213
21824,"ITF South Africa 02A, Women Singles",21822,singles,women,213
21826,"ITF South Africa 02A, Women Doubles",21822,doubles,women,213
21830,"ITF Spain 22A, Women Singles",21828,singles,women,213
21832,"ITF Spain 22A, Women Doubles",21828,doubles,women,213
21836,"ITF Tunisia 37A, Women Singles",21834,singles,women,213
21838,"ITF Tunisia 37A, Women Doubles",21834,doubles,women,213
21842,"ITF Turkey 42A, Women Singles",21840,singles,women,213
21844,"ITF Turkey 42A, Women Doubles",21840,doubles,women,213
21864,"ITF Egypt 07A, Women Singles",21862,singles,women,213
21866,"ITF Egypt 07A, Women Doubles",21862,doubles,women,213
21870,"ITF France 04B, Women Singles",21868,singles,women,213
21872,"ITF France 04B, Women Doubles",21868,doubles,women,213
21880,"ITF Spain 04A, Women Singles",21878,singles,women,213
21882,"ITF Spain 04A, Women Doubles",21878,doubles,women,213
21886,"ITF Tunisia 08A, Women Singles",21884,singles,women,213
21888,"ITF Tunisia 08A, Women Doubles",21884,doubles,women,213
21892,"ITF Turkey 08A, Women Singles",21890,singles,women,213
21894,"ITF Turkey 08A, Women Doubles",21890,doubles,women,213
21898,"ITF China 03C, Women Singles",21896,singles,women,213
21900,"ITF China 03C, Women Doubles",21896,doubles,women,213
21904,"ITF Australia 04A, Women Singles",21902,singles,women,213
21906,"ITF Australia 04A, Women Doubles",21902,doubles,women,213
21910,"ITF Brazil 02A, Women Singles",21908,singles,women,213
21912,"ITF Brazil 02A, Women Doubles",21908,doubles,women,213
21916,"ITF France 09A, Women Singles",21914,singles,women,213
21918,"ITF France 09A, Women Doubles",21914,doubles,women,213
21922,"ITF Egypt 08A, Women Singles",21920,singles,women,213
21924,"ITF Egypt 08A, Women Doubles",21920,doubles,women,213
21928,"ITF Greece 01A, Women Singles",21926,singles,women,213
21930,"ITF Greece 01A, Women Doubles",21926,doubles,women,213
21934,"ITF Italy 03A, Women Singles",21932,singles,women,213
21936,"ITF Italy 03A, Women Doubles",21932,doubles,women,213
21940,"ITF Tunisia 09A, Women Singles",21938,singles,women,213
21942,"ITF Tunisia 09A, Women Doubles",21938,doubles,women,213
21946,"ITF Turkey 09A, Women Singles",21944,singles,women,213
21950,"ITF Turkey 12A, Women Singles",21948,singles,women,213
21952,"ITF Turkey 12A, Women Doubles",21948,doubles,women,213
21954,"ITF Turkey 09A, Women Doubles",21944,doubles,women,213
21958,"ITF Tunisia 13A, Women Singles",21956,singles,women,213
21960,"ITF Tunisia 13A, Women Doubles",21956,doubles,women,213
21966,"ITF Portugal 02A, Women Singles",21964,singles,women,213
21968,"ITF Portugal 02A, Women Doubles",21964,doubles,women,213
21972,"ITF USA 07A, Women Singles",21970,singles,women,213
21974,"ITF USA 07A, Women Doubles",21970,doubles,women,213
21978,"ITF Greece 04A, Women Singles",21976,singles,women,213
21980,"ITF Greece 04A, Women Doubles",21976,doubles,women,213
21984,"ITF Egypt 11A, Women Singles",21982,singles,women,213
21986,"ITF Egypt 11A, Women Doubles",21982,doubles,women,213
21990,"ITF China 03B, Women Singles",21988,singles,women,213
21992,"ITF China 03B, Women Doubles",21988,doubles,women,213
21996,"ITF Egypt 09A, Women Singles",21994,singles,women,213
21998,"ITF Egypt 09A, Women Doubles",21994,doubles,women,213
22002,"ITF Brazil 03A, Women Singles",22000,singles,women,213
22004,"ITF Brazil 03A, Women Doubles",22000,doubles,women,213
22020,"ITF Japan 02A, Women Singles",22012,singles,women,213
22022,"ITF Japan 02A, Women Doubles",22012,doubles,women,213
22026,"ITF Italy 02A, Women Singles",22024,singles,women,213
22028,"ITF Italy 02A, Women Doubles",22024,doubles,women,213
22032,"ITF Australia 06A, Women Singles",22030,singles,women,213
22034,"ITF Australia 06A, Women Doubles",22030,doubles,women,213
22038,"ITF France 06A, Women Singles",22036,singles,women,213
22040,"ITF France 06A, Women Doubles",22036,doubles,women,213
22044,"ITF Greece 02A, Women Singles",22042,singles,women,213
22046,"ITF Greece 02A, Women Doubles",22042,doubles,women,213
22050,"ITF Italy 04A, Women Singles",22048,singles,women,213
22052,"ITF Italy 04A, Women Doubles",22048,doubles,women,213
22056,"ITF Tunisia 11A, Women Singles",22054,singles,women,213
22058,"ITF Tunisia 11A, Women Doubles",22054,doubles,women,213
22062,"ITF Turkey 10A, Women Singles",22060,singles,women,213
22064,"ITF Turkey 10A, Women Doubles",22060,doubles,women,213
22068,"ITF Australia 05A, Women Singles",22066,singles,women,213
22070,"ITF Australia 05A, Women Doubles",22066,doubles,women,213
22074,"ITF Italy 01A, Women Singles",22072,singles,women,213
22076,"ITF Italy 01A, Women Doubles",22072,doubles,women,213
22080,"ITF France 08A, Women Singles",22078,singles,women,213
22082,"ITF France 08A, Women Doubles",22078,doubles,women,213
22086,"ITF China 04B, Women Singles",22084,singles,women,213
22088,"ITF China 04B, Women Doubles",22084,doubles,women,213
22092,"ITF Egypt 10A, Women Singles",22090,singles,women,213
22094,"ITF Egypt 10A, Women Doubles",22090,doubles,women,213
22098,"ITF Turkey 11A, Women Singles",22096,singles,women,213
22100,"ITF Turkey 11A, Women Doubles",22096,doubles,women,213
22104,"ITF Tunisia 12A, Women Singles",22102,singles,women,213
22106,"ITF Tunisia 12A, Women Doubles",22102,doubles,women,213
22110,"ITF France 07A, Women Singles",22108,singles,women,213
22112,"ITF France 07A, Women Doubles",22108,doubles,women,213
22116,"ITF Japan 01A, Women Singles",22114,singles,women,213
22118,"ITF Japan 01A, Women Doubles",22114,doubles,women,213
22122,"ITF Turkey 16A, Women Singles",22120,singles,women,213
22124,"ITF Turkey 16A, Women Doubles",22120,doubles,women,213
22128,"ITF Greece 03A, Women Singles",22126,singles,women,213
22130,"ITF Greece 03A, Women Doubles",22126,doubles,women,213
22134,"ITF Chile F3, Men Singles",22132,singles,men,785
22136,"ITF Chile F3, Men Doubles",22132,doubles,men,785
22140,"ITF Israel F17, Men Singles",22138,singles,men,785
22142,"ITF Israel F17, Men Doubles",22138,doubles,men,785
22146,"ITF Tunisia F38, Men Singles",22144,singles,men,785
22148,"ITF Tunisia F38, Men Doubles",22144,doubles,men,785
22152,"ITF Thailand F11, Men Singles",22150,singles,men,785
22154,"ITF Thailand F11, Men Doubles",22150,doubles,men,785
22158,"ITF Turkey F46, Men Singles",22156,singles,men,785
22160,"ITF Turkey F46, Men Doubles",22156,doubles,men,785
22164,"ITF Pakistan F1, Men Singles",22162,singles,men,785
22166,"ITF Pakistan F1, Men Doubles",22162,doubles,men,785
22170,"ITF Ecuador 02A, Women Singles",22168,singles,women,213
22172,"ITF Ecuador 02A, Women Doubles",22168,doubles,women,213
22176,"ITF Thailand 01A, Women Singles",22174,singles,women,213
22178,"ITF Thailand 01A, Women Doubles",22174,doubles,women,213
22182,"ITF Italy 05A, Women Singles",22180,singles,women,213
22184,"ITF Italy 05A, Women Doubles",22180,doubles,women,213
22188,"ITF Chile 02A, Women Singles",22186,singles,women,213
22190,"ITF Chile 02A, Women Doubles",22186,doubles,women,213
22194,"ITF Spain 23A, Women Singles",22192,singles,women,213
22196,"ITF Spain 23A, Women Doubles",22192,doubles,women,213
22200,"ITF Czech Republic 10A, Women Singles",22198,singles,women,213
22202,"ITF Czech Republic 10A, Women Doubles",22198,doubles,women,213
22206,"ITF Japan 03A, Women Singles",22204,singles,women,213
22208,"ITF Japan 03A, Women Doubles",22204,doubles,women,213
22212,"ITF Egypt 37A, Women Singles",22210,singles,women,213
22214,"ITF Egypt 37A, Women Doubles",22210,doubles,women,213
22218,"ITF Turkey 13A, Women Singles",22216,singles,women,213
22220,"ITF Turkey 13A, Women Doubles",22216,doubles,women,213
22228,"ITF USA 09A, Women Singles",22226,singles,women,213
22230,"ITF USA 09A, Women Doubles",22226,doubles,women,213
22236,"ITF Brazil 03B, Women Singles",22234,singles,women,213
22238,"ITF Brazil 03B, Women Doubles",22234,doubles,women,213
22244,"ITF India 04A, Women Singles",22242,singles,women,213
22246,"ITF India 04A, Women Doubles",22242,doubles,women,213
22250,"ITF South Africa 03A, Women Singles",22248,singles,women,213
22252,"ITF South Africa 03A, Women Doubles",22248,doubles,women,213
22256,"ITF Tunisia 38A, Women Singles",22254,singles,women,213
22258,"ITF Tunisia 38A, Women Doubles",22254,doubles,women,213
22262,"ITF Turkey 43A, Women Singles",22260,singles,women,213
22264,"ITF Turkey 43A, Women Doubles",22260,doubles,women,213
22268,"ITF USA F40, Men Singles",22266,singles,men,785
22270,"ITF USA F40, Men Doubles",22266,doubles,men,785
22274,"ITF Argentina F12, Men Singles",22272,singles,men,785
22276,"ITF Argentina F12, Men Doubles",22272,doubles,men,785
22286,"ITF Croatia 01A, Women Singles",22284,singles,women,213
22288,"ITF Croatia 01A, Women Doubles",22284,doubles,women,213
22292,"ITF Egypt F37, Men Singles",22290,singles,men,785
22294,"ITF Egypt F37, Men Doubles",22290,doubles,men,785
22298,"ITF Mexico F8, Men Singles",22296,singles,men,785
22300,"ITF Mexico F8, Men Doubles",22296,doubles,men,785
22304,"ITF Egypt 12A, Women Singles",22302,singles,women,213
22306,"ITF Egypt 12A, Women Doubles",22302,doubles,women,213
22310,"ITF Qatar F4, Men Singles",22308,singles,men,785
22312,"ITF Qatar F4, Men Doubles",22308,doubles,men,785
22316,"ITF South Africa F3, Men Singles",22314,singles,men,785
22318,"ITF South Africa F3, Men Doubles",22314,doubles,men,785
22322,"ITF France 10A, Women Singles",22320,singles,women,213
22324,"ITF France 10A, Women Doubles",22320,doubles,women,213
22328,"ITF Egypt 15A, Women Singles",22326,singles,women,213
22330,"ITF Egypt 15A, Women Doubles",22326,doubles,women,213
22334,"ITF Uzbekistan 01A, Women Singles",No value,singles,women,213
22336,"ITF Uzbekistan 01A, Women Doubles",22332,doubles,women,213
22340,"ITF Greece 05A, Women Singles",22338,singles,women,213
22342,"ITF Greece 05A, Women Doubles",22338,doubles,women,213
22346,"ITF Tunisia 14A, Women Singles",22344,singles,women,213
22348,"ITF Tunisia 14A, Women Doubles",22344,doubles,women,213
22354,"ITF Italy 08A, Women Singles",22352,singles,women,213
22356,"ITF Italy 08A, Women Doubles",22352,doubles,women,213
22360,"ITF USA 10A, Women Singles",22358,singles,women,213
22362,"ITF USA 10A, Women Doubles",22358,doubles,women,213
22366,"ITF USA 13A, Women Singles",22364,singles,women,213
22368,"ITF USA 13A, Women Doubles",22364,doubles,women,213
22372,"ITF Turkey 14A, Women Singles",22370,singles,women,213
22374,"ITF Turkey 14A, Women Doubles",22370,doubles,women,213
22378,"ITF China 06A, Women Singles",22376,singles,women,213
22380,"ITF China 06A, Women Doubles",22376,doubles,women,213
22384,"ITF Italy 06A, Women Singles",22382,singles,women,213
22386,"ITF Italy 06A, Women Doubles",22382,doubles,women,213
22390,"ITF Mexico 01A, Women Singles",22388,singles,women,213
22392,"ITF Mexico 01A, Women Doubles",22388,doubles,women,213
22396,"ITF USA 11A, Women Singles",22394,singles,women,213
22398,"ITF USA 11A, Women Doubles",22394,doubles,women,213
22404,"ITF Egypt 13A, Women Singles",22400,singles,women,213
22406,"ITF Egypt 13A, Women Doubles",22400,doubles,women,213
22410,"ITF Kazakhstan 02B, Women Singles",22408,singles,women,213
22412,"ITF Kazakhstan 02B, Women Doubles",22408,doubles,women,213
22416,"ITF Tunisia 15A, Women Singles",22414,singles,women,213
22418,"ITF Tunisia 15A, Women Doubles",22414,doubles,women,213
22422,"ITF Italy 07A, Women Singles",22420,singles,women,213
22424,"ITF Italy 07A, Women Doubles",22420,doubles,women,213
22426,"ITF USA 12A, Women Singles",22402,singles,women,213
22428,"ITF USA 12A, Women Doubles",22402,doubles,women,213
22432,"ITF Switzerland 01A, Women Singles",22430,singles,women,213
22434,"ITF Switzerland 01A, Women Doubles",22430,doubles,women,213
22438,"ITF Egypt 14A, Women Singles",22436,singles,women,213
22440,"ITF Egypt 14A, Women Doubles",22436,doubles,women,213
22444,"ITF Kazakhstan 03A, Women Singles",22442,singles,women,213
22446,"ITF Kazakhstan 03A, Women Doubles",22442,doubles,women,213
22450,"ITF Tunisia 16A, Women Singles",22448,singles,women,213
22452,"ITF Tunisia 16A, Women Doubles",22448,doubles,women,213
22456,"ITF Turkey 15A, Women Singles",22454,singles,women,213
22458,"ITF Turkey 15A, Women Doubles",22454,doubles,women,213
22462,"ITF China 05A, Women Singles",22460,singles,women,213
22464,"ITF China 05A, Women Doubles",22460,doubles,women,213
22468,"ITF Tunisia 10A, Women Singles",22466,singles,women,213
22470,"ITF Tunisia 10A, Women Doubles",22466,doubles,women,213
22474,"ITF Japan 04A, Women Singles",22472,singles,women,213
22476,"ITF Japan 04A, Women Doubles",22472,doubles,women,213
22480,"ITF USA 14A, Women Singles",22478,singles,women,213
22482,"ITF USA 14A, Women Doubles",22478,doubles,women,213
22486,"ITF Germany 03A, Women Singles",22484,singles,women,213
22488,"ITF Germany 03A, Women Doubles",22484,doubles,women,213
22492,"ITF Russia 02A, Women Singles",22490,singles,women,213
22494,"ITF Russia 02A, Women Doubles",22490,doubles,women,213
22498,"ITF Tunisia 18A, Women Singles",22496,singles,women,213
22500,"ITF Tunisia 18A, Women Doubles",22496,doubles,women,213
22504,"ITF Egypt 16A, Women Singles",22502,singles,women,213
22506,"ITF Egypt 16A, Women Doubles",22502,doubles,women,213
22510,"ITF Hungary 01A, Women Singles",22508,singles,women,213
22512,"ITF Hungary 01A, Women Doubles",22508,doubles,women,213
22516,"ITF Israel 01A, Women Singles",22514,singles,women,213
22518,"ITF Israel 01A, Women Doubles",22514,doubles,women,213
22522,"ITF Italy 09A, Women Singles",22520,singles,women,213
22524,"ITF Italy 09A, Women Doubles",22520,doubles,women,213
22528,"ITF Thailand 02A, Women Singles",22526,singles,women,213
22530,"ITF Thailand 02A, Women Doubles",22526,doubles,women,213
22534,"ITF Turkey 17A, Women Singles",22532,singles,women,213
22536,"ITF Turkey 17A, Women Doubles",22532,doubles,women,213
22540,"ITF France 11A, Women Singles",22538,singles,women,213
22542,"ITF France 11A, Women Doubles",22538,doubles,women,213
22548,"ITF Japan 05A, Women Singles",22546,singles,women,213
22550,"ITF Japan 05A, Women Doubles",22546,doubles,women,213
22554,"ITF China 07A, Women Singles",22552,singles,women,213
22556,"ITF China 07A, Women Doubles",22552,doubles,women,213
22560,"ITF Italy 10A, Women Singles",22558,singles,women,213
22562,"ITF Italy 10A, Women Doubles",22558,doubles,women,213
22566,"ITF South Korea 01A, Women Singles",22564,singles,women,213
22568,"ITF South Korea 01A, Women Doubles",22564,doubles,women,213
22572,"ITF Spain 06A, Women Singles",22570,singles,women,213
22574,"ITF Spain 06A, Women Doubles",22570,doubles,women,213
22578,"ITF Thailand 03A, Women Singles",22576,singles,women,213
22580,"ITF Thailand 03A, Women Doubles",22576,doubles,women,213
22584,"ITF USA 15A, Women Singles",22582,singles,women,213
22586,"ITF USA 15A, Women Doubles",22582,doubles,women,213
22590,"ITF Tunisia 17A, Women Singles",22588,singles,women,213
22592,"ITF Tunisia 17A, Women Doubles",22588,doubles,women,213
22596,"ITF Turkey 18A, Women Singles",22594,singles,women,213
22598,"ITF Turkey 18A, Women Doubles",22594,doubles,women,213
22602,"ITF Slovakia 02A, Women Singles",22600,singles,women,213
22604,"ITF Slovakia 02A, Women Doubles",22600,doubles,women,213
22608,"ITF France 12A, Women Singles",22606,singles,women,213
22610,"ITF France 12A, Women Doubles",22606,doubles,women,213
22614,"ITF Japan 06A, Women Singles",22612,singles,women,213
22616,"ITF Japan 06A, Women Doubles",22612,doubles,women,213
22620,"ITF Korea,Rep. 02A, Women Singles",22618,singles,women,213
22622,"ITF Korea,Rep. 02A, Women Doubles",22618,doubles,women,213
22635,"ITF China 08A, Women Singles",22633,singles,women,213
22637,"ITF China 08A, Women Doubles",22633,doubles,women,213
22641,"ITF Sweden 01A, Women Singles",22639,singles,women,213
22643,"ITF Sweden 01A, Women Doubles",22639,doubles,women,213
22647,"ITF USA 16A, Women Singles",22645,singles,women,213
22649,"ITF USA 16A, Women Doubles",22645,doubles,women,213
22653,"ITF Tunisia 19A, Women Singles",22651,singles,women,213
22655,"ITF Tunisia 19A, Women Doubles",22651,doubles,women,213
22659,"ITF Pakistan F2, Men Singles",22657,singles,men,785
22661,"ITF Pakistan F2, Men Doubles",22657,doubles,men,785
22665,"ITF Israel F18, Men Singles",22663,singles,men,785
22667,"ITF Israel F18, Men Doubles",22663,doubles,men,785
22673,"ITF Tunisia F39, Men Singles",22671,singles,men,785
22675,"ITF Tunisia F39, Men Doubles",22671,doubles,men,785
22679,"ITF Thailand F12, Men Singles",22677,singles,men,785
22681,"ITF Thailand F12, Men Doubles",22677,doubles,men,785
22685,"ITF Turkey F47, Men Singles",22683,singles,men,785
22687,"ITF Turkey F47, Men Doubles",22683,doubles,men,785
22689,"ITF Turkey 19A, Women Singles",22669,singles,women,213
22691,"ITF Turkey 19A, Women Doubles",22669,doubles,women,213
22695,"ITF Italy 11A, Women Singles",22693,singles,women,213
22697,"ITF Italy 11A, Women Doubles",22693,doubles,women,213
22701,"ITF Japan 07A, Women Singles",22699,singles,women,213
22703,"ITF Japan 07A, Women Doubles",22699,doubles,women,213
22707,"ITF China 09A, Women Singles",22705,singles,women,213
22709,"ITF China 09A, Women Doubles",22705,doubles,women,213
22713,"ITF South Korea 03A, Women Singles",22711,singles,women,213
22715,"ITF South Korea 03A, Women Doubles",22711,doubles,women,213
22721,"ITF Uzbekistan 02A, Women Singles",22717,singles,women,213
22723,"ITF Tunisia 20A, Women Singles",22719,singles,women,213
22725,"ITF Tunisia 20A, Women Doubles",22719,doubles,women,213
22727,"ITF Uzbekistan 02A, Women Doubles",22717,doubles,women,213
22731,"ITF Turkey 20A, Women Singles",22729,singles,women,213
22733,"ITF Turkey 20A, Women Doubles",22729,doubles,women,213
22737,"ITF Italy 12A, Women Singles",22735,singles,women,213
22739,"ITF Italy 12A, Women Doubles",22735,doubles,women,213
22743,"ITF Bolivia 01A, Women Singles",22741,singles,women,213
22745,"ITF Bolivia 01A, Women Doubles",22741,doubles,women,213
22749,"ITF Egypt 38A, Women Singles",22747,singles,women,213
22751,"ITF Egypt 38A, Women Doubles",22747,doubles,women,213
22755,"ITF Argentina 02A, Women Singles",22753,singles,women,213
22757,"ITF Argentina 02A, Women Doubles",22753,doubles,women,213
22761,"ITF Tunisia 39A, Women Singles",22759,singles,women,213
22763,"ITF Tunisia 39A, Women Doubles",No value,doubles,women,213
22769,"ITF Turkey 44A, Women Singles",22765,singles,women,213
22771,"ITF Turkey 44A, Women Doubles",22765,doubles,women,213
22773,"ITF South Korea 04A, Women Singles",22767,singles,women,213
22775,"ITF South Korea 04A, Women Doubles",22767,doubles,women,213
22779,"ITF United Arab Emirates 01A, Women Singles",22777,singles,women,213
22781,"ITF United Arab Emirates 01A, Women Doubles",22777,doubles,women,213
22785,"ITF Egypt F38, Men Singles",22783,singles,men,785
22787,"ITF Egypt F38, Men Doubles",No value,doubles,men,785
22791,"ITF Peru F1, Men Singles",22789,singles,men,785
22793,"ITF Peru F1, Men Doubles",22789,doubles,men,785
22797,"ITF Qatar F5, Men Singles",22795,singles,men,785
22799,"ITF Qatar F5, Men Doubles",22795,doubles,men,785
22803,"ITF Serbia 01A, Women Singles",22801,singles,women,213
22805,"ITF Serbia 01A, Women Doubles",22801,doubles,women,213
22809,"ITF Tunisia 21A, Women Singles",22807,singles,women,213
22811,"ITF Tunisia 21A, Women Doubles",22807,doubles,women,213
22815,"ITF Turkey 21A, Women Singles",22813,singles,women,213
22817,"ITF Turkey 21A, Women Doubles",22813,doubles,women,213
22821,"ITF France 13A, Women Singles",22819,singles,women,213
22823,"ITF France 13A, Women Doubles",22819,doubles,women,213
22827,"ITF Great Britain 08A, Women Singles",22825,singles,women,213
22829,"ITF Great Britain 08A, Women Doubles",22825,doubles,women,213
22839,"ATP Pune, India Men Singles",22837,singles,men,3
22841,"ATP Pune, India Men Doubles",22837,doubles,men,3
22845,"ITF Tunisia 24A, Women Singles",22843,singles,women,213
22847,"ITF Tunisia 24A, Women Doubles",22843,doubles,women,213
22851,"ITF Netherlands 01A, Women Singles",22849,singles,women,213
22853,"ITF Netherlands 01A, Women Doubles",22849,doubles,women,213
22857,"ITF Chinese Taipei 01A, Women Singles",22855,singles,women,213
22859,"ITF Chinese Taipei 01A, Women Doubles",22855,doubles,women,213
22863,"ITF China 11A, Women Singles",22861,singles,women,213
22865,"ITF China 11A, Women Doubles",22861,doubles,women,213
22869,"ITF Canada 02A, Women Singles",22867,singles,women,213
22871,"ITF Canada 02A, Women Doubles",22867,doubles,women,213
22875,"ITF Uzbekistan 04A, Women Singles",22873,singles,women,213
22877,"ITF Uzbekistan 04A, Women Doubles",22873,doubles,women,213
22881,"ITF USA 19A, Women Singles",22879,singles,women,213
22883,"ITF USA 19A, Women Doubles",22879,doubles,women,213
22887,"ITF Switzerland 02A, Women Singles",22885,singles,women,213
22889,"ITF Switzerland 02A, Women Doubles",22885,doubles,women,213
22893,"ITF Sweden 02A, Women Singles",22891,singles,women,213
22895,"ITF Sweden 02A, Women Doubles",22891,doubles,women,213
22899,"ITF Italy 13A, Women Singles",22897,singles,women,213
22901,"ITF Italy 13A, Women Doubles",22897,doubles,women,213
22905,"ITF Poland 01A, Women Singles",22903,singles,women,213
22907,"ITF Poland 01A, Women Doubles",22903,doubles,women,213
22911,"ITF France 14A, Women Singles",22909,singles,women,213
22913,"ITF France 14A, Women Doubles",22909,doubles,women,213
22917,"ITF Turkiye 22A, Women Singles",22915,singles,women,213
22919,"ITF Turkiye 22A, Women Doubles",22915,doubles,women,213
22923,"ITF Germany 04A, Women Singles",22921,singles,women,213
22925,"ITF Germany 04A, Women Doubles",22921,doubles,women,213
22929,"ITF Tunisia 23A, Women Singles",22927,singles,women,213
22931,"ITF Tunisia 23A, Women Doubles",22927,doubles,women,213
22935,"ITF Japan 08A, Women Singles",22933,singles,women,213
22939,"ITF Japan 08A, Women Doubles",22933,doubles,women,213
22941,"ITF Slovenia 01A, Women Singles",22937,singles,women,213
22943,"ITF Slovenia 01A, Women Doubles",22937,doubles,women,213
22947,"ITF South Korea 06A, Women Singles",22945,singles,women,213
22949,"ITF South Korea 06A, Women Doubles",22945,doubles,women,213
22953,"ITF Czechia 02A, Women Singles",22951,singles,women,213
22955,"ITF Czechia 02A, Women Doubles",22951,doubles,women,213
22959,"ITF USA 17A, Women Singles",No value,singles,women,213
22963,"ITF Belarus 02A, Women Singles",22961,singles,women,213
22965,"ITF Belarus 02A, Women Doubles",22961,doubles,women,213
22967,"ITF USA 17A, Women Doubles",22957,doubles,women,213
22971,"ITF USA 18A, Women Singles",22969,singles,women,213
22973,"ITF USA 18A, Women Doubles",22969,doubles,women,213
22977,"ITF Japan 08B, Women Singles",22975,singles,women,213
22979,"ITF Japan 08B, Women Doubles",22975,doubles,women,213
22983,"ITF Italy 14A, Women Singles",22981,singles,women,213
22985,"ITF Italy 14A, Women Doubles",22981,doubles,women,213
22989,"ITF Uzbekistan 03A, Women Singles",22987,singles,women,213
22991,"ITF Uzbekistan 03A, Women Doubles",22987,doubles,women,213
22995,"ITF Bosnia & Herzegovina 01A, Women Singles",22993,singles,women,213
22997,"ITF Bosnia & Herzegovina 01A, Women Doubles",No value,doubles,women,213
23001,"ITF Belarus 01A, Women Singles",22999,singles,women,213
23003,"ITF Belarus 01A, Women Doubles",22999,doubles,women,213
23007,"ITF India 02A, Women Singles",23005,singles,women,213
23009,"ITF India 02A, Women Doubles",23005,doubles,women,213
23013,"ITF South Korea 05A, Women Singles",23011,singles,women,213
23015,"ITF South Korea 05A, Women Doubles",23011,doubles,women,213
23019,"ITF Tunisia 22A, Women Singles",23017,singles,women,213
23021,"ITF Tunisia 22A, Women Doubles",23017,doubles,women,213
23025,"ITF Great Britain 09A, Women Singles",23023,singles,women,213
23027,"ITF Great Britain 09A, Women Doubles",23023,doubles,women,213
23031,"ITF Spain 08A, Women Singles",23029,singles,women,213
23033,"ITF Spain 08A, Women Doubles",23029,doubles,women,213
23037,"ITF France 15A, Women Singles",23035,singles,women,213
23039,"ITF France 15A, Women Doubles",23035,doubles,women,213
23043,"ITF Germany 05A, Women Singles",23041,singles,women,213
23045,"ITF Germany 05A, Women Doubles",23041,doubles,women,213
23049,"ITF Poland 02A, Women Singles",23047,singles,women,213
23051,"ITF Poland 02A, Women Doubles",23047,doubles,women,213
23063,"ITF China 12A, Women Singles",23061,singles,women,213
23065,"ITF China 12A, Women Doubles",23061,doubles,women,213
23069,"ITF Egypt 18A, Women Singles",23067,singles,women,213
23071,"ITF Egypt 18A, Women Doubles",23067,doubles,women,213
23075,"ITF Israel 02A, Women Singles",23073,singles,women,213
23077,"ITF Israel 02A, Women Doubles",23073,doubles,women,213
23081,"ITF Italy 16A, Women Singles",23079,singles,women,213
23083,"ITF Italy 16A, Women Doubles",23079,doubles,women,213
23087,"ITF Romania 02A, Women Singles",23085,singles,women,213
23091,"ITF Romania 02A, Women Doubles",23085,doubles,women,213
23095,"ITF Turkey 23A, Women Singles",23093,singles,women,213
23097,"ITF Turkey 23A, Women Doubles",23093,doubles,women,213
23101,"ITF Italy 17A, Women Singles",23099,singles,women,213
23103,"ITF Italy 17A, Women Doubles",23099,doubles,women,213
23107,"ITF France 19A, Women Singles",23105,singles,women,213
23109,"ITF France 19A, Women Doubles",23105,doubles,women,213
23113,"ITF Germany 09A, Women Singles",23111,singles,women,213
23115,"ITF Germany 09A, Women Doubles",23111,doubles,women,213
23119,"ITF Netherlands 02A, Women Singles",23117,singles,women,213
23121,"ITF Netherlands 02A, Women Doubles",23117,doubles,women,213
23125,"ITF Spain 10A, Women Singles",23123,singles,women,213
23127,"ITF Spain 10A, Women Doubles",23123,doubles,women,213
23131,"ITF China 13A, Women Singles",23129,singles,women,213
23133,"ITF China 13A, Women Doubles",23129,doubles,women,213
23137,"ITF Egypt 19A, Women Singles",23135,singles,women,213
23139,"ITF Egypt 19A, Women Doubles",23135,doubles,women,213
23143,"ITF Portugal 08A, Women Singles",23141,singles,women,213
23145,"ITF Portugal 08A, Women Doubles",23141,doubles,women,213
23149,"ITF Romania 03A, Women Singles",23147,singles,women,213
23151,"ITF Romania 03A, Women Doubles",23147,doubles,women,213
23167,"WTA Hiroshima, Japan Women Singles",23165,singles,women,6
23169,"WTA Hiroshima, Japan Women Doubles",23165,doubles,women,6
23173,"WTA Lugano, Switzerland Women Singles",23171,singles,women,6
23175,"WTA Lugano, Switzerland Women Doubles",23171,doubles,women,6
23179,"WTA Moscow II, Russia Women Singles",23177,singles,women,6
23181,"WTA Moscow II, Russia Women Doubles",23177,doubles,women,6
23185,"ITF Pakistan F3, Men Singles",23183,singles,men,785
23187,"ITF Pakistan F3, Men Doubles",23183,doubles,men,785
23191,"ITF Tunisia F40, Men Singles",23189,singles,men,785
23193,"ITF Tunisia F40, Men Doubles",23189,doubles,men,785
23197,"ITF Turkey F48, Men Singles",23195,singles,men,785
23199,"ITF Turkey F48, Men Doubles",23195,doubles,men,785
23203,"ITF Paraguay 03A, Women Singles",23201,singles,women,213
23205,"ITF Paraguay 03A, Women Doubles",23201,doubles,women,213
23215,"ATP Challenger Indian Wells, USA Men Singles",23213,singles,men,72
23217,"ATP Challenger Indian Wells, USA Men Doubles",23213,doubles,men,72
23221,"ATP Challenger Playford City, Australia Men Singles",23219,singles,men,72
23223,"ATP Challenger Playford City, Australia Men Doubles",23219,doubles,men,72
23227,"ATP Challenger Newport Beach, USA Men Singles",23225,singles,men,72
23229,"ATP Challenger Newport Beach, USA Men Doubles",23225,doubles,men,72
23233,"ATP Challenger Lille, France Men Singles",23231,singles,men,72
23235,"ATP Challenger Lille, France Men Doubles",23231,doubles,men,72
23239,"ATP Challenger Punta del Este, Uruguay Men Singles",23237,singles,men,72
23241,"ATP Challenger Punta del Este, Uruguay Men Doubles",23237,doubles,men,72
23245,"ATP Challenger Qujing, China Men Singles",23243,singles,men,72
23247,"ATP Challenger Qujing, China Men Doubles",23243,doubles,men,72
23269,"ITF Serbia 02A, Women Singles",23267,singles,women,213
23271,"ITF Serbia 02A, Women Doubles",23267,doubles,women,213
23275,"ITF India 06A, Women Singles",23273,singles,women,213
23277,"ITF India 06A, Women Doubles",23273,doubles,women,213
23281,"ITF Tunisia 40A, Women Singles",23279,singles,women,213
23283,"ITF Tunisia 40A, Women Doubles",23279,doubles,women,213
23287,"ITF Turkey 46A, Women Singles",23285,singles,women,213
23289,"ITF Turkey 46A, Women Doubles",23285,doubles,women,213
23293,"ITF Hong Kong 05A, Women Singles",23291,singles,women,213
23295,"ITF Hong Kong 05A, Women Doubles",23291,doubles,women,213
23299,"ITF Hong Kong F4, Men Singles",23297,singles,men,785
23301,"ITF Hong Kong F4, Men Doubles",23297,doubles,men,785
23305,"ITF Peru F2, Men Singles",23303,singles,men,785
23307,"ITF Peru F2, Men Doubles",23303,doubles,men,785
23311,"ITF Qatar F6, Men Singles",23309,singles,men,785
23313,"ITF Qatar F6, Men Doubles",23309,doubles,men,785
23315,"ITF Hong Kong F5, Men Singles",15976,singles,men,785
23317,"ITF Hong Kong F5, Men Doubles",15976,doubles,men,785
23321,"ITF France 16A, Women Singles",23319,singles,women,213
23323,"ITF France 16A, Women Doubles",23319,doubles,women,213
23327,"ITF Turkiye 26A, Women Singles",23325,singles,women,213
23329,"ITF Turkiye 26A, Women Doubles",23325,doubles,women,213
23333,"ITF Germany 08A, Women Singles",23331,singles,women,213
23335,"ITF Germany 08A, Women Doubles",23331,doubles,women,213
23339,"ITF Canada 03A, Women Singles",23337,singles,women,213
23341,"ITF Canada 03A, Women Doubles",23337,doubles,women,213
23345,"ITF Italy 18A, Women Singles",23343,singles,women,213
23347,"ITF Italy 18A, Women Doubles",23343,doubles,women,213
23351,"ITF Russia 03A, Women Singles",23349,singles,women,213
23353,"ITF Russia 03A, Women Doubles",23349,doubles,women,213
23357,"ITF Belgium 02A, Women Singles",23355,singles,women,213
23359,"ITF Belgium 02A, Women Doubles",23355,doubles,women,213
23363,"ITF Brazil 08A, Women Singles",23361,singles,women,213
23365,"ITF Brazil 08A, Women Doubles",23361,doubles,women,213
23369,"ITF Egypt 20A, Women Singles",23367,singles,women,213
23371,"ITF Egypt 20A, Women Doubles",23367,doubles,women,213
23375,"ITF Georgia 01A, Women Singles",23373,singles,women,213
23377,"ITF Georgia 01A, Women Doubles",23373,doubles,women,213
23381,"ITF Netherlands 03A, Women Singles",23379,singles,women,213
23383,"ITF Netherlands 03A, Women Doubles",23379,doubles,women,213
23387,"ITF Serbia 03A, Women Singles",23385,singles,women,213
23389,"ITF Serbia 03A, Women Doubles",23385,doubles,women,213
23393,"ITF Thailand 04A, Women Singles",23391,singles,women,213
23395,"ITF Thailand 04A, Women Doubles",23391,doubles,women,213
23399,Exhibition Kooyong Classic Women Singles,14838,singles,women,79
23401,Czech Tennis Extraliga Women Singles,14712,singles,women,79
23403,Czech Tennis Extraliga Men Doubles,14712,doubles,men,79
23405,Czech Tennis Extraliga Women Doubles,14712,doubles,women,79
23407,Czech Tennis Extraliga Mixed Groups,14712,mixed_doubles,mixed,79
23559,"WTA 125K Anning, China Women Singles",23557,singles,women,871
23561,"WTA 125K Anning, China Women Doubles",23557,doubles,women,871
23565,"WTA 125K Newport Beach, USA Women Singles",23225,singles,women,871
23567,"WTA 125K Newport Beach, USA Women Doubles",23225,doubles,women,871
23571,"WTA 125K Indian Wells, USA Women Singles",23213,singles,women,871
23573,"WTA 125K Indian Wells, USA Women Doubles",23213,doubles,women,871
23577,"ITF Germany F13, Men Singles",23575,singles,men,785
23579,"ITF Germany F13, Men Doubles",23575,doubles,men,785
23583,"ITF Hong Kong 06A, Women Singles",23581,singles,women,213
23585,"ITF Hong Kong 06A, Women Doubles",23581,doubles,women,213
23589,"ITF Germany 16A, Women Singles",23587,singles,women,213
23591,"ITF Germany 16A, Women Doubles",23587,doubles,women,213
23595,"ITF Australia 13A, Women Singles",23593,singles,women,213
23597,"ITF Australia 13A, Women Doubles",23593,doubles,women,213
23601,"ITF Mexico 03A, Women Singles",23599,singles,women,213
23603,"ITF Mexico 03A, Women Doubles",23599,doubles,women,213
23607,"ITF Mexico 04A, Women Singles",23605,singles,women,213
23609,"ITF Mexico 04A, Women Doubles",23605,doubles,women,213
23613,"ITF Mexico 06A, Women Singles",23611,singles,women,213
23615,"ITF Mexico 06A, Women Doubles",23611,doubles,women,213
23619,"ITF Mexico 07A, Women Singles",23617,singles,women,213
23621,"ITF Mexico 07A, Women Doubles",23617,doubles,women,213
23625,"ITF Mexico 08A, Women Singles",23623,singles,women,213
23627,"ITF Mexico 08A, Women Doubles",23623,doubles,women,213
23643,"ITF Egypt 39A, Women Singles",23629,singles,women,213
23645,"ITF Egypt 39A, Women Doubles",23629,doubles,women,213
23647,"ITF Egypt 40A, Women Singles",23631,singles,women,213
23649,"ITF Egypt 40A, Women Doubles",23631,doubles,women,213
23651,"ITF Egypt 41A, Women Singles",23633,singles,women,213
23653,"ITF Egypt 41A, Women Doubles",23633,doubles,women,213
23655,"ITF Egypt 42A, Women Singles",23635,singles,women,213
23657,"ITF Egypt 42A, Women Doubles",23635,doubles,women,213
23659,"ITF Egypt 43A, Women Singles",23637,singles,women,213
23661,"ITF Egypt 43A, Women Doubles",23637,doubles,women,213
23663,"ITF Egypt 44A, Women Singles",23639,singles,women,213
23665,"ITF Egypt 44A, Women Doubles",23639,doubles,women,213
23667,"ITF Egypt 45A, Women Singles",23641,singles,women,213
23669,"ITF Egypt 45A, Women Doubles",23641,doubles,women,213
23673,"ITF Egypt 46A, Women Singles",23671,singles,women,213
23675,"ITF Egypt 46A, Women Doubles",23671,doubles,women,213
23679,"ITF Egypt 17A, Women Singles",23677,singles,women,213
23681,"ITF Egypt 17A, Women Doubles",23677,doubles,women,213
23685,"ITF China 20A, Women Singles",23683,singles,women,213
23687,"ITF China 20A, Women Doubles",23683,doubles,women,213
23691,"ITF China 21A, Women Singles",23689,singles,women,213
23693,"ITF China 21A, Women Doubles",23689,doubles,women,213
23697,"ITF China 22A, Women Singles",23695,singles,women,213
23699,"ITF China 22A, Women Doubles",23695,doubles,women,213
23711,"ITF Turkey 47A, Women Singles",23701,singles,women,213
23713,"ITF Turkey 47A, Women Doubles",23701,doubles,women,213
23715,"ITF Turkey 48A, Women Singles",23703,singles,women,213
23717,"ITF Turkey 48A, Women Doubles",23703,doubles,women,213
23719,"ITF Turkey 49A, Women Singles",23705,singles,women,213
23721,"ITF Turkey 49A, Women Doubles",23705,doubles,women,213
23723,"ITF Turkey 50A, Women Singles",23707,singles,women,213
23725,"ITF Turkey 50A, Women Doubles",23707,doubles,women,213
23727,"ITF Turkey 51A, Women Singles",23709,singles,women,213
23729,"ITF Turkey 51A, Women Doubles",23709,doubles,women,213
23775,"ITF Norway F1, Men Singles",23773,singles,men,785
23777,"ITF Norway F1, Men Doubles",23773,doubles,men,785
23799,"ITF Great Britain 02A, Women Singles",23797,singles,women,213
23801,"ITF Great Britain 02A, Women Doubles",23797,doubles,women,213
23927,"ITF France F12, Men Singles",23925,singles,men,785
23929,"ITF France F12, Men Doubles",23925,doubles,men,785
23933,"ITF Tunisia 43A, Women Singles",23931,singles,women,213
23935,"ITF Tunisia 43A, Women Doubles",23931,doubles,women,213
23955,"ITF Kazakhstan F8, Men Singles",23953,singles,men,785
23957,"ITF Kazakhstan F8, Men Doubles",23953,doubles,men,785
23961,"ITF Great Britain 04A, Women Singles",23959,singles,women,213
23963,"ITF Great Britain 04A, Women Doubles",23959,doubles,women,213
23971,"ITF Italy F1, Men Singles",23969,singles,men,785
23973,"ITF Italy F1, Men Doubles",23969,doubles,men,785
24003,"ITF Cameroon F2, Men Singles",24001,singles,men,785
24005,"ITF Cameroon F2, Men Doubles",24001,doubles,men,785
24009,"ITF Korea F6, Men Singles",24007,singles,men,785
24011,"ITF Korea F6, Men Doubles",24007,doubles,men,785
24015,"ITF Italy 38A, Women Singles",24013,singles,women,213
24017,"ITF Italy 38A, Women Doubles",24013,doubles,women,213
24021,"ITF South Korea 10A, Women Singles",24019,singles,women,213
24023,"ITF South Korea 10A, Women Doubles",24019,doubles,women,213
24103,"ITF Mexico F16, Men Singles",24101,singles,men,785
24105,"ITF Mexico F16, Men Doubles",24101,doubles,men,785
24109,"ITF Tunisia F43, Men Singles",24107,singles,men,785
24111,"ITF Tunisia F43, Men Doubles",24107,doubles,men,785
24115,"ITF Israel 10A, Women Singles",24113,singles,women,213
24117,"ITF Israel 10A, Women Doubles",24113,doubles,women,213
24121,"ITF Brazil 04A, Women Singles",24119,singles,women,213
24123,"ITF Brazil 04A, Women Doubles",24119,doubles,women,213
24173,"ITF Bahrain 01A, Women Singles",24171,singles,women,213
24175,"ITF Bahrain 01A, Women Doubles",24171,doubles,women,213
24179,"ITF China 04A, Women Singles",24177,singles,women,213
24181,"ITF China 04A, Women Doubles",24177,doubles,women,213
24239,"ATP Challenger Villena, Spain Men Singles",24237,singles,men,72
24241,"ATP Challenger Villena, Spain Men Doubles",24237,doubles,men,72
24245,"ATP Challenger Puerto Vallarta, Mexico Men Singles",24243,singles,men,72
24247,"ATP Challenger Puerto Vallarta, Mexico Men Doubles",24243,doubles,men,72
24269,"ITF Russia F8, Men Singles",24267,singles,men,785
24271,"ITF Russia F8, Men Doubles",24267,doubles,men,785
24285,"ITF Tunisia 12B, Women Singles",24283,singles,women,213
24287,"ITF Tunisia 12B, Women Doubles",24283,doubles,women,213
24343,"ITF Mozambique F2, Men Singles",24341,singles,men,785
24345,"ITF Mozambique F2, Men Doubles",24341,doubles,men,785
24355,"ITF Women Osaka, Japan Women Singles",24353,singles,women,213
24357,"ITF Women Osaka, Japan Women Doubles",24353,doubles,women,213
24367,"ATP Challenger Braga, Portugal Men Singles",24365,singles,men,72
24369,"ATP Challenger Braga, Portugal Men Doubles",24365,doubles,men,72
24383,"ITF Egypt 13B, Women Singles",24381,singles,women,213
24385,"ITF Egypt 13B, Women Doubles",24381,doubles,women,213
24453,"ITF Brazil F1, Men Singles",24451,singles,men,785
24455,"ITF Brazil F1, Men Doubles",24451,doubles,men,785
24480,"ITF Egypt F17, Men Singles",24478,singles,men,785
24482,"ITF Egypt F17, Men Doubles",24478,doubles,men,785
24484,"ITF Tunisia F41, Men Singles",15287,singles,men,785
24486,"ITF Tunisia F41, Men Doubles",15287,doubles,men,785
24492,ITF Men Sajur. Israel Men Doubles,24488,doubles,men,785
24496,"ITF Mexico F14, Men Singles",24494,singles,men,785
24498,"ITF Mexico F14, Men Doubles",24494,doubles,men,785
24502,"ITF Uganda F2, Men Singles",24500,singles,men,785
24504,"ITF Uganda F2, Men Doubles",24500,doubles,men,785
24508,"ITF Australia F8, Men Singles",24506,singles,men,785
24510,"ITF Australia F8, Men Doubles",24506,doubles,men,785
24514,"ITF Hong Kong 02A, Women Singles",24512,singles,women,213
24516,"ITF Hong Kong 02A, Women Doubles",24512,doubles,women,213
24528,"ITF Trinidad & Tobago 01A, Women Singles",24524,singles,women,213
24532,"ITF Portugal 22A, Women Singles",24530,singles,women,213
24534,"ITF Portugal 22A, Women Doubles",24530,doubles,women,213
24538,"ITF South Korea 07A, Women Singles",24536,singles,women,213
24540,"ITF South Korea 07A, Women Doubles",24536,doubles,women,213
24544,"ITF Spain 11B, Women Singles",24542,singles,women,213
24546,"ITF Spain 11B, Women Doubles",24542,doubles,women,213
24556,"ITF Italy 21A, Women Singles",24554,singles,women,213
24558,"ITF Italy 21A, Women Doubles",24554,doubles,women,213
24562,"ITF Georgia 04A, Women Singles",24560,singles,women,213
24564,"ITF Georgia 04A, Women Doubles",24560,doubles,women,213
24568,"ITF Egypt F16, Men Singles",24566,singles,men,785
24570,"ITF Egypt F16, Men Doubles",24566,doubles,men,785
24574,"ITF Uganda F1, Men Singles",24572,singles,men,785
24576,"ITF Uganda F1, Men Doubles",24572,doubles,men,785
24580,"ITF South Korea 02A, Women Singles",24578,singles,women,213
24582,"ITF South Korea 02A, Women Doubles",24578,doubles,women,213
24586,"ITF Israel 04A, Women Singles",24584,singles,women,213
24588,"ITF Israel 04A, Women Doubles",24584,doubles,women,213
24590,"ITF Trinidad & Tobago 01A, Women Doubles",24524,doubles,women,213
24738,"ITF Mexico F11, Men Singles",13663,singles,men,785
24740,"ITF Mexico F11, Men Doubles",13663,doubles,men,785
24744,"ITF Brazil F6, Men Singles",24742,singles,men,785
24746,"ITF Brazil F6, Men Doubles",24742,doubles,men,785
24756,"ITF Tunisia F44, Men Singles",24754,singles,men,785
24758,"ITF Tunisia F44, Men Doubles",24754,doubles,men,785
24762,"ITF Mexico F10, Men Singles",24760,singles,men,785
24764,"ITF Mexico F10, Men Doubles",24760,doubles,men,785
24768,"ITF Uganda F3, Men Singles",24766,singles,men,785
24770,"ITF Uganda F3, Men Doubles",24766,doubles,men,785
24780,"ITF Great Britain 05A, Women Singles",24778,singles,women,213
24782,"ITF Great Britain 05A, Women Doubles",24778,doubles,women,213
24786,"ITF Portugal 16A, Women Singles",24784,singles,women,213
24788,"ITF Portugal 16A, Women Doubles",24784,doubles,women,213
24794,"ITF Israel 05A, Women Singles",24792,singles,women,213
24796,"ITF Israel 05A, Women Doubles",24792,doubles,women,213
24822,"ITF Uganda F4, Men Singles",24820,singles,men,785
24824,"ITF Uganda F4, Men Doubles",24820,doubles,men,785
24834,"ITF Norway 02A, Women Singles",24832,singles,women,213
24838,"ITF Italy 37A, Women Singles",24836,singles,women,213
24840,"ITF Italy 37A, Women Doubles",24836,doubles,women,213
24842,"ITF Norway 02A, Women Doubles",24832,doubles,women,213
24846,"ATP Challenger Manacor, Mallorca, Spain Men Singles",24844,singles,men,72
24848,"ATP Challenger Manacor, Mallorca, Spain Men Doubles",24844,doubles,men,72
24852,"ATP Challenger Sopot, Poland Men Singles",24850,singles,men,72
24854,"ATP Challenger Sopot, Poland Men Doubles",24850,doubles,men,72
24858,"ATP Challenger Pullach, Germany Men Singles",24856,singles,men,72
24860,"ATP Challenger Pullach, Germany Men Doubles",24856,doubles,men,72
24936,"ITF France F11, Men Singles",24934,singles,men,785
24938,"ITF France F11, Men Doubles",24934,doubles,men,785
24948,"ITF Russia 08A, Women Singles",24946,singles,women,213
24950,"ITF Russia 08A, Women Doubles",24946,doubles,women,213
25007,"ITF Singapore 01A, Women Singles",25005,singles,women,213
25009,"ITF Singapore 01A, Women Doubles",25005,doubles,women,213
25027,"ITF Lebanon F1, Men Singles",25025,singles,men,785
25029,"ITF Lebanon F1, Men Doubles",25025,doubles,men,785
25033,"ITF Singapore 02A, Women Singles",25031,singles,women,213
25035,"ITF Singapore 02A, Women Doubles",25031,doubles,women,213
25057,"ITF Great Britain 03A, Women Singles",25055,singles,women,213
25059,"ITF Great Britain 03A, Women Doubles",25055,doubles,women,213
25103,"ITF USA 48A, Women Singles",25101,singles,women,213
25107,"ITF Italy 36A, Women Singles",25105,singles,women,213
25109,"ITF Italy 36A, Women Doubles",25105,doubles,women,213
25111,"ITF USA 48A, Women Doubles",25101,doubles,women,213
25115,"ITF Indonesia 01A, Women Singles",25113,singles,women,213
25117,"ITF Indonesia 01A, Women Doubles",25113,doubles,women,213
25171,"ITF Romania F13, Men Singles",25169,singles,men,785
25173,"ITF Romania F13, Men Doubles",25169,doubles,men,785
25183,"ITF Panama F4, Men Singles",25181,singles,men,785
25185,"ITF Panama F4, Men Doubles",25181,doubles,men,785
25193,"ITF Israel 07A, Women Singles",25191,singles,women,213
25195,"ITF Israel 07A, Women Doubles",25191,doubles,women,213
25205,"ITF Bulgaria 05A, Women Singles",25203,singles,women,213
25207,"ITF Bulgaria 05A, Women Doubles",25203,doubles,women,213
25217,"ITF Switzerland 01B, Women Singles",25215,singles,women,213
25219,"ITF Switzerland 01B, Women Doubles",25215,doubles,women,213
25273,"ITF Kazakhstan 04A, Women Singles",25271,singles,women,213
25275,"ITF Kazakhstan 04A, Women Doubles",25271,doubles,women,213
25279,"ITF Croatia 02A, Women Singles",25277,singles,women,213
25281,"ITF Croatia 02A, Women Doubles",25277,doubles,women,213
25365,"ITF Peru F3, Men Singles",25363,singles,men,785
25367,"ITF Peru F3, Men Doubles",25363,doubles,men,785
25371,"ITF Brazil F8, Men Singles",25369,singles,men,785
25373,"ITF Brazil F8, Men Doubles",25369,doubles,men,785
25377,"ITF Bulgaria F3, Men Singles",25375,singles,men,785
25379,"ITF Bulgaria F3, Men Doubles",25375,doubles,men,785
25383,"ITF Georgia F4, Men Singles",25381,singles,men,785
25385,"ITF Georgia F4, Men Doubles",25381,doubles,men,785
25389,"ITF Israel 08A, Women Singles",25387,singles,women,213
25391,"ITF Israel 08A, Women Doubles",25387,doubles,women,213
25395,"ITF Portugal 10A, Women Singles",25393,singles,women,213
25397,"ITF Portugal 10A, Women Doubles",25393,doubles,women,213
25407,"ITF Tunisia F42, Men Singles",25405,singles,men,785
25409,"ITF Tunisia F42, Men Doubles",25405,doubles,men,785
25413,"ITF Tunisia F45, Men Singles",25411,singles,men,785
25415,"ITF Tunisia F45, Men Doubles",25411,doubles,men,785
25419,"ITF Hong Kong 03A, Women Singles",25417,singles,women,213
25421,"ITF Hong Kong 03A, Women Doubles",25417,doubles,women,213
25547,"ITF Men Kunshan, China Men Doubles",25543,doubles,men,785
25551,"ITF USA F28, Men Singles",25549,singles,men,785
25553,"ITF USA F28B, Men Doubles",25549,doubles,men,785
25557,"ITF Lebanon F2, Men Singles",25555,singles,men,785
25559,"ITF Lebanon F2, Men Doubles",25555,doubles,men,785
25563,"ITF USA F19B, Men Singles",25561,singles,men,785
25565,"ITF USA F19B, Men Doubles",25561,doubles,men,785
25569,"ITF Portugal 17A, Women Singles",25567,singles,women,213
25571,"ITF Portugal 17A, Women Doubles",25567,doubles,women,213
25575,"ITF USA 21A, Women Singles",25573,singles,women,213
25577,"ITF USA 21A, Women Doubles",25573,doubles,women,213
25581,"ITF Italy 42A, Women Singles",25579,singles,women,213
25583,"ITF Italy 42A, Women Doubles",25579,doubles,women,213
25587,"ITF Indonesia 02A, Women Singles",25585,singles,women,213
25589,"ITF Indonesia 02A, Women Doubles",25585,doubles,women,213
25677,"ITF Ecuador F1, Men Singles",25675,singles,men,785
25679,"ITF Ecuador F1, Men Doubles",25675,doubles,men,785
25689,"ITF Israel 09A, Women Singles",25687,singles,women,213
25691,"ITF Israel 09A, Women Doubles",25687,doubles,women,213
25695,"ITF China 18A, Women Singles",25693,singles,women,213
25697,"ITF China 18A, Women Doubles",25693,doubles,women,213
25701,"ITF Portugal 20A, Women Singles",25699,singles,women,213
25703,"ITF Portugal 20A, Women Doubles",25699,doubles,women,213
25751,"ITF Ecuador F2, Men Singles",25749,singles,men,785
25753,"ITF Ecuador F2, Men Doubles",25749,doubles,men,785
25767,"ITF Italy 41A, Women Singles",25765,singles,women,213
25769,"ITF Italy 41A, Women Doubles",25765,doubles,women,213
25773,"ITF Japan 16A, Women Singles",25771,singles,women,213
25775,"ITF Japan 16A, Women Doubles",25771,doubles,women,213
25877,"ITF USA F29, Men Singles",25875,singles,men,785
25879,"ITF USA F29, Men Doubles",25875,doubles,men,785
25889,"ITF Tunisia 44A, Women Singles",25887,singles,women,213
25891,"ITF Tunisia 44A, Women Doubles",25887,doubles,women,213
25895,"ITF Mexico 10A, Women Singles",25893,singles,women,213
25897,"ITF Mexico 10A, Women Doubles",25893,doubles,women,213
25901,"ITF El Salvador 01A, Women Singles",25899,singles,women,213
25903,"ITF El Salvador 01A, Women Doubles",25899,doubles,women,213
25909,"ITF Spain F24, Men Singles",25907,singles,men,785
25911,"ITF Spain F24, Men Doubles",25907,doubles,men,785
25927,"ITF Colombia 03A, Women Singles",25925,singles,women,213
25929,"ITF Colombia 03A, Women Doubles",25925,doubles,women,213
26114,"ATP Challenger Almaty II, Kazakhstan Men Singles",26112,singles,men,72
26116,"ATP Challenger Almaty II, Kazakhstan Men Doubles",26112,doubles,men,72
26120,"ATP Challenger Barcelona, Spain Men Singles",26118,singles,men,72
26122,"ATP Challenger Barcelona, Spain Men Doubles",26118,doubles,men,72
26126,"ATP Challenger Cassis, France Men Singles",26124,singles,men,72
26128,"ATP Challenger Cassis, France Men Doubles",26124,doubles,men,72
26132,"ATP Challenger Chicago, USA Men Singles",26130,singles,men,72
26134,"ATP Challenger Chicago, USA Men Doubles",26130,doubles,men,72
26138,"ATP Challenger Florence, Italy Men Singles",26136,singles,men,72
26140,"ATP Challenger Florence, Italy Men Doubles",26136,doubles,men,72
26144,"ATP Challenger Calgary, Canada Men Singles",26142,singles,men,72
26146,"ATP Challenger Calgary, Canada Men Doubles",26142,doubles,men,72
26150,"ATP Challenger Liuzhou, China Men Singles",26148,singles,men,72
26152,"ATP Challenger Liuzhou, China Men Doubles",26148,doubles,men,72
26156,"ATP Challenger Houston, USA Men Singles",26154,singles,men,72
26158,"ATP Challenger Houston, USA Men Doubles",26154,doubles,men,72
26162,"ATP Challenger Santiago de Queretaro, Mexico Men Singles",26160,singles,men,72
26164,"ATP Challenger Santiago de Queretaro, Mexico Men Doubles",26160,doubles,men,72
26182,"ITF Uzbekistan F5, Men Singles",26180,singles,men,785
26194,"ITF Mexico F26, Men Singles",26192,singles,men,785
26196,"ITF Mexico F26, Men Doubles",26192,doubles,men,785
26216,"ITF Cameroon F1, Men Singles",26214,singles,men,785
26218,"ITF Cameroon F1, Men Doubles",26214,doubles,men,785
26224,"ITF USA 16B, Women Singles",26222,singles,women,213
26226,"ITF USA 16B, Women Doubles",26222,doubles,women,213
26238,"WTA 125K Chicago, USA Women Singles",26236,singles,women,871
26240,"WTA 125K Chicago, USA Women Doubles",26236,doubles,women,871
26244,"WTA 125K Houston, USA Women Singles",26154,singles,women,871
26246,"WTA 125K Houston, USA Women Doubles",26154,doubles,women,871
26340,"ITF Spain 25A, Women Singles",26338,singles,women,213
26342,"ITF Spain 25A, Women Doubles",26338,doubles,women,213
26352,"ITF Japan 15A, Women Singles",26350,singles,women,213
26354,"ITF Japan 15A, Women Doubles",26350,doubles,women,213
26364,"ITF South Korea 11A, Women Singles",26362,singles,women,213
26366,"ITF South Korea 11A, Women Doubles",26362,doubles,women,213
26418,"ITF Portugal 21A, Women Singles",26416,singles,women,213
26420,"ITF Portugal 21A, Women Doubles",26416,doubles,women,213
26424,"ITF Italy 39A, Women Singles",26422,singles,women,213
26426,"ITF Italy 39A, Women Doubles",26422,doubles,women,213
26430,"ITF Djibouti 01A, Women Singles",26428,singles,women,213
26432,"ITF Djibouti 01A, Women Doubles",26428,doubles,women,213
26462,"ITF USA 16C, Women Singles",26460,singles,women,213
26464,"ITF USA 16C, Women Doubles",26460,doubles,women,213
26618,"ITF Uzbekistan F6, Men Singles",26616,singles,men,785
26620,"ITF Uzbekistan F6, Men Doubles",26616,doubles,men,785
26626,"ITF Portugal 18A, Women Singles",26624,singles,women,213
26628,"ITF Portugal 18A, Women Doubles",26624,doubles,women,213
26632,"ITF Tunisia 41A, Women Singles",26630,singles,women,213
26634,"ITF Tunisia 41A, Women Doubles",26630,doubles,women,213
26650,"ITF Australia 14A, Women Singles",26648,singles,women,213
26652,"ITF Australia 14A, Women Doubles",26648,doubles,women,213
26744,"ITF Sweden 06A, Women Singles",26742,singles,women,213
26746,"ITF Sweden 06A, Women Doubles",26742,doubles,women,213
26836,"ITF Mexico F9, Men Singles",26834,singles,men,785
26838,"ITF Mexico F9, Men Doubles",26834,doubles,men,785
26842,"ITF Spain 26A, Women Singles",26840,singles,women,213
26844,"ITF Spain 26A, Women Doubles",26840,doubles,women,213
26958,"ITF Portugal F22, Men Singles",26956,singles,men,785
26960,"ITF Portugal F22, Men Doubles",26956,doubles,men,785
26964,"ITF Vietnam F5, Men Singles",26962,singles,men,785
26966,"ITF Vietnam F5, Men Doubles",26962,doubles,men,785
27052,"ITF Brazil F7, Men Singles",27050,singles,men,785
27054,"ITF Brazil F7, Men Doubles",27050,doubles,men,785
27162,"ITF USA F41, Men Singles",27160,singles,men,785
27164,"ITF USA F41, Men Doubles",27160,doubles,men,785
27168,"ITF Czech Republic 11A, Women Singles",27166,singles,women,213
27170,"ITF Czech Republic 11A, Women Doubles",27166,doubles,women,213
27174,"ITF Italy 40A, Women Singles",27172,singles,women,213
27176,"ITF Italy 40A, Women Doubles",27172,doubles,women,213
27180,"ITF Mexico 18A, Women Singles",27178,singles,women,213
27182,"ITF Mexico 18A, Women Doubles",27178,doubles,women,213
27444,"ITF Mexico F12, Men Singles",27442,singles,men,785
27446,"ITF Mexico F12, Men Doubles",27442,doubles,men,785
27450,"ITF Dominican Republic F3, Men Singles",27448,singles,men,785
27452,"ITF Dominican Republic F3, Men Doubles",27448,doubles,men,785
27484,"ITF Czech Republic 12A, Women Singles",27482,singles,women,213
27486,"ITF Czech Republic 12A, Women Doubles",27482,doubles,women,213
27496,"ITF Thailand 15A, Women Singles",27494,singles,women,213
27498,"ITF Thailand 15A, Women Doubles",27494,doubles,women,213
27502,"ITF Tunisia 42A, Women Singles",27500,singles,women,213
27504,"ITF Tunisia 42A, Women Doubles",27500,doubles,women,213
27556,"WTA 125K Guadalajara, Mexico Women Singles",27554,singles,women,871
27558,"WTA 125K Guadalajara, Mexico Women Doubles",27554,doubles,women,871
27564,"WTA Hua Hin, Thailand Women Singles",27562,singles,women,6
27566,"WTA Hua Hin, Thailand Women Doubles",27562,doubles,women,6
27589,"ATP Cordoba, Argentina Men Singles",27587,singles,men,3
27591,"ATP Cordoba, Argentina Men Doubles",27587,doubles,men,3
27595,"ATP Zhuhai, China Men Singles",27593,singles,men,3
27597,"ATP Zhuhai, China Men Doubles",27593,doubles,men,3
27601,World Tennis Championship Women Singles,12239,singles,women,79
27605,"ATP Challenger Cleveland, USA Men Singles",27603,singles,men,72
27607,"ATP Challenger Cleveland, USA Men Doubles",27603,doubles,men,72
27611,"ATP Challenger Orlando, USA Men Singles",27609,singles,men,72
27613,"ATP Challenger Orlando, USA Men Doubles",27609,doubles,men,72
27617,"ATP Challenger Da Nang, Vietnam Men Singles",27615,singles,men,72
27619,"ATP Challenger Da Nang, Vietnam Men Doubles",27615,doubles,men,72
27675,Exhibition Hawaii Open Men Singles,27673,singles,men,79
27677,Exhibition Hawaii Open Women Singles,27673,singles,women,79
27707,Exhibition Sydney FAST4 Men Singles,27705,singles,men,79
27709,Exhibition Sydney FAST4 Men Doubles,27705,doubles,men,79
27713,"ITF Bosnia & Herzegovina F4, Men Singles",27711,singles,men,785
27715,"ITF Bosnia & Herzegovina F4, Men Doubles",27711,doubles,men,785
27855,"ATP Challenger Pau, France Men Singles",27853,singles,men,72
27857,"ATP Challenger Pau, France Men Doubles",27853,doubles,men,72
27987,"WTA Lausanne, Switzerland Women Doubles",27985,doubles,women,6
27989,"WTA Lausanne, Switzerland Women Singles",27985,singles,women,6
27993,"WTA Jurmala, Latvia, Women Doubles",31317,doubles,women,6
27995,"WTA Jurmala, Latvia, Women Singles",31317,singles,women,6
28179,"ITF Ghana F1, Men Singles",28177,singles,men,785
28181,"ITF Ghana F1, Men Doubles",28177,doubles,men,785
28203,"ATP Challenger Phoenix, USA Men Singles",28201,singles,men,72
28205,"ATP Challenger Phoenix, USA Men Doubles",28201,doubles,men,72
28215,"ITF Mexico 09A, Women Singles",28213,singles,women,213
28223,"ITF Mexico 09A, Women Doubles",28213,doubles,women,213
28227,"WTA 125K Bastad, Sweden Women Singles",28225,singles,women,871
28229,"WTA 125K Bastad, Sweden Women Doubles",28225,doubles,women,871
28233,"WTA 125K Karlsruhe, Germany Women Singles",28231,singles,women,871
28235,"WTA 125K Karlsruhe, Germany Women Doubles",28231,doubles,women,871
28271,"ITF Turkiye 25A, Women Singles",28269,singles,women,213
28273,"ITF Turkiye 25A, Women Doubles",28269,doubles,women,213
28277,"ITF Singapore 04A, Women Singles",28275,singles,women,213
28279,"ITF Singapore 04A, Women Doubles",28275,doubles,women,213
28283,"ITF Mexico 05A, Women Singles",28281,singles,women,213
28285,"ITF Mexico 05A, Women Doubles",28281,doubles,women,213
28384,"ATP Challenger Murcia, Spain Men Singles",28382,singles,men,72
28386,"ATP Challenger Murcia, Spain Men Doubles",28382,doubles,men,72
28412,"ITF Slovakia 03A, Women Singles",28410,singles,women,213
28414,"ITF Slovakia 03A, Women Doubles",28410,doubles,women,213
28452,"ITF USA F14B, Men Singles",28450,singles,men,785
28454,"ITF USA F14B, Men Doubles",28450,doubles,men,785
28460,"ITF Mexico 19A, Women Doubles",28458,doubles,women,213
28464,"ITF Mexico 13A, Women Singles",28462,singles,women,213
28466,"ITF Mexico 13A, Women Doubles",28462,doubles,women,213
28547,"ITF Ecuador 03A, Women Singles",28545,singles,women,213
28549,"ITF Ecuador 03A, Women Doubles",28545,doubles,women,213
28609,"WTA Zhengzhou, China Women Singles",28607,singles,women,6
28611,"WTA Zhengzhou, China Women Doubles",28607,doubles,women,6
28615,"ATP Challenger Jerusalem, Israel Men Singles",28613,singles,men,72
28617,"ATP Challenger Jerusalem, Israel Men Doubles",28613,doubles,men,72
28647,"ITF Mexico 11A, Women Singles",28645,singles,women,213
28649,"ITF Mexico 11A, Women Doubles",28645,doubles,women,213
28703,"ITF Romania F6, Men Singles",28701,singles,men,785
28705,"ITF Romania F6, Men Doubles",28701,doubles,men,785
28715,"ITF Singapore 03A, Women Singles",28713,singles,women,213
28717,"ITF Singapore 03A, Women Doubles",28713,doubles,women,213
28721,"ITF Trinidad & Tobago 02A, Women Singles",28719,singles,women,213
28723,"ITF Trinidad & Tobago 02A, Women Doubles",28719,doubles,women,213
28727,"ITF France 26A, Women Singles",28725,singles,women,213
28729,"ITF France 26A, Women Doubles",28725,doubles,women,213
28849,"ITF Mexico F25, Men Singles",28847,singles,men,785
28851,"ITF Mexico F25, Men Doubles",28847,doubles,men,785
28855,"ITF Mexico 12A, Women Singles",28853,singles,women,213
28857,"ITF Mexico 12A, Women Doubles",28853,doubles,women,213
28883,"ATP Challenger Little Rock, USA Men Singles",28881,singles,men,72
28885,"ATP Challenger Little Rock, USA Men Doubles",28881,doubles,men,72
28889,"ATP Challenger Columbus II, USA Men Singles",28887,singles,men,72
28891,"ATP Challenger Columbus II, USA Men Doubles",28887,doubles,men,72
28895,"ATP Challenger Parma, Italy Men Singles",28893,singles,men,72
28897,"ATP Challenger Parma, Italy Men Doubles",28893,doubles,men,72
28901,"ATP Challenger Shymkent II, Kazakhstan Men Singles",28899,singles,men,72
28903,"ATP Challenger Shymkent II, Kazakhstan Men Doubles",28899,doubles,men,72
29017,"ITF Mexico 14A, Women Doubles",29015,doubles,women,213
29019,"ITF Mexico 14A, Women Singles",29015,singles,women,213
29063,"ITF Mexico 16A, Women Singles",29061,singles,women,213
29065,"ITF Mexico 16A, Women Doubles",29061,doubles,women,213
29101,"ATP Challenger Ludwigshafen, Germany Men Singles",29099,singles,men,72
29103,"ATP Challenger Ludwigshafen, Germany Men Doubles",29099,doubles,men,72
29204,"ITF Mexico F13, Men Singles",No value,singles,men,785
29206,"ITF Mexico F13, Men Doubles",No value,doubles,men,785
29212,"ITF Mexico 15A, Women Singles",29210,singles,women,213
29214,"ITF Mexico 15A, Women Doubles",29210,doubles,women,213
29260,"ITF Peru 02A, Women Singles",29258,singles,women,213
29262,"ITF Peru 02A, Women Doubles",29258,doubles,women,213
29266,"ITF Mexico 24A, Women Singles",29264,singles,women,213
29268,"ITF Mexico 24A, Women Doubles",29264,doubles,women,213
29272,"ITF Romania 04A, Women Singles",29270,singles,women,213
29274,"ITF Romania 04A, Women Doubles",29270,doubles,women,213
29362,"ITF Mexico 20A, Women Singles",29360,singles,women,213
29364,"ITF Mexico 20A, Women Doubles",29360,doubles,women,213
29376,"ITF Mexico F15, Men Singles",29374,singles,men,785
29378,"ITF Mexico F15, Men Doubles",29374,doubles,men,785
29386,"ITF Mexico 17A, Women Singles",No value,singles,women,213
29388,"ITF Mexico 17A, Women Doubles",29384,doubles,women,213
29392,"ITF Peru 01A, Women Doubles",29390,doubles,women,213
29394,"ITF Peru 01A, Women Singles",29390,singles,women,213
29408,"ITF Mexico F18, Men Singles",29406,singles,men,785
29410,"ITF Mexico F18, Men Doubles",29406,doubles,men,785
29414,"ITF USA 49A, Women Singles",29412,singles,women,213
29416,"ITF USA 49A, Women Doubles",29412,doubles,women,213
29420,"ITF USA 48B, Women Singles",29418,singles,women,213
29422,"ITF USA 48B, Women Doubles",29418,doubles,women,213
29476,"ATP Challenger Yokkaichi, Japan Men Singles",29474,singles,men,72
29480,"ATP Challenger Augsburg, Germany Men Singles",29478,singles,men,72
29482,"ATP Challenger Augsburg, Germany Men Doubles",29478,doubles,men,72
29486,"ATP Challenger Baotou, China Men Singles",29484,singles,men,72
29488,"ATP Challenger Baotou, China Men Doubles",29484,doubles,men,72
29490,"ATP Challenger Yokkaichi, Japan Men Doubles",29474,doubles,men,72
29576,"ITF Tunisia 48A, Women Singles",29574,singles,women,213
29578,"ITF Tunisia 48A, Women Doubles",29574,doubles,women,213
29582,"ITF Mexico 23A, Women Singles",29580,singles,women,213
29584,"ITF Mexico 23A, Women Doubles",29580,doubles,women,213
29606,"ITF Mexico F17, Men Doubles",29604,doubles,men,785
29608,"ITF Mexico F17, Men Singles",29604,singles,men,785
29610,"ITF Mexico 19A, Women Singles",28458,singles,women,213
29634,"WTA New York, USA Women Singles",29632,singles,women,6
29636,"WTA New York, USA Women Doubles",29632,doubles,women,6
29644,"WTA 125K New Haven, USA Women Singles",29880,singles,women,871
29646,"WTA 125K New Haven, USA Women Doubles",29880,doubles,women,871
29732,"ITF Bulgaria F4, Men Singles",29730,singles,men,785
29734,"ITF Bulgaria F4, Men Doubles",29730,doubles,men,785
29744,"ITF Kenya 03A, Women Singles",29742,singles,women,213
29746,"ITF Kenya 03A, Women Doubles",29742,doubles,women,213
29820,"ITF Bulgaria F5, Men Singles",29818,singles,men,785
29822,"ITF Bulgaria F5, Men Doubles",29818,doubles,men,785
29838,"ITF Japan 17A, Women Singles",29836,singles,women,213
29840,"ITF Japan 17A, Women Doubles",29836,doubles,women,213
29846,"ITF Mexico F19, Men Doubles",29844,doubles,men,785
29848,"ITF Mexico F19, Men Singles",29844,singles,men,785
29852,"ITF Bolivia 02A, Women Doubles",29850,doubles,women,213
29854,"ITF Bolivia 02A, Women Singles",29850,singles,women,213
29858,"ITF Kenya 04A, Women Doubles",29856,doubles,women,213
29860,"ITF Kenya 04A, Women Singles",29856,singles,women,213
29864,"ITF Mexico 21A, Women Doubles",29862,doubles,women,213
29866,"ITF Mexico 21A, Women Singles",29862,singles,women,213
29870,"ATP Challenger Columbus III, USA Men Singles",29868,singles,men,72
29872,"ATP Challenger Columbus III, USA Men Doubles",29868,doubles,men,72
29876,"ATP Challenger Hamburg, Germany Men Singles",29874,singles,men,72
29878,"ATP Challenger Hamburg, Germany Men Doubles",29874,doubles,men,72
29882,"ATP Challenger New Haven, USA Men Singles",29880,singles,men,72
29884,"ATP Challenger New Haven, USA Men Doubles",29880,doubles,men,72
29888,"ATP Challenger Nur-Sultan II, Kazakhstan Men Singles",29886,singles,men,72
29890,"ATP Challenger Nur-Sultan II, Kazakhstan Men Doubles",29886,doubles,men,72
29894,"ATP Challenger Playford City II, Australia Men Singles",29892,singles,men,72
29896,"ATP Challenger Playford City II, Australia Men Doubles",29892,doubles,men,72
29934,"ITF Paraguay F1, Men Singles",29932,singles,men,785
29936,"ITF Paraguay F1, Men Doubles",29932,doubles,men,785
29940,"ITF Mexico F20, Men Doubles",29938,doubles,men,785
29942,"ITF Mexico F20, Men Singles",29938,singles,men,785
29954,"ITF Mexico 22A, Women Doubles",29950,doubles,women,213
29956,"ITF Mexico 22A, Women Singles",29950,singles,women,213
30296,"ITF Spain F1B, Men Doubles",30294,doubles,men,785
30298,"ITF Spain F1B, Men Singles",30294,singles,men,785
30302,"ITF Argentina F22, Men Doubles",30300,doubles,men,785
30304,"ITF Argentina F22, Men Singles",30300,singles,men,785
30308,"ITF Mexico F23, Men Doubles",30306,doubles,men,785
30310,"ITF Mexico F23, Men Singles",30306,singles,men,785
30316,"ITF Great Britain 01B, Women Doubles",30314,doubles,women,213
30318,"ITF Great Britain 01B, Women Singles",30314,singles,women,213
30384,"ITF Austria 01B, Women Doubles",30382,doubles,women,213
30386,"ITF Austria 01B, Women Singles",30382,singles,women,213
30402,"ITF Great Britain F7, Men Doubles",30400,doubles,men,785
30404,"ITF Great Britain F7, Men Singles",30400,singles,men,785
30408,"ITF Kazakhstan F9, Men Doubles",30406,doubles,men,785
30410,"ITF Kazakhstan F9, Men Singles",30406,singles,men,785
30414,"ITF China F15, Men Doubles",30412,doubles,men,785
30416,"ITF China F15, Men Singles",30412,singles,men,785
30422,"ITF France F1B, Men Doubles",30420,doubles,men,785
30424,"ITF France F1B, Men Singles",30420,singles,men,785
30428,"ITF Mexico F24, Men Doubles",30426,doubles,men,785
30430,"ITF Mexico F24, Men Singles",30426,singles,men,785
30434,"ITF Ukraine F6, Men Doubles",30432,doubles,men,785
30436,"ITF Ukraine F6, Men Singles",30432,singles,men,785
30444,"ITF Great Britain 01C, Women Doubles",30442,doubles,women,213
30446,"ITF Great Britain 01C, Women Singles",30442,singles,women,213
30536,"ITF China F16, Men Doubles",30534,doubles,men,785
30538,"ITF China F16, Men Singles",30534,singles,men,785
30542,"ITF El Salvador F1, Men Singles",30540,singles,men,785
30544,"ITF El Salvador F1, Men Doubles",30540,doubles,men,785
30548,"ITF USA 44A, Women Doubles",30546,doubles,women,213
30550,"ITF USA 44A, Women Singles",30546,singles,women,213
30554,"ITF Turkiye 24A, Women Doubles",30552,doubles,women,213
30556,"ITF Turkiye 24A, Women Singles",30552,singles,women,213
30560,"ITF Ukraine 01B, Women Singles",30558,singles,women,213
30562,"ITF Ukraine 01B, Women Doubles",30558,doubles,women,213
30566,"ITF USA 47A, Women Doubles",30564,doubles,women,213
30568,"ITF USA 47A, Women Singles",30564,singles,women,213
30606,"ITF Hong Kong 01B, Women Singles",30604,singles,women,213
30608,"ITF Hong Kong 01B, Women Doubles",30604,doubles,women,213
30612,"ITF USA F6B, Men Doubles",30610,doubles,men,785
30614,"ITF USA F6B, Men Singles",30610,singles,men,785
30714,"ITF USA F42, Men Singles",30712,singles,men,785
30716,"ITF USA F42, Men Doubles",30712,doubles,men,785
30720,"ITF Argentina F23, Men Doubles",30718,doubles,men,785
30722,"ITF Argentina F23, Men Singles",30718,singles,men,785
30726,"ITF Mexico F27, Men Doubles",30724,doubles,men,785
30728,"ITF Mexico F27, Men Singles",30724,singles,men,785
30732,"ITF USA 50A, Women Doubles",30730,doubles,women,213
30734,"ITF USA 50A, Women Singles",30730,singles,women,213
30738,"ITF Mexico 25A, Women Singles",30736,singles,women,213
30740,"ITF Mexico 25A, Women Doubles",30736,doubles,women,213
30744,"ITF USA 38B, Women Doubles",30742,doubles,women,213
30746,"ITF USA 38B, Women Singles",30742,singles,women,213
30770,"ITF Tunisia F46, Men Doubles",30768,doubles,men,785
30772,"ITF Tunisia F46, Men Singles",30768,singles,men,785
30776,"ITF China 25A, Women Singles",30774,singles,women,213
30778,"ITF China 25A, Women Doubles",30774,doubles,women,213
30782,"ITF USA 42A, Women Doubles",30780,doubles,women,213
30784,"ITF USA 42A, Women Singles",30780,singles,women,213
30800,"ITF Colombia 04A, Women Doubles",30798,doubles,women,213
30802,"ITF Colombia 04A, Women Singles",30798,singles,women,213
30806,"ITF Mexico 26A, Women Doubles",30804,doubles,women,213
30808,"ITF Mexico 26A, Women Singles",30804,singles,women,213
30861,"ATP Challenger Bratislava II, Slovakia Men Singles",30859,singles,men,72
30863,"ATP Challenger Bratislava II, Slovakia Men Doubles",30859,doubles,men,72
30869,"ATP Challenger Maia, Portugal Men Singles",30867,singles,men,72
30871,"ATP Challenger Maia, Portugal Men Doubles",30867,doubles,men,72
30891,"ITF Spain F34, Men Singles",30889,singles,men,785
30893,"ITF Spain F34, Men Doubles",30889,doubles,men,785
30897,"ITF Tunisia 51A, Women Singles",30895,singles,women,213
30899,"ITF Tunisia 51A, Women Doubles",30895,doubles,women,213
30921,"ITF USA F43, Men Singles",30919,singles,men,785
30923,"ITF USA F43, Men Doubles",30919,doubles,men,785
30927,"ITF Mexico F28, Men Doubles",30925,doubles,men,785
30929,"ITF Mexico F28, Men Singles",30925,singles,men,785
30933,"ITF Tunisia F47, Men Doubles",30931,doubles,men,785
30935,"ITF Tunisia F47, Men Singles",30931,singles,men,785
30939,"ITF China 26A, Women Doubles",30937,doubles,women,213
30941,"ITF China 26A, Women Singles",30937,singles,women,213
30945,"ITF USA 43A, Women Doubles",30943,doubles,women,213
30947,"ITF USA 43A, Women Singles",30943,singles,women,213
30951,"ITF France 28A, Women Doubles",30949,doubles,women,213
30953,"ITF France 28A, Women Singles",30949,singles,women,213
30957,"ITF USA 51A, Women Doubles",30955,doubles,women,213
30959,"ITF USA 51A, Women Singles",30955,singles,women,213
30963,"ITF Estonia 02A, Women Doubles",30961,doubles,women,213
30965,"ITF Estonia 02A, Women Singles",30961,singles,women,213
30969,"ITF Guatemala 01A, Women Singles",30967,singles,women,213
30971,"ITF Guatemala 01A, Women Doubles",30967,doubles,women,213
30975,"ITF Mexico 27A, Women Doubles",30973,doubles,women,213
30977,"ITF Mexico 27A, Women Singles",30973,singles,women,213
30981,"ITF Tunisia 45A, Women Doubles",30979,doubles,women,213
30983,"ITF Tunisia 45A, Women Singles",30979,singles,women,213
31057,"ITF USA F38B, Men Doubles",31049,doubles,men,785
31059,"ITF USA F38B, Men Singles",31049,singles,men,785
31069,"ITF Mexico F29, Men Doubles",31067,doubles,men,785
31071,"ITF Mexico F29, Men Singles",31067,singles,men,785
31075,"ITF Tunisia F48, Men Doubles",31073,doubles,men,785
31077,"ITF Tunisia F48, Men Singles",31073,singles,men,785
31081,"ITF USA 47B, Women Doubles",31079,doubles,women,213
31083,"ITF USA 47B, Women Singles",31079,singles,women,213
31087,"ITF Japan 18A, Women Doubles",31085,doubles,women,213
31089,"ITF Japan 18A, Women Singles",31085,singles,women,213
31093,"ITF Mexico 28A, Women Doubles",31091,doubles,women,213
31095,"ITF Mexico 28A, Women Singles",31091,singles,women,213
31099,"ITF Tunisia 46A, Women Doubles",31097,doubles,women,213
31101,"ITF Tunisia 46A, Women Singles",31097,singles,women,213
31137,"ITF Mexico F30, Men Singles",No value,singles,men,785
31139,"ITF Mexico F30, Men Doubles",No value,doubles,men,785
31143,"ITF Tunisia F49, Men Singles",31141,singles,men,785
31145,"ITF Tunisia F49, Men Doubles",31141,doubles,men,785
31163,"ITF USA 46A, Women Doubles",31161,doubles,women,213
31165,"ITF USA 46A, Women Singles",31161,singles,women,213
31171,"ITF Mexico 29A, Women Doubles",31169,doubles,women,213
31173,"ITF Mexico 29A, Women Singles",31169,singles,women,213
31179,"ITF Tunisia 47A, Women Doubles",31175,doubles,women,213
31183,"ITF Tunisia 47A, Women Singles",31175,singles,women,213
31263,ATP Cup,No value,mixed,men,3
31281,"ATP Challenger Ann Arbor, USA Men Singles",31279,singles,men,72
31283,"ATP Challenger Ann Arbor, USA Men Doubles",31279,doubles,men,72
31287,"ATP Challenger Bendigo, Australia Men Singles",31285,singles,men,72
31289,"ATP Challenger Bendigo, Australia Men Doubles",31285,doubles,men,72
31293,"WTA Adelaide 1, Australia Women Singles",31291,singles,women,6
31295,"WTA Adelaide 1, Australia Women Doubles",31291,doubles,women,6
31299,"WTA Albany, USA Women Singles",31297,singles,women,6
31301,"WTA Albany, USA Women Doubles",31297,doubles,women,6
31305,WTA Bad Homburg Women Singles,31303,singles,women,6
31307,WTA Bad Homburg Women Doubles,31303,doubles,women,6
31325,"WTA Lyon, France Women Doubles",31323,doubles,women,6
31327,"WTA Lyon, France Women Singles",31323,singles,women,6
31341,"ITF Tunisia F50, Men Singles",31339,singles,men,785
31343,"ITF Tunisia F50, Men Doubles",31339,doubles,men,785
31347,"ITF Uruguay F1, Men Singles",31345,singles,men,785
31349,"ITF Uruguay F1, Men Doubles",31345,doubles,men,785
31359,"ATP Adelaide, Australia Men Singles",31357,singles,men,3
31361,"ATP Adelaide, Australia Men Doubles",31357,doubles,men,3
31419,"ITF Mexico F31, Men Doubles",31417,doubles,men,785
31421,"ITF Mexico F31, Men Singles",31417,singles,men,785
31425,"ITF Tunisia F51, Men Doubles",31423,doubles,men,785
31427,"ITF Tunisia F51, Men Singles",31423,singles,men,785
31431,"ITF Czech Republic 13A, Women Doubles",31429,doubles,women,213
31433,"ITF Czech Republic 13A, Women Singles",31429,singles,women,213
31437,"ITF Mexico 30A, Women Doubles",31435,doubles,women,213
31439,"ITF Mexico 30A, Women Singles",31435,singles,women,213
31443,"ITF Tunisia 49A, Women Doubles",31441,doubles,women,213
31445,"ITF Tunisia 49A, Women Singles",31441,singles,women,213
31449,"ITF USA 52A, Women Doubles",31447,doubles,women,213
31451,"ITF USA 52A, Women Singles",31447,singles,women,213
31475,"ATP Mallorca, Spain Men Singles",31473,singles,men,3
31477,"ATP Mallorca, Spain Men Doubles",31473,doubles,men,3
31481,NIU,No value,doubles,men,3
31521,"ITF Tunisia F52, Men Doubles",31519,doubles,men,785
31523,"ITF Tunisia F52, Men Singles",31519,singles,men,785
31527,"ITF Mexico F32, Men Doubles",31525,doubles,men,785
31529,"ITF Mexico F32, Men Singles",31525,singles,men,785
31533,"ITF Tunisia 50A, Women Doubles",31531,doubles,women,213
31535,"ITF Tunisia 50A, Women Singles",31531,singles,women,213
31539,"ITF Mexico 31A, Women Doubles",31537,doubles,women,213
31541,"ITF Mexico 31A, Women Singles",31537,singles,women,213
31561,"ITF Tunisia F53, Men Singles",31559,singles,men,785
31563,"ITF Tunisia F53, Men Doubles",31559,doubles,men,785
31573,"ITF New Zealand F1, Men Singles",31571,singles,men,785
31577,"ITF New Zealand F1, Men Doubles",31571,doubles,men,785
31585,Exhibition Diriyah Tennis Cup Men Singles,31583,singles,men,79
31717,"ITF Latvia 01A, Women Singles",31715,singles,women,213
31719,"ITF Latvia 01A, Women Doubles",31715,doubles,women,213
31799,"ATP Challenger Machala, Ecuador Men Singles",31797,singles,men,72
31803,"ATP Challenger Changsha, China Men Singles",31801,singles,men,72
31805,"ATP Challenger Changsha, China Men Doubles",31801,doubles,men,72
31809,"ATP Challenger Potchefstroom, South Africa Men Singles",31807,singles,men,72
31811,"ATP Challenger Potchefstroom, South Africa Men Doubles",31807,doubles,men,72
31815,"ATP Challenger Olimpia, Brazil Men Singles",31813,singles,men,72
31817,"ATP Challenger Olimpia, Brazil Men Doubles",31813,doubles,men,72
31819,"ATP Challenger Machala, Ecuador Men Doubles",31797,doubles,men,72
31823,"ATP Challenger Matsuyama, Japan Men Singles",31821,singles,men,72
31825,"ATP Challenger Matsuyama, Japan Men Doubles",31821,doubles,men,72
31829,"ATP Challenger Split, Croatia Men Singles",31827,singles,men,72
31831,"ATP Challenger Split, Croatia Men Doubles",31827,doubles,men,72
31885,"ITF New Zealand 01A, Women Singles",31883,singles,women,213
31887,"ITF New Zealand 01A, Women Doubles",31883,doubles,women,213
31925,"WTA 125K Warsaw, Poland Women Singles",31923,singles,women,871
31927,"WTA 125K Warsaw, Poland Women Doubles",31923,doubles,women,871
31931,"WTA 125K Tashkent, Uzbekistan Women Singles",31929,singles,women,871
31933,"WTA 125K Tashkent, Uzbekistan Women Doubles",31929,doubles,women,871
32083,"ATP Challenger Manzanillo, Mexico Men Singles",32081,singles,men,72
32085,"ATP Challenger Manzanillo, Mexico Men Doubles",32081,doubles,men,72
32387,"Exo Tennis Germany Series, Men Singles",32385,singles,men,79
32469,UTR Pro Match Series Men Singles,No value,singles,men,79
32487,Exo-Tennis Atlanta Men Singles,32485,singles,men,79
32493,Exo-Tennis Atlanta Women Singles,32485,singles,women,79
32507,Austrian Pro Series Men Singles,32509,singles,men,79
32511,Austrian Pro Series Women Singles,32509,singles,men,79
32557,"LiveScore Cup, Women",No value,singles,women,79
32683,"Battle of the Brits, Men Doubles",No value,doubles,men,79
32685,"Battle of the Brits, Men Singles",No value,singles,men,79
32799,"WTA Lexington, USA Women Singles",32803,singles,women,6
32801,"WTA Lexington, USA Women Doubles",32803,doubles,women,6
33007,"WTA 125K Prague, Czech Republic",No value,singles,women,871
33009,"WTA 125K Prague, Czech Republic Doubles",No value,doubles,women,871
33049,"2020 Trieste, Italy Doubles",33053,doubles,men,72
33051,"ATP Challenger Trieste, Italy Men Singles",33053,singles,men,72
33087,"ATP Challenger Iasi, Romania Men Doubles",33147,doubles,men,72
33089,"ATP Challenger Iasi, Romania Men Singles",33147,singles,men,72
33091,"ATP Challenger Forli, Italy Men Doubles",33189,doubles,men,72
33093,"ATP Challenger Forli, Italy Men Singles",33189,singles,men,72
33107,"ITF France 31A, Women Singles",No value,singles,women,213
33109,"ITF France 31A, Women Doubles",No value,doubles,women,213
33143,"ITF France 32A, Women Singles",33139,singles,women,213
33145,"ITF France 32A, Women Doubles",33139,doubles,women,213
33159,"ATP Cologne, Germany Men Singles",33157,singles,men,3
33163,"ATP Cologne, Germany Men Doubles",33157,doubles,men,3
33167,"ATP Cologne II, Germany Men Doubles",33165,doubles,men,3
33169,"ATP Cologne II, Germany Men Singles",33165,singles,men,3
33173,"ATP Sardinia, Italy Men Singles",33171,singles,men,3
33175,"ATP Sardinia, Italy Men Doubles",33171,doubles,men,3
33179,"ATP Astana, Kazakhstan Men Singles",33177,singles,men,3
33181,"ATP Astana, Kazakhstan Men Doubles",33177,doubles,men,3
33185,"WTA Ostrava, Czech Republic Women Doubles",33183,doubles,women,6
33187,"WTA Ostrava, Czech Republic Women Singles",33183,singles,women,6
33229,"ITF Egypt 18B, Women Singles",33227,singles,women,213
33231,"ITF Egypt 18B, Women Doubles",33227,doubles,women,213
33255,"ITF France 33A, Women Doubles",33253,doubles,women,213
33257,"ITF France 33A, Women Singles",33253,singles,women,213
33263,"ATP Challenger Parma II, Italy Men Doubles",33261,doubles,men,72
33265,"ATP Challenger Parma II, Italy Men Singles",33261,singles,men,72
33279,"ITF Slovakia F8, Men Doubles",33277,doubles,men,785
33281,"ITF Slovakia F8, Men Singles",33277,singles,men,785
33347,"ITF Greece F11, Men Doubles",33345,doubles,men,785
33349,"ITF Greece F11, Men Singles",33345,singles,men,785
33353,"ITF Greece 11A, Women Doubles",33351,doubles,women,213
33355,"ITF Greece 11A, Women Singles",33351,singles,women,213
33372,"ITF Greece F12, Men Doubles",33370,doubles,men,785
33374,"ITF Greece F12, Men Singles",33370,singles,men,785
33378,"Egypt 24B, Women Doubles",33376,doubles,women,213
33380,"ITF Egypt 24B, Women Singles",33376,singles,women,213
33384,"ITF Greece 12A, Women Doubles",33382,doubles,women,213
33386,"ITF Greece 12A, Women Singles",33382,singles,women,213
33412,"ITF Slovakia F6, Men Singles",33410,singles,men,785
33414,"ITF Slovakia F6, Men Doubles",33410,doubles,men,785
33418,"ITF Greece F13, Men Singles",33416,singles,men,785
33420,"ITF Greece F13, Men Doubles",33416,doubles,men,785
33424,"ITF Greece 13A, Women Singles",33422,singles,women,213
33426,"ITF Greece 13A, Women Doubles",33422,doubles,women,213
33454,"ITF Spain F25B, Men Doubles",33452,doubles,men,785
33456,"ITF Spain F25B, Men Singles",33452,singles,men,785
33478,"WTA Abu Dhabi, UAE Women Doubles",33476,doubles,women,6
33480,"WTA Abu Dhabi, UAE Women Singles",33476,singles,women,6
33484,"ATP Melbourne, Australia Men Doubles",33482,doubles,men,3
33486,"ATP Melbourne, Australia Men Singles",33482,singles,men,3
33516,"WTA Melbourne, Australia Women Singles",33514,singles,women,6
33518,"WTA Melbourne, Australia Women Doubles",33514,doubles,women,6
33522,"ATP Challenger Antalya, Turkey Men Singles",33520,singles,men,72
33524,"ATP Challenger Antalya 1, Turkey Men Doubles",33520,doubles,men,72
33536,"WTA Melbourne 2, Australia Women Doubles",33534,doubles,women,6
33538,"WTA Melbourne 2, Australia Women Singles",33534,singles,women,6
33542,"ATP Challenger Antalya 2, Turkey Men Singles",33540,singles,men,72
33544,"ATP Challenger Antalya 2, Turkey Men Doubles",33540,doubles,men,72
33548,"ATP Challenger Potchefstroom 2, South Africa Men Doubles",33546,doubles,men,72
33550,"ATP Challenger Potchefstroom 2, South Africa Men Singles",33546,singles,men,72
33556,"ATP Challenger Biella 2, Italy Men Doubles",33554,doubles,men,72
33558,"ATP Challenger Biella 2, Italy Men Singles",33554,singles,men,72
33586,"WTA Guadalajara, Mexico Women Singles",33584,singles,women,6
33588,"WTA Guadalajara, Mexico Women Doubles",33584,doubles,women,6
33592,"WTA Anning, China Women Singles",33590,singles,women,6
33594,"WTA Anning, China Women Doubles",33590,doubles,women,6
33598,"WTA Cologne, Germany Women Singles",33596,singles,women,6
33600,"WTA Cologne, Germany Women Doubles",33596,doubles,women,6
33644,"WTA Melbourne 4, Australia Women Singles",33642,singles,women,6
33646,"WTA Melbourne 4, Australia Women Doubles",33642,doubles,women,6
33652,"ATP Challenger Quimper 2, France Men Singles",33650,singles,men,72
33654,"ATP Challenger Quimper 2, France Men Doubles",33650,doubles,men,72
33660,"ATP Challenger Concepcion, Chile Men Singles",33658,singles,men,72
33662,"ATP Challenger Concepcion, Chile Men Doubles",33658,doubles,men,72
33666,"ATP Challenger Gran Canaria 1, Spain Men Singles",33664,singles,men,72
33668,"ATP Challenger Gran Canaria 1, Spain Men Doubles",33664,doubles,men,72
33672,"ATP Challenger Gran Canaria 2, Spain Men Singles",33670,singles,men,72
33674,"ATP Challenger Gran Canaria 2, Spain Men Doubles",33670,doubles,men,72
33700,"ATP Singapore, Singapore Men Singles",33698,singles,men,3
33702,"ATP Singapore, Singapore Men Doubles",33698,doubles,men,3
33706,"ATP Marbella, Spain Men Singles",33704,singles,men,3
33708,"ATP Marbella, Spain Men Doubles",33704,doubles,men,3
33712,"WTA Melbourne 3, Australia Women Singles",33710,singles,women,6
33714,"WTA Melbourne 3, Australia Women Doubles",33710,doubles,women,6
33750,"ATP Challenger St Petersburg, Russia Men Doubles",33748,doubles,men,72
33752,"ATP Challenger St Petersburg, Russia Men Singles",33748,singles,men,72
33756,"ATP Challenger St Petersburg 2, Russia Men Doubles",33754,doubles,men,72
33758,"ATP Challenger St Petersburg 2, Russia Men Singles",33754,singles,men,72
33762,"ATP Challenger Biella 3, Italy Men Doubles",33760,doubles,men,72
33764,"ATP Challenger Biella 3, Italy Men Singles",33760,singles,men,72
33768,"ATP Challenger Biella 4, Italy Men Singles",33766,singles,men,72
33770,"ATP Challenger Biella 4, Italy Men Doubles",33766,doubles,men,72
33772,"ATP Challenger Lugano, Switzerland Men Doubles",3603,doubles,men,72
33838,"ITF Slovakia F4, Men Singles",33836,singles,men,785
33840,"ITF Slovakia F4, Men Doubles",33836,doubles,men,785
33844,"ITF India F1B, Men Singles",33842,singles,men,785
33846,"ITF India F1B, Men Doubles",33842,doubles,men,785
33874,"ATP Challenger Zadar, Croatia Men Singles",33872,singles,men,72
33876,"ATP Challenger Zadar, Croatia Men Doubles",33872,doubles,men,72
33880,"ATP Challenger Oeiras 1, Portugal Men Singles",33878,singles,men,72
33882,"ATP Challenger Oeiras 1, Portugal Men Doubles",33878,doubles,men,72
33886,"ATP Challenger Oeiras 2, Portugal Men Singles",33884,singles,men,72
33888,"ATP Challenger Oeiras 2, Portugal Men Doubles",33884,doubles,men,72
33894,"ITF Slovakia F5, Men Doubles",33892,doubles,men,785
33896,"ITF Slovakia F5, Men Singles",33892,singles,men,785
33930,"ATP Cagliari, Italy Men Singles",33928,singles,men,3
33932,"ATP Cagliari, Italy Men Doubles",33928,doubles,men,3
33936,"ATP Challenger Santa Cruz, Bolivia Men Singles",33934,singles,men,72
33938,"ATP Challenger Santa Cruz, Bolivia Men Doubles",33934,doubles,men,72
33942,"ATP Challenger Split 2, Croatia Men Singles",33940,singles,men,72
33944,"ATP Challenger Split 2, Croatia Men Doubles",33940,doubles,men,72
34046,"ATP Challenger Concepcion 2, Chile Men Singles",34044,singles,men,72
34048,"ATP Challenger Concepcion 2, Chile Men Doubles",34044,doubles,men,72
34052,"ITF United Arab Emirates 02A, Women Singles",34050,singles,women,213
34054,"ITF United Arab Emirates 02A, Women Doubles",34050,doubles,women,213
34070,"WTA Charleston 2, USA Women Doubles",34068,doubles,women,6
34072,"WTA Charleston 2, USA Women Singles",34068,singles,women,6
34076,"WTA 125K Saint-Malo, France, Women Singles",34074,singles,women,871
34078,"WTA 125K Saint-Malo, France, Women Doubles",34074,doubles,women,871
34120,"WTA Belgrade, Serbia Women Singles",34118,singles,women,6
34122,"WTA Belgrade, Serbia Women Doubles",34118,doubles,women,6
34126,"ATP Challenger Salinas 2, Ecuador Men Singles",34124,singles,men,72
34128,"ATP Challenger Salinas 2, Ecuador Men Doubles",34124,doubles,men,72
34132,"ATP Challenger Biella 5, Italy Men Singles",34130,singles,men,72
34134,"ATP Challenger Biella 5, Italy Men Doubles",34130,doubles,men,72
34138,"ATP Challenger Biella 6, Italy Men Singles",34136,singles,men,72
34140,"ATP Challenger Biella 6, Italy Men Doubles",34136,doubles,men,72
34144,"ATP Challenger Biella 7, Italy Men Singles",34142,singles,men,72
34146,"ATP Challenger Biella 7, Italy Men Doubles",34142,doubles,men,72
34156,"ATP Challenger Oeiras 3, Portugal Men Singles",34154,singles,men,72
34158,"ATP Challenger Oeiras 3, Portugal Men Doubles",34154,doubles,men,72
34180,"ATP Parma, Italy Men Singles",34178,singles,men,3
34182,"ATP Parma, Italy Men Doubles",34178,doubles,men,3
34190,"WTA Gdynia, Poland Women Singles",34188,singles,women,6
34192,"WTA Gdynia, Poland Women Doubles",34188,doubles,women,6
34196,"WTA 125K Belgrade, Serbia Women Singles",34194,singles,women,871
34198,"WTA 125K Belgrade, Serbia Women Doubles",34194,doubles,women,871
34202,"WTA 125K Charleston, USA Women Singles",34200,singles,women,871
34204,"WTA 125K Charleston, USA Women Doubles",34200,doubles,women,871
34208,"WTA Cleveland, USA Women Singles",34206,singles,women,6
34210,"WTA Cleveland, USA Women Doubles",34206,doubles,women,6
34216,"ATP Belgrade 2, Serbia Men Singles",34220,singles,men,3
34218,"ATP Belgrade 2, Serbia Men Doubles",34220,doubles,men,3
34266,"WTA Parma, Italy Women Singles",34264,singles,women,6
34268,"WTA Parma, Italy Women Doubles",34264,doubles,women,6
34272,"WTA Hamburg, Germany Women Singles",34270,singles,women,6
34274,"WTA Hamburg, Germany Women Doubles",34270,doubles,women,6
34284,"ATP Challenger Oeiras 4, Portugal Men Singles",34282,singles,men,72
34286,"ATP Challenger Oeiras 4, Portugal Men Doubles",34282,doubles,men,72
34308,"ATP Challenger Orlando 2, USA Men Singles",34306,singles,men,72
34310,"ATP Challenger Orlando 2, USA Men Doubles",34306,doubles,men,72
34314,"ATP Challenger Nottingham 2, Great Britain Men Singles",34312,singles,men,72
34316,"ATP Challenger Nottingham 2, Great Britain Men Doubles",34312,doubles,men,72
34320,"WTA Cluj Napoca, Romania Women Singles",34318,singles,women,6
34322,"WTA Cluj Napoca, Romania Women Doubles",34318,doubles,women,6
34330,"ITF Croatia F5, Men Doubles",34328,doubles,men,785
34332,"ITF Croatia F5, Men Singles",34328,singles,men,785
34364,"ITF Croatia 03A, Women Doubles",34362,doubles,women,213
34366,"ITF Croatia 03A, Women Singles",34362,singles,women,213
34394,"ITF Slovenia 02A, Women Doubles",34396,doubles,women,213
34398,"ITF Slovenia 02A, Women Singles",34396,singles,women,213
34400,"ITF Dominican Republic 01A, Women Doubles",34402,doubles,women,213
34404,"ITF Dominican Republic 01A, Women Singles",34402,singles,women,213
34408,"ATP Challenger Salzburg-Anif, Austria Men Singles",34406,singles,men,72
34410,"ATP Challenger Salzburg-Anif, Austria Men Doubles",34406,doubles,men,72
34414,"ATP Challenger Nur Sultan 3, Kazahkstan Men Singles",34412,singles,men,72
34416,"ATP Challenger Nur Sultan 3, Kazahkstan Men Doubles",34412,doubles,men,72
34424,"WTA 125K Concord, USA Women Singles",34422,singles,women,871
34426,"WTA 125K Concord, USA Women Doubles",34422,doubles,women,871
34442,"ITF Dominican Republic 02A, Women Doubles",34440,doubles,women,213
34444,"ITF Dominican Republic 02A, Women Singles",34440,singles,women,213
34448,"ITF Lithuania 01A, Women Doubles",34446,doubles,women,213
34450,"ITF Lithuania 01A, Women Singles",34446,singles,women,213
34486,"ATP Challenger Nur Sultan 4, Kazakhstan Men Singles",34484,singles,men,72
34488,"ATP Challenger Nur Sultan 4, Kazakhstan Men Doubles",34484,doubles,men,72
34606,"ITF Slovenia F1, Men Doubles",34604,doubles,men,785
34608,"ITF Slovenia F1, Men Singles",34604,singles,men,785
34630,"ATP Challenger Luedenscheid, Germany Men Singles",34628,singles,men,72
34632,"ATP Challenger Luedenscheid, Germany Men Doubles",34628,doubles,men,72
34636,"ATP Challenger Verona, Italy Men Singles",34634,singles,men,72
34638,"ATP Challenger Verona, Italy Men Doubles",34634,doubles,men,72
34642,"WTA Chicago, USA Women Singles",34640,singles,women,6
34644,"WTA Chicago, USA Women Doubles",34640,doubles,women,6
34666,"Bosnia & Herzegovina F5, Men Singles",34670,singles,men,785
34668,"Bosnia & Herzegovina F5, Men Doubles",34670,doubles,men,785
34750,"ITF Luxembourg F1, Men Singles",34748,singles,men,785
34752,"ITF Luxembourg F1, Men Doubles",34748,doubles,men,785
34758,"ATP Challenger Warsaw, Poland Men Singles",34756,singles,men,72
34760,"ATP Challenger Warsaw, Poland Men Doubles",34756,doubles,men,72
34764,"ATP Challenger Prague 3, Czech Republic Men Singles",34762,singles,men,72
34766,"ATP Challenger Prague 3, Czech Republic Men Doubles",34762,doubles,men,72
34770,"ATP Challenger Saint Tropez, France Men Singles",34768,singles,men,72
34772,"ATP Challenger Saint Tropez, France Men Doubles",34768,doubles,men,72
34812,"ITF Denmark F1, Men Singles",34810,singles,men,785
34814,"ITF Denmark F1, Men Doubles",34810,doubles,men,785
34818,"ITF Denmark 01A, Women Singles",34816,singles,women,213
34820,"ITF Denmark 01A, Women Doubles",34816,doubles,women,213
34854,"Denmark 02A, Women Doubles",34852,doubles,women,213
34856,"ITF Denmark 02A, Women Singles",34852,singles,women,213
34860,"ITF Denmark F2, Men Doubles",34858,doubles,men,785
34862,"ITF Denmark F2, Men Singles",34858,singles,men,785
34874,"ATP Challenger Tulln, Austria Men Singles",34872,singles,men,72
34876,"ATP Challenger Tulln, Austria Men Doubles",34872,doubles,men,72
34882,"ATP Challenger Kiev, Ukraine Men Singles",34880,singles,men,72
34884,"ATP Challenger Kiev, Ukraine Men Doubles",34880,doubles,men,72
34888,"ATP Challenger Istanbul II, Turkey Men Singles",34886,singles,men,72
34890,"ATP Challenger Istanbul II, Turkey Men Doubles",34886,doubles,men,72
34894,"ATP Challenger Cary II, USA Men Singles",34892,singles,men,72
34896,"ATP Challenger Cary II, USA Men Doubles",34892,doubles,men,72
34904,"WTA Chicago 2, USA Women Doubles",34902,doubles,women,6
34906,"WTA Chicago 2, USA Women Singles",34902,singles,women,6
34910,"WTA Tenerife, Spain Women Doubles",34908,doubles,women,6
34912,"WTA Tenerife, Spain Women Singles",34908,singles,women,6
34916,"WTA Courmayeur, Italy Women Doubles",34914,doubles,women,6
34918,"WTA Courmayeur, Italy Women Singles",34914,singles,women,6
34942,"ITF Slovakia 04A, Women Singles",34940,singles,women,213
34944,"ITF Slovakia 04A, Women Doubles",34940,doubles,women,213
34956,"ITF Switzerland F6, Men Doubles",34954,doubles,men,785
34958,"ITF Switzerland F6, Men Singles",34954,singles,men,785
34962,"ITF Austria 05A, Women Doubles",34960,doubles,women,213
34964,"ITF Austria 05A, Women Singles",34960,singles,women,213
34996,"ATP Challenger Ambato, Ecuador Men Doubles",34994,doubles,men,72
34998,"ATP Challenger, Ambato, Ecuador Men Singles",34994,singles,men,72
35002,"ATP Challenger, Biel, Switzerland Men Doubles",35000,doubles,men,72
35004,"ATP Challenger, Biel, Switzerland Men Singles",35000,singles,men,72
35008,"ATP Challenger, Bucharest, Romania Men Doubles",35006,doubles,men,72
35010,"ATP Challenger, Bucharest, Romania Men Singles",35006,singles,men,72
35014,"WTA Cluj Napoca 2, Romania Women Doubles",35012,doubles,women,6
35016,"WTA Cluj Napoca 2, Romania Women Singles",35012,singles,women,6
35020,"WTA 125 Midland, USA Women Doubles",35018,doubles,women,871
35022,"WTA 125 Midland, USA Women Singles",35018,singles,women,871
35026,"WTA 125 Buenos Aires, Argentina Women Doubles",35024,doubles,women,871
35028,"WTA 125 Buenos Aires, Argentina Women Singles",35024,singles,women,871
35034,"ITF Switzerland F7, Men Doubles",35032,doubles,men,785
35036,"ITF Switzerland F7, Men Singles",35032,singles,men,785
35040,"ITF Slovakia F7, Men Doubles",35038,doubles,men,785
35042,"ITF Slovakia F7, Men Singles",35038,singles,men,785
35050,"ITF Kazakhstan 09A, Women Doubles",35048,doubles,women,213
35052,"ITF Kazakhstan 09A, Women Singles",35048,singles,women,213
35082,"ITF Montenegro F1, Men Singles",35080,singles,men,785
35084,"ITF Montenegro F1, Men Doubles",35080,doubles,men,785
35088,"ITF Slovakia F9, Men Singles",35086,singles,men,785
35090,"ITF Slovakia F9, Men Doubles",35086,doubles,men,785
35118,"ATP Challenger Napoli 2, Italy Men Doubles",35116,doubles,men,72
35120,"ATP Challenger Napoli 2, Italy Men Singles",35116,singles,men,72
35126,"Colombia F5, Men Doubles",35124,doubles,men,785
35128,"Colombia F5, Men Singles",35124,singles,men,785
35132,"ITF Montenegro F2, Men Doubles",35130,doubles,men,785
35134,"ITF Montenegro F2, Men Singles",35130,singles,men,785
35138,"ITF Colombia 05A, Women Doubles",35136,doubles,women,213
35140,"ITF Colombia 05A, Women Singles",35136,singles,women,213
35154,"ATP Challenger Santiago 3, Chile Men Singles",35152,singles,men,72
35156,"ATP Challenger Santiago 3, Chile Men Doubles",35152,doubles,men,72
35172,"ITF Colombia F6, Men Singles",35170,singles,men,785
35174,"ITF Colombia F6, Men Doubles",35170,doubles,men,785
35178,"ITF Montenegro F4, Men Singles",35176,singles,men,785
35180,"ITF Montenegro F4, Men Doubles",35176,doubles,men,785
35188,"ITF Colombia 06A, Women Singles",35186,singles,women,213
35190,"ITF Colombia 06A, Women Doubles",35186,doubles,women,213
35202,"ITF Bulgaria 02A, Women Singles",35200,singles,women,213
35204,"ITF Bulgaria 02A, Women Doubles",35200,doubles,women,213
35242,"WTA 125K Columbus, USA Women Singles",35240,singles,women,871
35244,"WTA 125K Columbus, USA Women Doubles",35240,doubles,women,871
35248,"WTA Nur Sultan, Kazakhstan Women Singles",35246,singles,women,6
35250,"WTA Nur Sultan, Kazakhstan Women Doubles",35246,doubles,women,6
35254,"WTA 125K Montevideo, Uruguay Women Singles",35252,singles,women,871
35256,"WTA 125K Montevideo, Uruguay Women Doubles",35252,doubles,women,871
35288,"ITF Montenegro F3, Men Singles",35286,singles,men,785
35290,"ITF Montenegro F3, Men Doubles",35286,doubles,men,785
35294,"ITF South Africa 04A, Women Singles",35292,singles,women,213
35296,"ITF South Africa 04A, Women Doubles",35292,doubles,women,213
35326,"WTA 125K Angers, France Women Singles",35324,singles,women,871
35328,"WTA 125K Angers, France Women Doubles",35324,doubles,women,871
35342,"ITF North Macedonia F3, Men Doubles",35340,doubles,men,785
35346,"ITF North Macedonia F3, Men Singles",35340,singles,men,785
35350,"ITF Denmark 02A, Women Doubles",35348,doubles,women,213
35352,"ITF South Africa 05A, Women Singles",35348,singles,women,213
35402,"ATP Challenger Losinj, Croatia Men Singles",35400,singles,men,72
35404,"ATP Challenger Losinj, Croatia Men Doubles",35400,doubles,men,72
35420,"ATP Challenger Lima 2, Peru Men Doubles",35418,doubles,men,72
35422,"ATP Challenger Lima 2, Peru Men Singles",35418,singles,men,72
35426,"ATP Challenger Tenerife, Spain Men Doubles",35424,doubles,men,72
35428,"ATP Challenger Tenerife, Spain Men Singles",35424,singles,men,72
35434,"ATP Challenger Roanne, France Men Doubles",35432,doubles,men,72
35436,"ATP Challenger Roanne, France, Men Singles",35432,singles,men,72
35462,"ITF Bulgaria F2, Men Singles",35458,singles,men,785
35464,"ITF Bulgaria F2, Men Doubles",35458,doubles,men,785
35472,"ITF Peru 03A, Women Singles",35470,singles,women,213
35474,"ITF Peru 03A, Women Doubles",35470,doubles,women,213
35502,"ITF Kazakhstan F10, Men Doubles",35500,doubles,men,785
35504,"ITF Kazakhstan F10, Men Singles",35500,singles,men,785
35508,"ITF Kazakhstan 12A, Women Doubles",35506,doubles,women,213
35510,"ITF Kazakhstan 12A, Women Singles",35506,singles,women,213
35530,"ATP Challenger Brasilia, Brazil Men Singles",35528,singles,men,72
35532,"ATP Challenger Brasilia, Brazil Men Doubles",35528,doubles,men,72
35536,"ATP Challenger Manama, Bahrain Men Singles",35534,singles,men,72
35538,"ATP Challenger Manama, Bahrain Men Doubles",35534,doubles,men,72
35542,"ATP Challenger Bari, Italy Men Singles",35540,singles,men,72
35544,"ATP Challenger Bari, Italy Men Doubles",35540,doubles,men,72
35548,"ATP Challenger Forli 2, Italy Men Singles",35546,singles,men,72
35550,"ATP Challenger Forli 2, Italy Men Doubles",35546,doubles,men,72
35554,"ATP Challenger Antalya 3, Turkey Men Singles",35552,singles,men,72
35556,"ATP Challenger Antalya 3, Turkey Men Doubles",35552,doubles,men,72
35570,"ITF Kazakhstan 13A, Women Doubles",35568,doubles,women,213
35572,"ITF Kazakhstan 13A, Women Singles",35568,singles,women,213
35576,"ITF Ecuador F03, Men Doubles",35574,doubles,men,785
35578,"ITF Ecuador F03, Men Singles",35574,singles,men,785
35582,"ITF Kazakhstan F11, Men Doubles",35580,doubles,men,785
35584,"ITF Kazakhstan F11, Men Singles",35580,singles,men,785
35609,"ITF Spain 27A, Women Singles",35607,singles,women,213
35611,"ITF Spain 27A, Women Doubles",35607,doubles,women,213
35653,"ITF Brazil 05A, Women Doubles",35651,doubles,women,213
35655,"ITF Brazil 05A, Women Singles",35651,singles,women,213
35659,"ATP Challenger Forli 3, Italy Men Doubles",35657,doubles,men,72
35661,"ATP Challenger Forli 3, Italy Men Singles",35657,singles,men,72
35665,"ATP Challenger Maia 2, Portugal Men Singles",35663,singles,men,72
35667,"ATP Challenger Maia 2, Portugal Men Doubles",35663,doubles,men,72
35671,"ATP Challenger Antalya 4, Turkey Men Singles",35669,singles,men,72
35673,"ATP Challenger Antalya 4, Turkey Men Doubles",35669,doubles,men,72
35695,"ITF Colombia F7, Men Singles",35693,singles,men,785
35697,"ITF Colombia F7, Men Doubles",No value,doubles,men,785
35701,"ITF Colombia 07A, Women Doubles",35699,doubles,women,213
35703,"ITF Colombia 07A, Women Singles",35699,singles,women,213
35759,"ITF Guatemala F1, Men Doubles",35757,doubles,men,785
35761,"ITF GuatemalaF1, Men Singles",35757,singles,men,785
35765,"ITF United Arab Emirates 03A, Women Doubles",35763,doubles,women,213
35767,"ITF United Arab Emirates 03A, Women Singles",35763,singles,women,213
35779,"ITF India 08A, Women Singles",35777,singles,women,213
35781,"ITF India 08A, Women Doubles",35777,doubles,women,213
35785,"ITF Dominican Republic 03A, Women Singles",35783,singles,women,213
35787,"ITF Dominican Republic 03A, Women Doubles",35783,doubles,women,213
35845,"ATP Adelaide 2, Australia Men Doubles",35843,doubles,men,3
35847,"ATP Adelaide 2, Australia Men Singles",35843,singles,men,3
35853,"Dominican Republic F4, Men Singles",35851,singles,men,785
35855,"ITF Dominican Republic F4, Men Doubles",35851,doubles,men,785
35859,"ITF South Africa F4, Men Singles",35857,singles,men,785
35861,"ITF South Africa F4, Men Doubles",35857,doubles,men,785
35865,"ATP Dallas, USA Men Doubles",35863,doubles,men,3
35867,"ATP Dallas, USA Men Singles",35863,singles,men,3
35871,"WTA Adelaide 2, Australia Women Singles",35869,singles,women,6
35873,"WTA Adelaide 2, Australia Women Doubles",35869,doubles,women,6
35877,"ITF South Africa 06A, Women Singles",35875,singles,women,213
35879,"ITF South Africa 06A, Women Doubles",35875,doubles,women,213
35883,"ITF Dominican Republic 04A, Women Singles",35881,singles,women,213
35885,"ITF Dominican Republic 04A, Women Doubles",35881,doubles,women,213
35941,"WTA 125K Seoul, Korea Republic, Women Singles",35939,singles,women,871
35943,"WTA 125K Seoul, Korea Republic, Women Doubles",35939,doubles,women,871
35969,"ITF Tunisia 52A, Women Singles",35967,singles,women,213
35971,"ITF Tunisia 52A, Women Doubles",35967,doubles,women,213
35981,"ATP Challenger Bayamon, Puerto Rico Men Doubles",35979,doubles,men,72
35983,"ATP Challenger Bayamon, Puerto Rico Men Singles",35979,singles,men,72
35987,"ATP Challenger Bayamon 2, Puerto Rico Men Doubles",35985,doubles,men,72
35989,"ATP Challenger Bayamon 2, Puerto Rico Men Singles",35985,singles,men,72
35993,"ATP Challenger Bengaluru 2, India Men Doubles",35991,doubles,men,72
35995,"ATP Challenger Bengaluru 2, India Men Singles",35991,singles,men,72
35999,"ATP Challenger Forli 4, Italy Men Doubles",35997,doubles,men,72
36001,"ATP Challenger Forli 4, Italy Men Singles",35997,singles,men,72
36049,"ATP Challenger Forli 5, Italy Men Doubles",36047,doubles,men,72
36051,"ATP Challenger Forli 5, Italy Men Singles",36047,singles,men,72
36075,"ATP Challenger Roseto Degli Abruzzi, Italy Men Singles",36073,singles,men,72
36077,"ATP Challenger Roseto Degli Abruzzi, Italy Men Doubles",36073,doubles,men,72
36085,"ATP Challenger Roseto Degli Abruzzi 2, Italy Men Singles",36081,singles,men,72
36087,"ATP Challenger Roseto Degli Abruzzi 2, Italy Men Doubles",36081,doubles,men,72
36093,"ATP Challenger Santa Cruz 2, Bolivia Men Singles",36091,singles,men,72
36095,"ATP Challenger Santa Cruz 2, Bolivia Men Doubles",36091,doubles,men,72
36137,"Legends Australian Open, Melbourne, Australia, Mixed Doubles",14832,mixed_doubles,mixed,1475
36157,"ATP Challenger Sanremo, Italy Doubles",3523,doubles,men,72
36169,"ITF Dominican Republic F5, Men Doubles",36171,doubles,men,785
36173,"ITF Dominican Republic F5, Men Singles",36171,singles,men,785
36265,"ATP Challenger Villeneuve-Loubet, France Men Doubles",36263,doubles,men,72
36267,"ATP Challenger Villeneuve-Loubet, France Men Singles",36263,singles,men,72
36317,"WTA Granby, Canada Women Singles",36315,singles,women,6
36319,"WTA Granby, Canada Women Doubles",36315,doubles,women,6
36325,"Mauthausen, Austria Men Doubles",36323,doubles,men,72
36327,"Mauthausen, Austria Men Singles",36323,singles,men,72
36353,"WTA 125K Paris, France Women Singles",36351,singles,women,871
36355,"WTA 125K Paris, France Women Doubles",36351,doubles,women,871
36363,"WTA 125K Marbella, Spain Women Doubles",36361,doubles,women,871
36365,"WTA 125K Marbella, Spain Women Singles",36361,singles,women,871
36387,"WTA 125K Valencia, Spain Women Doubles",36385,doubles,women,871
36389,"WTA 125K Valencia, Spain Women Singles",36385,singles,women,871
36393,"WTA 125K Gaiba, Italy Women Doubles",36391,doubles,women,871
36395,"WTA 125K Gaiba, Italy Women Singles",36391,singles,women,871
36399,"WTA 125K Contrexeville, France Women Doubles",36397,doubles,women,871
36401,"WTA 125K Contrexeville, France Women Singles",36397,singles,women,871
36405,"WTA 125K Iasi, Romania Women Doubles",36403,doubles,women,871
36407,"WTA 125K Iasi, Romania Women Singles",36403,singles,women,871
36411,"WTA 125K Vancouver, Canada Women Doubles",36409,doubles,women,871
36413,"WTA 125K Vancouver, Canada Women Singles",36409,singles,women,871
36423,"WTA 125K Budapest, Hungary Women Doubles",36421,doubles,women,871
36425,"WTA 125K Budapest, Hungary Women Singles",36421,singles,women,871
36437,"ATP Challenger Salvador, Brazil Men Doubles",3749,doubles,men,72
36441,"ATP Challenger Troisdorf, Germany Men Singles",36439,singles,men,72
36443,"ATP Challenger Troisdorf, Germany Men Doubles",36439,doubles,men,72
36447,"ATP Challenger Forli 6, Italy, Men Doubles",36445,doubles,men,72
36449,"ATP Challenger Forli 6, Italy, Men Singles",36445,singles,men,72
36489,"WTA 125K Tampico, Mexico Women Doubles",36487,doubles,women,871
36491,"WTA 125K Tampico, Mexico Women Singles",36487,singles,women,871
36515,"ATP Challenger Coquimbo, Chile Men Doubles",36513,doubles,men,72
36517,"ATP Challenger Coquimbo, Chile Men Singles",36513,singles,men,72
36529,"ATP Challenger Malaga, Spain Men Singles",36527,singles,men,72
36531,"ATP Challenger Malaga, Spain Men Doubles",36527,doubles,men,72
36535,"ATP Challenger Troyes, France Men Singles",36533,singles,men,72
36537,"ATP Challenger Troyes, France Men Doubles",36533,doubles,men,72
36541,"WTA 125K Puerto Vallarta, Mexico Women Doubles",36539,doubles,women,871
36543,"WTA 125K Puerto Vallarta, Mexico Women Singles",36539,singles,women,871
36547,"WTA 125K Rouen, France Women Doubles",36545,doubles,women,871
36549,"WTA 125K Rouen, France Women Singles",36545,singles,women,871
36577,"ITF Brazil 06A, Women Doubles",36587,doubles,women,213
36579,"ITF Brazil 06A, Women Singles",36587,singles,women,213
36615,"WTA 125K Makarska, Croatia Women Singles",36613,singles,women,871
36617,"WTA 125K Makarska, Croatia Women Doubles",36613,doubles,women,871
36653,"ITF Great Britain F8, Men Doubles",36651,doubles,men,785
36655,"ITF Great Britain F8, Men Singles",36651,singles,men,785
36689,"ITF Austria 03A, Women Doubles",36687,doubles,women,213
36691,"ITF Austria 03A, Women Singles",36687,singles,women,213
36697,"ITF Algeria 01A, Women Doubles",36693,doubles,women,213
36699,"ITF Croatia F6, Men Doubles",36695,doubles,men,785
36701,"ITF Algeria 01A, Women Singles",36693,singles,women,213
36703,"ITF Croatia F6, Men Singles",36695,singles,men,785
36707,"ITF Montenegro F5, Men Doubles",36705,doubles,men,785
36711,"ITF Montenegro F5, Men Singles",36705,singles,men,785
36713,"ITF Algeria F1, Men Doubles",36709,doubles,men,785
36715,"ITF Algeria F1, Men Singles",36709,singles,men,785
36737,Algeria F2 Men Doubles,36735,doubles,men,785
36739,Algeria F2 Men Singles,36735,singles,men,785
36743,"ITF Algeria 02A, Women Doubles",36741,doubles,women,213
36745,"ITF Algeria 02A, Women Singles",36741,singles,women,213
36749,"ITF Austria 07A, Women Doubles",36747,doubles,women,213
36751,"ITF Austria 07A, Women Singles",36747,singles,women,213
36761,"ATP Challenger Salzburg, Austria Men Doubles",36759,doubles,men,72
36763,"ATP Challenger Salzburg, Austria Men Singles",36759,singles,men,72
36767,"ATP Challenger Rome, USA Men Doubles",36765,doubles,men,72
36769,"ATP Challenger Rome, USA Men Singles",36765,singles,men,72
36773,"ATP Challenger Zagreb 2, Croatia Men Doubles",36771,doubles,men,72
36775,"ATP Challenger Zagreb 2, Croatia Men Singles",36771,singles,men,72
36779,"ATP Challenger Indianapolis, USA, Doubles Men Doubles",36777,doubles,men,72
36781,"ATP Challenger Indianapolis, USA Men Singles",36777,singles,men,72
36785,"ATP Challenger Nur Sultan, Kazakhstan Men Doubles",36783,doubles,men,72
36787,"ATP Challenger Nur Sultan, Kazakhstan Men Singles",36783,singles,men,72
36791,"ATP Challenger Zug, Switzerland Men Doubles",36789,doubles,men,72
36793,"ATP Challenger Zug, Switzerland Men Singles",36789,singles,men,72
36797,"ATP Challenger San Benedetto Del Tronto, Italy Men Doubles",36795,doubles,men,72
36799,"ATP Challenger San Benedetto Del Tronto, Italy Men Singles",36795,singles,men,72
36841,"WTA Tallinn, Estonia Women Doubles",36839,doubles,women,6
36843,"WTA Tallinn, Estonia Women Singles",36839,singles,women,6
36847,"WTA Monastir, Tunisia Women Doubles",36845,doubles,women,6
36849,"WTA Monastir, Tunisia Women Singles",36845,singles,women,6
36853,"WTA Guadalajara 2, Mexico Women Doubles",36851,doubles,women,6
36855,"WTA Guadalajara 2, Mexico Women Singles",36851,singles,women,6
36861,Montenegro F6 Men Doubles,36859,doubles,men,785
36863,Montenegro F6 Men Singles,36859,singles,men,785
36867,"ITF Austria 06A, Women Doubles",36865,doubles,women,213
36869,"ITF Austria 06A, Women Singles",36865,singles,women,213
36873,"ITF Slovenia 03A, Women Doubles",36871,doubles,women,213
36875,"ITF Slovenia 03A, Women Singles",36871,singles,women,213
36907,"ITF Guam F2, Men Doubles",36905,doubles,men,785
36909,"ITF Guam F2, Men Singles",36905,singles,men,785
36913,"ITF Dominican Republic F6, Men Doubles",36911,doubles,men,785
36915,"ITF Dominican Republic F6, Men Singles",36911,singles,men,785
36919,"ITF Ecuador F3, Men Doubles",36917,doubles,men,785
36921,"ITF Ecuador F3, Men Singles",36917,singles,men,785
36925,"ITF Montenegro F7, Men Doubles",36923,doubles,men,785
36927,"ITF Montenegro F7, Men Singles",36923,singles,men,785
36961,"ITF North Macedonia F4, Men Doubles",36959,doubles,men,785
36963,"ITF North Macedonia F4, Men Singles",36959,singles,men,785
36967,"ITF Ecuador F04, Men Doubles",36965,doubles,men,785
36969,"ITF Ecuador F04, Men Singles",36965,singles,men,785
36975,"ITF Austria 04A, Women Doubles",36973,doubles,women,213
36977,"ITF Austria 04A, Women Singles",36973,singles,women,213
37053,"ATP Challenger Tigre, Argentina Men Doubles",37061,doubles,men,72
37055,"ATP Challenger Tigre, Argentina Men Singles",37061,singles,men,72
37057,"ATP Challenger Tigre II, Argentina Men Doubles",37063,doubles,men,72
37059,"ATP Challenger Tigre II, Argentina Men Singles",37063,singles,men,72
37071,"ATP Challenger Grodzisk Mazowiecki, Poland Men Singles",37069,singles,men,72
37073,"ATP Challenger Grodzisk Mazowiecki, Poland Men Doubles",37069,doubles,men,72
37077,"ATP Challenger Nonthaburi, Thailand Men Singles",37075,singles,men,72
37079,"ATP Challenger Nonthaburi, Thailand Men Doubles",37075,doubles,men,72
37083,"ATP Challenger Toulouse, France Men Singles",37081,singles,men,72
37085,"ATP Challenger Toulouse, France Men Doubles",37081,doubles,men,72
37089,"ATP Challenger Nonthaburi 2, Thailand Men Singles",37087,singles,men,72
37091,"ATP Challenger Nonthaburi 2, Thailand Men Doubles",37087,doubles,men,72
37139,"ITF Morocco 04A, Women Doubles",37137,doubles,women,213
37141,"ITF Morocco 04A, Women Singles",37137,singles,women,213
37147,"ITF Slovenia F2, Men Singles",37145,singles,men,785
37149,"ITF Slovenia F2, Men Doubles",37145,doubles,men,785
37201,"Wheelchairs Juniors US Open, New York, USA Men Singles",37199,singles,men,2400
37203,"Wheelchairs Juniors US Open, New York, USA Women Singles",37199,singles,women,2400
37237,"ITF Great Britain F13, Men Doubles",37235,doubles,men,785
37239,"ITF Great Britain F13, Men Singles",37235,singles,men,785
37251,"ITF Slovenia F3, Men Doubles",37249,doubles,men,785
37253,"ITF Slovenia F3, Men Singles",37249,singles,men,785
37265,"ITF Italy F15B, Men Doubles",37263,doubles,men,785
37267,"ITF Italy F15B, Men Singles",37263,singles,men,785
37271,"ITF Latvia 02A, Women Singles",37269,singles,women,213
37273,"ITF Latvia 02A, Women Doubles",37269,doubles,women,213
37277,"ITF Morocco 05A, Women Singles",37275,singles,women,213
37279,"ITF Morocco 05A, Women Doubles",37275,doubles,women,213
37305,"WTA Chennai, India, Women Doubles",37309,doubles,women,6
37307,"WTA Chennai, India, Women Singles",37309,singles,women,6
37319,"Legends Wimbledon, London, Great Britain Mixed Doubles",15662,mixed_doubles,mixed,1475
37357,"ITF Great Britain F11, Men Singles",37355,singles,men,785
37359,"ITF Great Britain F11, Men Doubles",37355,doubles,men,785
37363,"ITF Austria F7, Men Singles",37361,singles,men,785
37365,"ITF Austria F7, Men Doubles",37361,doubles,men,785
37369,"ITF Austria 09A, Women Singles",37367,singles,women,213
37371,"ITF Austria 09A, Women Doubles",37367,doubles,women,213
37395,"ATP Challenger Nonthaburi 3, Thailand Men Singles",37393,singles,men,72
37397,"ATP Challenger Nonthaburi 3, Thailand Men Doubles",37393,doubles,men,72
37401,"ATP Challenger Charleston, SC, USA Men Singles",37399,singles,men,72
37403,"ATP Challenger Charleston, SC, USA Men Doubles",37399,doubles,men,72
37451,"ATP Seoul, Korea Republic Men Singles",37449,singles,men,3
37453,"ATP Seoul, Korea Republic Men Doubles",37449,doubles,men,3
37457,"ATP Tel Aviv, Israel Men Singles",37455,singles,men,3
37459,"ATP Tel Aviv, Israel Men Doubles",37455,doubles,men,3
37463,"ATP Florence, Italy Men Singles",37461,singles,men,3
37465,"ATP Florence, Italy Men Doubles",37461,doubles,men,3
37469,"ATP Gijon, Spain Men Singles",37467,singles,men,3
37471,"ATP Gijon, Spain Men Doubles",37467,doubles,men,3
37475,"ATP Naples, Italy Men Singles",37473,singles,men,3
37477,"ATP Naples, Italy Men Doubles",37473,doubles,men,3
37501,"ITF Great Britain F10, Men Doubles",37499,doubles,men,785
37503,"ITF Great Britain F10, Men Singles",37499,singles,men,785
37507,"ITF Ecuador F5, Men Doubles",37505,doubles,men,785
37509,"ITF Ecuador F5, Men Singles",37505,singles,men,785
37513,"ITF Morocco 06A, Women Doubles",37511,doubles,women,213
37515,"ITF Morocco 06A, Women Singles",37511,singles,women,213
37523,"ITF Austria 10A, Women Singles",37521,singles,women,213
37525,"ITF Austria 10A, Women Doubles",37521,doubles,women,213
37551,"WTA 125K Bari, Italy Women Singles",37549,singles,women,871
37553,"WTA 125K Bari, Italy Women Doubles",37549,doubles,women,871
37557,"WTA 125K Parma, Italy Women Singles",37555,singles,women,871
37559,"WTA 125K Parma, Italy Women Doubles",37555,doubles,women,871
37563,"WTA 125K Colina, Chile Women Singles",37561,singles,women,871
37565,"WTA 125K Colina, Chile Women Doubles",37561,doubles,women,871
37577,"ITF Ecuador F6, Men Singles",37575,singles,men,785
37579,"ITF Ecuador F6, Men Doubles",37575,doubles,men,785
37583,"ITF Sweden 08A, Women Singles",37581,singles,women,213
37585,"ITF Sweden 08A, Women Doubles",37581,doubles,women,213
37603,"ITF Great Britain F14, Men Singles",37601,singles,men,785
37605,"ITF Great Britain F14, Men Doubles",37601,doubles,men,785
37615,"ATP Challenger Villa Maria, Argentina Men Singles",37613,singles,men,72
37617,"ATP Challenger Villa Maria, Argentina Men Doubles",37613,doubles,men,72
37619,"ATP Challenger Vilnius, Lithuania Men Doubles",37623,doubles,men,72
37621,"ATP Challenger Vilnius, Lithuania Men Singles",37623,singles,men,72
37625,"ATP Challenger Coquimbo 2, Chile Men Doubles",37629,doubles,men,72
37627,"ATP Challenger Coquimbo 2, Chile Men Singles",37629,singles,men,72
37651,"ITF Slovenia F4, Men Singles",37649,singles,men,785
37653,"ITF Slovenia F4, Men Doubles",37649,doubles,men,785
37657,"ITF Egypt F39, Men Singles",37655,singles,men,785
37659,"ITF Egypt F39, Men Doubles",37655,doubles,men,785
37663,"ITF Great Britain F12, Men Singles",37661,singles,men,785
37665,"ITF Great Britain F12, Men Doubles",37661,doubles,men,785
37669,"ITF Sweden 09A, Women Singles",37667,singles,women,213
37671,"ITF Sweden 09A, Women Doubles",No value,doubles,women,213
37685,ITF Slovenia F5 Men Singles,37683,singles,men,785
37687,ITF Slovenia F5 Men Doubles,37683,doubles,men,785
37691,"ITF Egypt F40, Men Singles",37689,singles,men,785
37693,"ITF Egypt F40, Men Doubles",37689,doubles,men,785
37731,"ITF Austria 08A, Women Singles",37729,singles,women,213
37733,"ITF Austria 08A, Women Doubles",37729,doubles,women,213
37737,"ITF Switzerland 06A, Women Singles",37735,singles,women,213
37739,"ITF Switzerland 06A, Women Doubles",37735,doubles,women,213
37765,"ITF Morocco 07A, Women Singles",37763,singles,women,213
37767,"ITF Morocco 07A, Women Doubles",37763,doubles,women,213
37771,"ITF Slovenia F6, Men Singles",37769,singles,men,785
37773,"ITF Slovenia F6, Men Doubles",37769,doubles,men,785
37777,"ITF Egypt F41, Men Singles",37775,singles,men,785
37779,"ITF Egypt F41, Men Doubles",37775,doubles,men,785
37783,"ITF Morocco F7, Men Singles",37781,singles,men,785
37785,"ITF Morocco F7, Men Doubles",37781,doubles,men,785
37803,"ITF Morocco F8, Men Doubles",37807,doubles,men,785
37805,"ITF Morocco F8, Men Singles",37807,singles,men,785
37809,"ITF Morocco 08A, Women Doubles",37813,doubles,women,213
37811,"ITF Morocco 08A, Women Singles",37813,singles,women,213
37831,"ITF Australia F9, Men Singles",37829,singles,men,785
37833,"ITF Australia F9, Men Doubles",37829,doubles,men,785
37855,"ITF Australia F10, Men Doubles",37853,doubles,men,785
37857,"ITF Australia F10, Men Singles",37853,singles,men,785
37861,"ITF Sweden F8, Men Doubles",37859,doubles,men,785
37863,"ITF Sweden F8, Men Singles",37859,singles,men,785
37867,"ITF Slovenia 04A, Women Singles",37865,singles,women,213
37869,"ITF Slovenia 04A, Women Doubles",37865,doubles,women,213
37913,"ATP Challenger Valencia, Spain Men Doubles",37911,doubles,men,72
37915,"ATP Challenger Valencia, Spain Men Singles",37911,singles,men,72
37921,"ATP Challenger Maspalomas, Spain Men Doubles",37919,doubles,men,72
37923,"ATP Challenger Maspalomas, Spain Men Singles",37919,singles,men,72
37927,"ATP Challenger Szekesfehervar, Hungary Men Doubles",37925,doubles,men,72
37929,"ATP Challenger Szekesfehervar, Hungary Men Singles",37925,singles,men,72
37933,"ITF Sweden F9, Men Doubles",No value,doubles,men,785
37935,"ITF Sweden F9, Men Singles",37931,singles,men,785
37943,"ITF Spain 30A, Women Singles",37941,singles,women,213
37945,"ITF Spain 30A, Women Doubles",37941,doubles,women,213
37949,"ITF Slovenia 05A, Women Singles",37947,singles,women,213
37951,"ITF Slovenia 05A, Women Doubles",37947,doubles,women,213
37955,"ITF Ecuador 04A, Women Singles",37953,singles,women,213
37957,"ITF Ecuador 04A, Women Doubles",37953,doubles,women,213
37961,"ITF Argentina 06A, Women Singles",37959,singles,women,213
37963,"ITF Argentina 06A, Women Doubles",37959,doubles,women,213
37991,"ITF Australia F11, Men Singles",37989,singles,men,785
37993,"ITF Australia F11, Men Doubles",37989,doubles,men,785
37997,ITF Great Britain F16 Men Singles,37995,singles,men,785
37999,ITF Great Britain F16 Men Doubles,37995,doubles,men,785
38003,ITF Colombia F4 Men Singles,38001,singles,men,785
38005,ITF Colombia F4 Men Doubles,38001,doubles,men,785
38007,"ITF Croatia 04A, Women Doubles",38011,doubles,women,213
38009,"ITF Croatia 04A, Women Singles",38011,singles,women,213
38013,"ITF Argentina 07A, Women Doubles",38017,doubles,women,213
38015,"ITF Argentina 07A, Women Singles",38017,singles,women,213
38067,ITF Great Britain F17 Men Doubles,38065,doubles,men,785
38069,"ITF Great Britain F17, Men Singles",38065,singles,men,785
38073,"2022 ITF Australia F12, Men Doubles",38071,doubles,men,785
38075,"ITF Australia F12, Men Singles",38071,singles,men,785
38079,"ITF USA 45A, Women Doubles",38077,doubles,women,213
38081,"ITF USA 45A, Women Singles",38077,singles,women,213
38085,"ITF Argentina 08A, Women Doubles",38083,doubles,women,213
38087,"ITF Argentina 08A, Women Singles",38083,singles,women,213
38089,"ATP Challenger Temuco, Chile, Men Doubles",38093,doubles,men,72
38091,"ATP Challenger Temuco, Chile, Men Singles",38093,singles,men,72
38133,"ITF Great Britain F15, Men Doubles",38131,doubles,men,785
38135,"ITF Great Britain F15, Men Singles",38131,singles,men,785
38139,"ITF Great Britain 19A, Women Doubles",38137,doubles,women,213
38141,"ITF Great Britain 19A, Women Singles",38137,singles,women,213
38145,"ITF Spain 28A, Women Doubles",38143,doubles,women,213
38147,"ITF Spain 28A, Women Singles",38143,singles,women,213
38167,"ITF Australia 15A, Women Doubles",38171,doubles,women,213
38169,"ITF Australia 15A, Women Singles",38171,singles,women,213
38173,"ITF Great Britain 18A, Women Doubles",38177,doubles,women,213
38175,"ITF Great Britain 18A, Women Singles",38177,singles,women,213
38181,"WTA 125K Andorra, Andorra Women Singles",38179,singles,women,871
38183,"WTA 125K Andorra, Andorra Women Doubles",38179,doubles,women,871
38203,"WTA Austin, USA Women Singles",38201,singles,women,6
38205,"WTA Austin, USA Women Doubles",38201,doubles,women,6
38265,"ITF Spain 32A, Women Singles",38263,singles,women,213
38267,"ITF Spain 32A, Women Doubles",38263,doubles,women,213
38271,"ITF Slovakia 05A, Women Singles",38269,singles,women,213
38273,"ITF Slovakia 05A, Women Doubles",38269,doubles,women,213
38277,"ITF Great Britain 17A, Women Singles",38275,singles,women,213
38279,"ITF Great Britain 17A, Women Doubles",38275,doubles,women,213
38283,"ITF Australia 16A, Women Singles",38281,singles,women,213
38285,"ITF Australia 16A, Women Doubles",38281,doubles,women,213
38317,"ITF USA F45, Men Singles",38315,singles,men,785
38319,"ITF USA F45, Men Doubles",38315,doubles,men,785
38323,"ITF Tunisia F54, Men Doubles",38321,doubles,men,785
38327,"ITF Tunisia F54, Men Singles",38321,singles,men,785
38333,"ITF USA 53A, Women Doubles",38331,doubles,women,213
38335,"ITF USA 53A, Women Singles",No value,singles,women,213
38341,United Cup,No value,mixed,mixed,2414
38357,"Banja Luka, Bosnia & Herzegovina Men Singles",38355,singles,men,3
38359,"Banja Luka, Bosnia & Herzegovina Men Doubles",38355,doubles,men,3
38393,"ITF USA F44, Men Doubles",38391,doubles,men,785
38395,"ITF USA F44, Men Singles",38391,singles,men,785
38399,"ITF Tunisia F55, Men Doubles",38397,doubles,men,785
38401,"ITF Tunisia F55, Men Singles",38397,singles,men,785
38405,"ITF Australia F13, Men Doubles",38403,doubles,men,785
38407,"ITF Australia F13, Men Singles",38403,singles,men,785
38411,"ITF Spain 29A, Women Doubles",38409,doubles,women,213
38413,"ITF Spain 29A, Women Singles",38409,singles,women,213
38417,"ITF Kenya 01A, Women Doubles",38415,doubles,women,213
38419,"ITF Kenya 01A, Women Singles",38415,singles,women,213
38423,"ITF Australia 17A, Women Doubles",38421,doubles,women,213
38425,"ITF Australia 17A, Women Singles",38421,singles,women,213
38429,"ITF Israel 04B, Women Doubles",38427,doubles,women,213
38431,"ITF Israel 04B, Women Singles",38427,singles,women,213
38435,"ITF Spain 33A, Women Doubles",38433,doubles,women,213
38437,"ITF Spain 33A, Women Singles",38433,singles,women,213
38469,"ITF Australia F14, Men Doubles",38467,doubles,men,785
38471,"ITF Australia F14, Men Singles",38467,singles,men,785
38475,"ITF Tunisia F56, Men Doubles",38473,doubles,men,785
38477,"ITF Tunisia F56, Men Singles",38473,singles,men,785
38481,"ITF Tunisia F57, Men Doubles",38479,doubles,men,785
38483,"ITF Tunisia F57, Men Singles",38479,singles,men,785
38489,"ITF Dominican Republic F7, Men Doubles",38485,doubles,men,785
38491,"ITF Dominican Republic F7, Men Singles",38485,singles,men,785
38497,"ITF Spain 31A, Women Doubles",38495,doubles,women,213
38501,"ITF Spain 31A, Women Singles",38495,singles,women,213
38507,"ITF Australia 18A, Women Doubles",38505,doubles,women,213
38509,"ITF Australia 18A, Women Singles",38505,singles,women,213
38513,"ITF Luxembourg 02A, Women Doubles",38511,doubles,women,213
38515,"ITF Luxembourg 02A, Women Singles",38511,singles,women,213
38519,"ITF Argentina 09A, Women Doubles",38517,doubles,women,213
38521,"ITF Argentina 09A, Women Singles",38517,singles,women,213
38529,"ITF Kenya 02A, Women Doubles",38527,doubles,women,213
38531,"ITF Kenya 02A, Women Singles",38527,singles,women,213
38535,"ITF Dominican Republic 05A, Women Doubles",38533,doubles,women,213
38537,"ITF Dominican Republic 05A, Women Singles",38533,singles,women,213
38623,"ITF Tunisia F58, Men Doubles",38621,doubles,men,785
38625,ITF Tunisia F58 Men Singles,38621,singles,men,785
38629,ITF Tunisia F59 Men Doubles,38627,doubles,men,785
38631,ITF Tunisia F59 Men Singles,38627,singles,men,785
38635,ITF Dominican Republic F8 Men Doubles,38633,doubles,men,785
38637,ITF Dominican Republic F8 Men Singles,38633,singles,men,785
38641,"ITF Brazil 09A, Women Doubles",38639,doubles,women,213
38643,"ITF Brazil 09A, Women Singles",38639,singles,women,213
38647,"ITF Dominican Republic 06A, Women Doubles",38645,doubles,women,213
38649,"ITF Dominican Republic 06A, Women Singles",38645,singles,women,213
38653,"ITF Spain 35A, Women Doubles",38651,doubles,women,213
38655,"ITF Spain 35A, Women Singles",38651,singles,women,213
38659,"ITF Argentina 10A, Women Doubles",38657,doubles,women,213
38661,"ITF Argentina 10A, Women Singles",38657,singles,women,213
38665,"ITF Austria 12A, Women Doubles",38663,doubles,women,213
38667,"ITF Austria 12A, Women Singles",38663,singles,women,213
38671,"ATP Challenger Piracicaba, Brazil Men Singles",38669,singles,men,72
38673,"ATP Challenger Piracicaba, Brazil Men Doubles",38669,doubles,men,72
38677,"ATP Challenger Ottignies-Louvain-la-Neuve, Belgium Men Singles",38675,singles,men,72
38679,"ATP Challenger Ottignies-Louvain-la-Neuve, Belgium Men Doubles",38675,doubles,men,72
38683,"WTA Merida, Mexico Women Singles",38681,singles,women,6
38685,"WTA Merida, Mexico Women Doubles",38681,doubles,women,6
38693,"WTA Warsaw, Poland Women Singles",38691,singles,women,6
38695,"WTA Warsaw, Poland Women Doubles",38691,doubles,women,6
38713,ITF Tunisia F60 Men Doubles,38711,doubles,men,785
38715,"ITF Tunisia F60, Men Singles",38711,singles,men,785
38719,"ITF Spain 34A, Women Singles",38717,singles,women,213
38721,"ITF Spain 34A, Women Doubles",38717,doubles,women,213
38725,"ITF Austria 13A, Women Singles",38723,singles,women,213
38727,"ITF Austria 13A, Women Doubles",38723,doubles,women,213
38731,"ATP Challenger Tenerife 2, Spain Men Doubles",38729,doubles,men,72
38733,"ATP Challenger Tenerife 2, Spain Men Singles",38729,singles,men,72
38753,ITF Tunisia F61 Men Doubles,38751,doubles,men,785
38755,ITF Tunisia F61 Men Singles,No value,singles,men,785
38757,World Tennis League,No value,singles,men,79
38761,"World Tennis League, Women Singles",No value,singles,women,79
38783,"Exhibition Diriyah Tennis Cup, Men Doubles",31583,doubles,men,79
38809,"ITF New Zealand F2, Men Doubles",38807,doubles,men,785
38811,"ITF New Zealand F2, Men Singles",38807,singles,men,785
38817,"ITF Tunisia F62, Men Doubles",38815,doubles,men,785
38819,"ITF Tunisia F62, Men Singles",38815,singles,men,785
38823,"ITF New Zealand 02A, Women Doubles",38821,doubles,women,213
38825,"ITF New Zealand 02A, Women Singles",38821,singles,women,213
38853,"ITF Tunisia F63, Men Doubles",38851,doubles,men,785
38855,"ITF Tunisia F63, Men Singles",38851,singles,men,785
38857,"ITF Tunisia 53A, Women Doubles",38863,doubles,women,213
38859,"ITF Tunisia 53A, Women Singles",38863,singles,women,213
38861,"ITF India 09A, Women Singles",38865,singles,women,213
38867,"ITF India 09A, Women Doubles",38865,doubles,women,213
38957,"ATP Challenger Tenerife 3, Spain Men Singles",38955,singles,men,72
38959,"ATP Challenger Tenerife 3, Spain Men Doubles",38955,doubles,men,72
38963,"ATP Challenger Rovereto, Italy Men Singles",38961,singles,men,72
38965,"ATP Challenger Rovereto, Italy Men Doubles",38961,doubles,men,72
38969,"ATP Challenger Waco, Texas Men Singles",38967,singles,men,72
38971,"ATP Challenger Waco, Texas Men Doubles",38967,doubles,men,72
38991,"ATP Challenger Vina del Mar, Chile Men Singles",38989,singles,men,72
38993,"ATP Challenger Vina del Mar, Chile Men Doubles",38989,doubles,men,72
38997,"ATP Challenger Las Franquesas del Valles, Spain Men Singles",38995,singles,men,72
38999,"ATP Challenger Las Franquesas del Valles, Spain Men Doubles",38995,doubles,men,72
39003,"ATP Challenger Girona, Spain Men Singles",39001,singles,men,72
39005,"ATP Challenger Girona, Spain Men Doubles",39001,doubles,men,72
39023,"ITF USA F3B, Men Doubles",39021,doubles,men,785
39025,"ITF USA F3B, Men Singles",39021,singles,men,785
39125,"ITF Malaysia 01A, Women Doubles",39123,doubles,women,213
39127,"ITF Malaysia 01A, Women Singles",39123,singles,women,213
39167,"ITF Malaysia 02A, Women Doubles",39165,doubles,women,213
39169,"ITF Malaysia 02A, Women Singles",39165,singles,women,213
39213,"ITF Malaysia 03A, Women Singles",39211,singles,women,213
39215,"ITF Malaysia 03A, Women Doubles",39211,doubles,women,213
39259,"ITF Iran F1, Men Doubles",39307,doubles,men,785
39261,"ITF Iran F1, Men Singles",39307,singles,men,785
39311,"ITF Iran F2, Men Doubles",39309,doubles,men,785
39313,Iran F2 Men Singles,39309,singles,men,785
39355,"ATP Challenger Cagliari, Italy Men Singles",39353,singles,men,72
39357,"ATP Challenger Cagliari, Italy Men Doubles",39353,doubles,men,72
39363,"ATP Challenger Skopje, Macedonia Men Singles",39361,singles,men,72
39365,"ATP Challenger Skopje, Macedonia Men Doubles",39361,doubles,men,72
39377,"ATP Challenger Tyler, USA Men Singles",39375,singles,men,72
39379,"ATP Challenger Tyler, USA Men Doubles",39375,doubles,men,72
39383,"ATP Challenger Palmas del Mar, Puerto Rico Men Singles",39381,singles,men,72
39385,"ATP Challenger Palmas del Mar, Puerto Rico Men Doubles",39381,doubles,men,72
39389,"ATP Challenger Montechiarugolo, Italy Men Singles",39387,singles,men,72
39391,"ATP Challenger Montechiarugolo, Italy Men Doubles",39387,doubles,men,72
39395,"ATP Challenger Modena, Italy Men Singles",39393,singles,men,72
39397,"ATP Challenger Modena, Italy Men Doubles",39393,doubles,men,72
39409,"WTA 125 San Luis Potosi, Mexico Doubles",39407,doubles,women,871
39411,"WTA 125 San Luis Potosi, Mexico Singles",39407,singles,women,871
39415,"ITF Slovenia 08A, Women Doubles",39413,doubles,women,213
39417,"ITF Slovenia 08A, Women Singles",39413,singles,women,213
39423,"WTA 125k Reus, Spain Women Singles",39421,singles,women,871
39425,"WTA 125k Reus, Spain Women Doubles",39421,doubles,women,871
39429,"WTA 125k Florence, Italy Women Singles",39427,singles,women,871
39431,"TWA 125k Florence, Italy Women Doubles",39427,doubles,women,871
39435,"WTA 125k La Bisbal D Emporda, Spain Women Singles",39433,singles,women,871
39437,"WTA 125k La Bisbal D Emporda, Spain Women Doubles",39433,doubles,women,871
39449,"ITF Slovenia 09A, Women Doubles",39447,doubles,women,213
39451,"ITF Slovenia 09A, Women Singles",39447,singles,women,213
39455,"ITF Indonesia 03A, Women Doubles",39453,doubles,women,213
39457,"ITF Indonesia 03A, Women Singles",39453,singles,women,213
39497,"ITF Burundi 01A, Women Doubles",39495,doubles,women,213
39499,"ITF Burundi 01A, Women Singles",39495,singles,women,213
39551,"ITF Burundi 02A, Women Singles",39549,singles,women,213
39557,"ITF Burundi 02A, Women Doubles",39549,doubles,women,213
39587,"ITF Spain 11C, Women Singles",39585,singles,women,213
39589,"ITF Spain 11C, Women Doubles",39585,doubles,women,213
39593,"ITF Trinidad & Tobago F1, Men Singles",39591,singles,men,785
39595,"ITF Trinidad & Tobago F1, Men Doubles",39591,doubles,men,785
39623,"ITF Trinidad and Tobago F2, Men Doubles",39621,doubles,men,785
39625,"ITF Trinidad and Tobago F2, Men Singles",39621,singles,men,785
39629,"ITF Cyprus F1, Men Doubles",39627,doubles,men,785
39631,"ITF Cyprus F1, Men Singles",39627,singles,men,785
39675,"ITF Cyprus F2, Men Singles",39673,singles,men,785
39677,"ITF Cyprus F2, Men Doubles",39673,doubles,men,785
39681,"ITF Cyprus 01A, Women Singles",39679,singles,women,213
39683,"ITF Cyprus 01A, Women Doubles",39679,doubles,women,213
39709,"ATP Challenger Bloomfield Hills, USA Men Singles",39707,singles,men,72
39711,"ATP Challenger Bloomfield Hills, USA Men Doubles",39707,doubles,men,72
39715,"ATP Challenger Karlsruhe, Germany Men Doubles",39713,doubles,men,72
39717,"ATP Challenger Karlsruhe, Germany Men Singles",39713,singles,men,72
39735,"ITF Cyprus F3, Men Doubles",39739,doubles,men,785
39737,"ITF Cyprus F3, Men Singles",39739,singles,men,785
39785,ITF Ethiopia F1 Men Doubles,39783,doubles,men,785
39787,ITF Ethiopia F1 Men Single,39783,singles,men,785
39793,"ITF Serbia 05A, Women Doubles",39791,doubles,women,213
39795,"ITF Serbia 05A, Women Singles",39791,singles,women,213
39845,ITF Ethiopia F2 Men Doubles,39843,doubles,men,785
39847,ITF Ethiopia F2 Men Singles,39843,singles,men,785
39851,"ITF Slovenia 06A, Women Doubles",39849,doubles,women,213
39853,"ITF Slovenia 06A, Women Singles",39849,singles,women,213
39857,"ITF Serbia 06A, Women Doubles",39855,doubles,women,213
39859,"ITF Serbia 06A, Women Singles",39855,singles,women,213
39907,"ITF Serbia F6, Men Singles",39905,singles,men,785
39909,"ITF Serbia F6, Men Doubles",39905,doubles,men,785
39913,"ITF Slovenia 07A, Women Singles",39911,singles,women,213
39915,"ITF Slovenia 07A, Women Doubles",39911,doubles,women,213
39919,"ITF Serbia 07A, Women Singles",39917,singles,women,213
39921,"ITF Serbia 07A, Women Doubles",39917,doubles,women,213
39949,"ITF Serbia F7, Men Doubles",39947,doubles,men,785
39951,"ITF Serbia F7, Men Singles",39947,singles,men,785
39955,"ITF North Macedonia F1, Men Doubles",39953,doubles,men,785
39957,"ITF North Macedonia F1, Men Singles",39953,singles,men,785
39959,"ITF Slovenia 11A, Women Doubles",39963,doubles,women,213
39961,"ITF Slovenia 11A, Women Singles",39963,singles,women,213
39965,"ITF Serbia 08A, Women Doubles",39969,doubles,women,213
39967,"ITF Serbia 08A, Women Singles",39969,singles,women,213
39973,"ITF Iran F3, Men Doubles",39971,doubles,men,785
39975,Iran F3 Men Singles,39971,singles,men,785
39991,"ATP Challenger Stanford, USA Men Singles",39989,singles,men,72
39993,"ATP Challenger Stanford, USA Men Doubles",39989,doubles,men,72
40009,"ITF Iran F4, Men Singles",40007,singles,men,785
40011,"ITF Iran F4, Men Doubles",40007,doubles,men,785
40015,"ITF Serbia F8, Men Singles",40013,singles,men,785
40017,"ITF Serbia F8, Men Doubles",40013,doubles,men,785
40023,"ITF Slovenia 10A, Women Singles",40021,singles,women,213
40025,"ITF Slovenia 10A, Women Doubles",40021,doubles,women,213
40029,"ITF Serbia 09A, Women Singles",40027,singles,women,213
40031,"ITF Serbia 09A, Women Doubles",40027,doubles,women,213
40041,"WTA 125K Kozerki, Poland Women Singles",40037,singles,women,871
40043,"WTA 125K Kozerki, Poland Women Doubles",40037,doubles,women,871
40047,"WTA 125K Stanford, USA Women Singles",40045,singles,women,871
40049,"WTA 125K Stanford, USA Women Doubles",40045,doubles,women,871
40065,"WTA Ningbo, China Women Singles",40063,singles,women,6
40067,"WTA Ningbo, China Women Doubles",40063,doubles,women,6
40069,"Legends French Open, Paris, France Mixed Doubles",15417,mixed_doubles,mixed,1475
40079,"ITF Germany F12B, Men Singles",40077,singles,men,785
40081,"ITF Germany F12B, Men Doubles",40077,doubles,men,785
40085,"ITF Serbia F9, Men Singles",40083,singles,men,785
40087,"ITF Serbia F9, Men Doubles",40083,doubles,men,785
40091,"ITF Indonesia F9, Men Singles",40089,singles,men,785
40093,"ITF Indonesia F9, Men Doubles",40089,doubles,men,785
40097,"ITF Chinese Taipei 02A, Women Singles",40095,singles,women,213
40099,"ITF Chinese Taipei 02A, Women Doubles",40095,doubles,women,213
40103,"ITF Serbia 10A, Women Singles",40101,singles,women,213
40105,"ITF Serbia 10A, Women Doubles",40101,doubles,women,213
40127,"ATP Challenger Santa Fe, Argentina Men Singles",40125,singles,men,72
40129,"ATP Challenger Santa Fe, Argentina Men Doubles",40125,doubles,men,72
40145,"ITF Indonesia F10, Men Doubles",40143,doubles,men,785
40147,"ITF Indonesia F10, Men Singles",40143,singles,men,785
40151,"ITF Serbia F10, Men Doubles",40149,doubles,men,785
40153,"ITF Serbia F10, Men Singles",40149,singles,men,785
40157,"ITF Serbia 11A, Women Doubles",40155,doubles,women,213
40159,"ITF Serbia 11A, Women Singles",40155,singles,women,213
40265,"ITF Luxembourg F2, Men Doubles",40263,doubles,men,785
40267,"ITF Luxembourg F2, Men Singles",40263,singles,men,785
40301,"ATP Challenger Antofagasta, Chile Men Doubles",40299,doubles,men,72
40303,"ATP Challenger Antofagasta, Chile Men Singles",40299,singles,men,72
40333,"ITF Congo Republic F1, Men Doubles",40339,doubles,men,785
40337,"ITF Congo Republic F1, Men Singles",40339,singles,men,785
40341,"ITF Great Britain F9, Men Doubles",40345,doubles,men,785
40343,"ITF Great Britain F9, Men Singles",40345,singles,men,785
40347,"ITF Estonia 03A, Women Doubles",40351,doubles,women,213
40349,"ITF Estonia 03A, Women Singles",40351,singles,women,213
40397,"ATP Challenger Bad Waltersdorf, Austria Men Singles",40395,singles,men,72
40399,"ATP Challenger Bad Waltersdorf, Austria Men Doubles",40395,doubles,men,72
40405,"ITF Serbia F11, Men Singles",40403,singles,men,785
40407,"ITF Serbia F11, Men Doubles",40403,doubles,men,785
40411,ITF Germany F17 Men Singles,40409,singles,men,785
40413,"ITF Germany F17, Men Doubles",40409,doubles,men,785
40417,"ITF Portugal F11B, Men Singles",40415,singles,men,785
40419,"ITF Portugal F11B, Men Doubles",40415,doubles,men,785
40423,"ITF Congo F2, Men Singles",40421,singles,men,785
40425,"ITF Congo F2, Men Doubles",40421,doubles,men,785
40439,"WTA 125K Barranquilla, Colombia Women Singles",40437,singles,women,871
40441,"WTA 125K Barranquilla, Colombia Women Doubles",40437,doubles,women,871
40487,"ITF Serbia F12, Men Singles",40485,singles,men,785
40489,"ITF Serbia F12, Men Doubles",40485,doubles,men,785
40541,ITF Indonesia F11 Men Doubles,40539,doubles,men,785
40543,ITF Indonesia F11 Men Singles,40539,singles,men,785
40549,ITF Germany F18 Men Singles,40545,singles,men,785
40555,"ITF Georgia 05A, Women Doubles",40553,doubles,women,213
40557,"ITF Georgia 05A, Women Singles",40553,singles,women,213
40561,"ITF Croatia F7, Men Doubles",40559,doubles,men,785
40563,"ITF Croatia F7, Men Singles",40559,singles,men,785
40597,"ITF Indonesia F12, Men Doubles",40595,doubles,men,785
40599,ITF Indonesia F12 Men Singles,40595,singles,men,785
40605,"ITF Poland 01B, Women Singles",40603,singles,women,213
40609,"ITF Poland 01B, Women Doubles",40603,doubles,women,213
40611,"ITF Austria F8, Men Singles",40607,singles,men,785
40613,"ITF Austria F8, Men Doubles",40607,doubles,men,785
40617,"ITF Serbia 12A, Women Singles",40615,singles,women,213
40619,"ITF Serbia 12A, Women Doubles",40615,doubles,women,213
40623,"ITF Germany F19, Men Singles",40621,singles,men,785
40625,"ITF Germany F19, Men Doubles",40621,doubles,men,785
40629,"ITF Romania F7B, Men Singles",40627,singles,men,785
40631,"ITF Romania F7B, Men Doubles",40627,doubles,men,785
40659,"WTA 125k Ljubljana, Slovenia Women Singles",40657,singles,women,871
40661,"WTA 125k Ljubljana, Slovenia Women Doubles",40657,doubles,women,871
40681,"ITF Belgium F6B, Men Singles",40679,singles,men,785
40683,"ITF Belgium F6B, Men Doubles",40679,doubles,men,785
40687,"ITF Germany F20, Men Singles",40685,singles,men,785
40689,"ITF Germany F20, Men Doubles",40685,doubles,men,785
40693,"ITF Azerbaijan 01A, Women Singles",40691,singles,women,213
40695,"ITF Azerbaijan 01A, Women Doubles",40691,doubles,women,213
40709,"ATP Challenger Olbia, Italy Men Singles",40707,singles,men,72
40711,"ATP Challenger Olbia, Italy Men Doubles",40707,doubles,men,72
40715,"ATP Challenger Santa Fe 2, Argentina Men Singles",40713,singles,men,72
40717,"ATP Challenger Santa Fe 2, Argentina Men Doubles",40713,doubles,men,72
40721,"WTA 125K Florianapolis, Brazil Women Singles",40719,singles,women,871
40723,"WTA 125K Florianopolis, Brazil Women Doubles",40719,doubles,women,871
40761,"ITF Germany F21, Men Singles",40759,singles,men,785
40763,"ITF Germany F21, Men Doubles",40759,doubles,men,785
40775,"ITF Serbia F15, Men Singles",40771,singles,men,785
40777,"ITF Serbia F15, Men Doubles",40771,doubles,men,785
40781,"ITF Azerbaijan 02A, Women Singles",40779,singles,women,213
40783,"ITF Azerbaijan 02A, Women Doubles",40779,doubles,women,213
40787,"ITF Serbia 13A, Women Singles",40785,singles,women,213
40789,"ITF Serbia 13A, Women Doubles",40785,doubles,women,213
40833,Rwanda F1 Men Singles,40831,singles,men,785
40835,Rwanda F1 Men Doubles,40831,doubles,men,785
40839,"ITF Serbia F18, Men Singles",40837,singles,men,785
40841,"ITF Serbia F18, Men Doubles",40837,doubles,men,785
40845,"ITF Poland F3B, Men Singles",40843,singles,men,785
40847,"ITF Poland F3B, Men Doubles",40843,doubles,men,785
40851,"ITF Japan 19A, Women Singles",40849,singles,women,213
40853,"ITF Japan 19A, Women Doubles",40849,doubles,women,213
40857,"ITF Spain 01B, Women Singles",40855,singles,women,213
40859,"ITF Spain 01B, Women Doubles",40855,doubles,women,213
40869,"ITF Serbia 14A, Women Singles",40867,singles,women,213
40871,"ITF Serbia 14A, Women Doubles",40867,doubles,women,213
40903,"WTA 125K Aguascalientes, Mexico Women Doubles",40907,doubles,women,871
40905,"WTA 125K Aguascalientes, Mexico Women Singles",40907,singles,women,871
40917,"ITF Rwanda F2, Men Singles",40915,singles,men,785
40919,"ITF Rwanda F2, Men Doubles",40915,doubles,men,785
40923,"ITF Germany F23, Men Singles",40921,singles,men,785
40925,"ITF Germany F23, Men Doubles",40921,doubles,men,785
40929,"ITF Serbia F16, Men Singles",40927,singles,men,785
40931,"ITF Serbia F16, Men Doubles",40927,doubles,men,785
40935,"ITF Romania F1B, Men Singles",40933,singles,men,785
40937,"ITF Romania F1B, Men Doubles",40933,doubles,men,785
40941,"ITF North Macedonia 01B, Women Singles",40939,singles,women,213
40943,"ITF North Macedonia 01B, Women Doubles",40939,doubles,women,213
40947,"ITF Serbia 15A, Women Singles",40945,singles,women,213
40949,"ITF Serbia 15A, Women Doubles",40945,doubles,women,213
40997,"ITF Serbia F17, Men Doubles",40995,doubles,men,785
40999,"ITF Serbia F17, Men Singles",40995,singles,men,785
41003,"ITF Japan 20A, Women Doubles",41001,doubles,women,213
41005,"ITF Japan 20A, Women Singles",41001,singles,women,213
41009,"ITF Serbia 16A, Women Doubles",41007,doubles,women,213
41011,"ITF Serbia 16A, Women Singles",41007,singles,women,213
41053,"ITF Bulgaria F1B, Men Singles",41051,singles,men,785
41055,"ITF Bulgaria F1B, Men Doubles",41051,doubles,men,785
41059,"ITF Serbia F19, Men Singles",41057,singles,men,785
41061,"ITF Serbia F19, Men Doubles",41057,doubles,men,785
41067,"ITF Serbia 17A, Women Singles",41065,singles,women,213
41069,"ITF Serbia 17A, Women Doubles",41065,doubles,women,213
41073,"ITF Japan 21A, Women Singles",41071,singles,women,213
41075,"ITF Japan 21A, Women Doubles",41071,doubles,women,213
41095,"ATP Challenger Danderyd, Sweden Men Singles",41093,singles,men,72
41097,"ATP Challenger Danderyd, Sweden Men Doubles",41093,doubles,men,72
41130,"ITF Austria F9, Men Doubles",41128,doubles,men,785
41132,"ITF Austria F9, Men Singles",41128,singles,men,785
41136,ITF Spain F35 Men Doubles,41134,doubles,men,785
41138,ITF Spain F35 Men Singles,41134,singles,men,785
41142,"ITF Japan 22A, Women Doubles",41140,doubles,women,213
41144,"ITF Japan 22A, Women Singles",41140,singles,women,213
41190,"ITF Spain F40, Men Doubles",41188,doubles,men,785
41192,"ITF Spain F40, Men Singles",41188,singles,men,785
41196,"ITF Japan 23A, Women Doubles",41194,doubles,women,213
41198,"ITF Japan 23A, Women Singles",41194,singles,women,213
41218,"ATP Hong Kong, Hong Kong Men Singles",41216,singles,men,3
41220,"ATP Hong Kong, Hong Kong Men Doubles",41216,doubles,men,3
41242,"ITF Croatia 05A, Women Doubles",41246,doubles,women,213
41244,"ITF Croatia 05A, Women Singles",41246,singles,women,213
41250,"ITF Canada 08A, Women Singles",41248,singles,women,213
41252,"ITF Canada 08A, Women Doubles",41248,doubles,women,213
41298,"ITF Georgia F5, Men Doubles",41302,doubles,men,785
41300,"ITF Georgia F5, Men Singles",41302,singles,men,785
41428,"ITF Spain F37, Men Singles",41426,singles,men,785
41430,"ITF Spain F37, Men Doubles",41426,doubles,men,785
41434,"ITF USA 54A, Women Singles",41432,singles,women,213
41436,"ITF USA 54A, Women Doubles",41432,doubles,women,213
41440,"ITF Dominican Republic 07A, Women Singles",41438,singles,women,213
41442,"ITF Dominican Republic 07A, Women Doubles",41438,doubles,women,213
41446,"ITF Spain 39A, Women Singles",41444,singles,women,213
41448,"ITF Spain 39A, Women Doubles",41444,doubles,women,213
41454,"ITF USA 55A, Women Singles",41452,singles,women,213
41456,"ITF USA 55A, Women Doubles",41452,doubles,women,213
41506,"ITF USA F46, Men Singles",41504,singles,men,785
41508,"ITF USA F46, Men Doubles",41504,doubles,men,785
41512,"ITF USA 56A, Women Singles",41510,singles,women,213
41514,"ITF USA 56A, Women Doubles",41510,doubles,women,213
41518,"ITF Dominican Republic 08A, Women Singles",41516,singles,women,213
41520,"ITF Dominican Republic 08A, Women Doubles",41516,doubles,women,213
41524,"ITF Argentina 11A, Women Singles",41522,singles,women,213
41526,"ITF Argentina 11A, Women Doubles",41522,doubles,women,213
41530,"ITF Spain 37A, Women Singles",41528,singles,women,213
41532,"ITF Spain 37A, Women Doubles",41528,doubles,women,213
41578,"ITF Cyprus F4, Men Doubles",41576,doubles,men,785
41580,ITF Cyprus F4 Men Singles,41576,singles,men,785
41584,"ITF Spain 40A, Women Doubles",41582,doubles,women,213
41586,"ITF Spain 40A, Women Singles",41582,singles,women,213
41592,"ITF Cyprus 02A, Women Doubles",41590,doubles,women,213
41594,"ITF Cyprus 02A, Women Singles",41590,singles,women,213
41598,"ITF Argentina 12A, Women Doubles",41596,doubles,women,213
41600,"ITF Argentina 12A, Women Singles",41596,singles,women,213
41604,"ITF Spain 42A, Women Doubles",41602,doubles,women,213
41606,"ITF Spain 42A, Women Singles",41602,singles,women,213
41644,"WTA 125K Canberra, Australia Women Singles",41642,singles,women,871
41646,"WTA 125K Canberra, Australia Women Doubles",41642,doubles,women,871
41650,"WTA 125K Da Nang, Vietnam Women Singles",41648,singles,women,871
41652,"WTA 125K Da Nang, Vietnam Women Doubles",41648,doubles,women,871
41682,ITF Cyprus F5 Men Singles,41686,singles,men,785
41684,"ITF Cyprus F5, Men Doubles",41686,doubles,men,785
41688,Kuwait F4 Men Doubles,41692,doubles,men,785
41690,Kuwait F4 Men Singles,41692,singles,men,785
41694,"ITF Spain F42, Men Doubles",41698,doubles,men,785
41696,"ITF Spain F42, Men Singles",41698,singles,men,785
41702,"ITF Japan 24A, Women Doubles",41706,doubles,women,213
41704,"ITF Japan 24A, Women Singles",41706,singles,women,213
41708,"ITF Cyprus 03A, Women Doubles",41712,doubles,women,213
41710,"ITF Cyprus 03A, Women Singles",41712,singles,women,213
41714,"ITF Spain 41A, Women Doubles",41718,doubles,women,213
41716,"ITF Spain 41A, Women Singles",41718,singles,women,213
41780,ITF Spain F36 Men Doubles,41778,doubles,men,785
41782,ITF Spain F36 Men Singles,41778,singles,men,785
41786,Kuwait F5 Men Doubles,41784,doubles,men,785
41788,Kuwait F5 Men Singles,41784,singles,men,785
41792,"ITF Turkiye 28A, Women Doubles",41790,doubles,women,213
41794,"ITF Turkiye 28A, Women Singles",41790,singles,women,213
41798,"ITF Spain 38A, Women Doubles",41796,doubles,women,213
41800,"ITF Spain 38A, Women Singles",41796,singles,women,213
41829,"ITF Kuwait F6, Men Singles",41827,singles,men,785
41831,"ITF Kuwait F6, Men Doubles",41827,doubles,men,785
41847,"ITF Spain F41, Men Singles",41845,singles,men,785
41849,"ITF Spain F41, Men Doubles",41845,doubles,men,785
41853,"ITF Spain 36A, Women Singles",41851,singles,women,213
41855,"ITF Spain 36A, Women Doubles",41851,doubles,women,213
41899,"ITF India 10A, Women Doubles",41897,doubles,women,213
41901,"ITF India 10A, Women Singles",41897,singles,women,213
41905,"ATP Challenger Indian Wells 2, USA Men Singles",41903,singles,men,72
41907,"ATP Challenger Indian Wells 2, USA Men Doubles",41903,doubles,men,72
41911,"ATP Challenger Burnie 2, Australia Men Singles",41909,singles,men,72
41913,"ATP Challenger Burnie 2, Australia Men Doubles",41909,doubles,men,72
41947,"ITF India 11A, Women Singles",41945,singles,women,213
41949,"ITF India 11A, Women Doubles",41945,doubles,women,213
41953,"ITF Tunisia 54A, Women Singles",41951,singles,women,213
41955,"ITF Tunisia 54A, Women Doubles",41951,doubles,women,213
41959,"ATP Almaty, Kazakhstan Men Singles",41957,singles,men,3
41961,"ATP Almaty, Kazakhstan Men Doubles",41957,doubles,men,3
41965,"WTA Rouen, France Women Singles",41963,singles,women,6
41967,"WTA Rouen, France Women Doubles",41963,doubles,women,6
41971,"WTA 125 Antalya, Turkiye Singles",41969,singles,women,871
41973,"WTA 125 Antalya, Turkiye Doubles",41969,doubles,women,871
42071,"ATP Challenger Kigali 1, Rwanda Men Doubles",42069,doubles,men,72
42073,"ATP Challenger Kigali 1, Rwanda Men Singles",42069,singles,men,72
42077,"ATP Challenger Naples, Italy Men Singles",42075,singles,men,72
42079,"ATP Challenger Naples, Italy Men Doubles",42075,doubles,men,72
42083,"ATP Challenger Kigali 2, Rwanda Men Singles",42081,singles,men,72
42085,"ATP Challenger Kigali 2, Rwanda Men Doubles",42081,doubles,men,72
42089,"ATP Challenger Asuncion, Paraguay Men Singles",42087,singles,men,72
42091,"ATP Challenger Asuncion, Paraguay Men Doubles",42087,doubles,men,72
42157,"WTA 125K Oeiras, Portugal Women Doubles",42155,doubles,women,871
42159,"WTA 125K Oeiras, Portugal Women Singles",42155,singles,women,871
42169,"WTA 125K Lleida, Spain Women Doubles",42167,doubles,women,871
42171,"WTA 125K Lleida, Spain Women Singles",42167,singles,women,871
42175,"WTA 125K Paris, France Women Doubles",42173,doubles,women,871
42177,"WTA 125K Paris, France Women Singles",42173,singles,women,871
42199,"ITF Uruguay F2, Men Singles",42197,singles,men,785
42201,"ITF Uruguay F2, Men Doubles",42197,doubles,men,785
42209,"ATP Challenger Mauthausen, Austria Men Singles",42207,singles,men,72
42211,"ATP Challenger Mauthausen, Austria Men Doubles",42207,doubles,men,72
42215,"ATP Challenger Kachreti, Georgia Men Singles",42213,singles,men,72
42217,"ATP Challenger Kachreti, Georgia Men Doubles",42213,doubles,men,72
42221,"ATP Challenger Merida, Mexico Men Singles",42219,singles,men,72
42223,"ATP Challenger Merida, Mexico Men Doubles",42219,doubles,men,72
42227,"ATP Challenger Acapulco, Mexico Men Singles",42225,singles,men,72
42229,"ATP Challenger Acapulco, Mexico Men Doubles",42225,doubles,men,72
42235,"ATP Challenger Wuxi, China Men Singles",42233,singles,men,72
42237,"ATP Challenger Wuxi, China Men Doubles",42233,doubles,men,72
42241,"ATP Challenger Skopje, North Macedonia Men Singles",42239,singles,men,72
42243,"ATP Challenger Skopje, North Macedonia Men Doubles",42239,doubles,men,72
42347,"ITF Uruguay F3, Men Doubles",42345,doubles,men,785
42349,"ITF Uruguay F3, Men Singles",42345,singles,men,785
42393,"ITF Uruguay F4, Men Singles",42391,singles,men,785
42395,"ITF Uruguay F4, Men Doubles",42391,doubles,men,785
42479,"ATP Challenger San Miguel de Tucuman, Argentina Men Singles",42477,singles,men,72
42481,"ATP Challenger San Miguel de Tucuman, Argentina Men Doubles",42477,doubles,men,72
42533,"ATP Challenger Sassuolo, Italy Men Singles",42531,singles,men,72
42535,"ATP Challenger Sassuolo, Italy Men Doubles",42531,doubles,men,72
42615,"ATP Challenger Ibague, Colombia Men Singles",42613,singles,men,72
42617,"ATP Challenger Ibague, Colombia Men Doubles",42613,doubles,men,72
42735,"ITF Jamaica F1, Men Doubles",42733,doubles,men,785
42737,"ITF Jamaica F1, Men Singles",42733,singles,men,785
42771,"Wheelchairs Juniors French Open, Paris, France Boys Singles",42769,singles,men,2400
42773,"Wheelchairs Juniors French Open, Paris, France Boys Doubles",42769,doubles,men,2400
42775,"Wheelchairs Juniors French Open, Paris, France Girls Singles",42769,singles,women,2400
42777,"Wheelchairs Juniors French Open, Paris, France Girls Doubles",42769,doubles,women,2400
42795,"ITF Jamaica F2, Men Singles",42793,singles,men,785
42797,"ITF Jamaica F2, Men Doubles",42793,doubles,men,785
42839,"ATP Challenger Porto 2, Portugal Men Doubles",42837,doubles,men,72
42841,"ATP Challenger Porto 2, Portugal Men Singles",42837,singles,men,72
42851,"ITF Croatia F10, Men Singles",42849,singles,men,785
42853,"ITF Croatia F10, Men Doubles",42849,doubles,men,785
42857,"ITF Jamaica F3, Men Singles",42855,singles,men,785
42859,"ITF Jamaica F3, Men Doubles",42855,doubles,men,785
42865,"ITF Croatia 06A, Women Singles",42863,singles,women,213
42867,"ITF Croatia 06A, Women Doubles",42863,doubles,women,213
42937,"ITF Japan 27A, Women Doubles",42935,doubles,women,213
42939,"ITF Japan 27A, Women Singles",42935,singles,women,213
42979,"ATP Hangzhou, China Men Singles",42977,singles,men,3
42981,"ATP Hangzhou, China Men Doubles",42977,doubles,men,3
42989,"ITF Japan 28A, Women Doubles",42987,doubles,women,213
42991,"ITF Japan 28A, Women Singles",42987,singles,women,213
43065,"ITF South Africa F5, Men Singles",43063,singles,men,785
43067,"ITF South Africa F5, Men Doubles",43063,doubles,men,785
43071,"ITF Serbia F13, Men Singles",43069,singles,men,785
43073,"ITF Serbia F13, Men Doubles",43069,doubles,men,785
43083,"ITF South Africa 07A, Women Singles",43081,singles,women,213
43085,"ITF South Africa 07A, Women Doubles",43081,doubles,women,213
43105,"WTA 125K Montreux, Switzerland Women Singles",43103,singles,women,871
43107,"WTA 125K Montreux, Switzerland Women Doubles",43103,doubles,women,871
43111,"WTA 125k Hong Kong, China Women Singles",43109,singles,women,871
43113,"WTA 125k Hong Kong, China Women Doubles",43109,doubles,women,871
43117,"WTA Jiujiang, China Women Singles",43115,singles,women,6
43119,"WTA Jiujiang, China Women Doubles",43115,doubles,women,6
43139,"ITF Slovenia F8, Men Singles",43137,singles,men,785
43141,"ITF Slovenia F8, Men Doubles",43137,doubles,men,785
43145,"ITF South Africa F6, Men Singles",43143,singles,men,785
43147,"ITF South Africa F6, Men Doubles",43143,doubles,men,785
43151,"ITF South Africa 08A, Women Singles",43149,singles,women,213
43153,"ITF South Africa 08A, Women Doubles",43149,doubles,women,213
43201,"ATP Challenger Bonn, Germany Men Singles",43199,singles,men,72
43203,"ATP Challenger Bonn, Germany Men Doubles",43199,doubles,men,72
43211,"ATP Challenger Nonthaburi 4, Thailand Men Singles",43209,singles,men,72
43213,"ATP Challenger Nonthaburi 4, Thailand Men Doubles",43209,doubles,men,72
43217,"ATP Challenger Guangzhou (Huangpu), China Men Singles",43215,singles,men,72
43219,"ATP Challenger Guangzhou (Huangpu), China Men Doubles",43215,doubles,men,72
43229,"ATP Challenger Buenos Aires 3, Argentina Men Singles",43227,singles,men,72
43231,"ATP Challenger Buenos Aires 3, Argentina Men Doubles",43227,doubles,men,72
43235,"ITF Croatia F8, Men Singles",43233,singles,men,785
43237,"ITF Croatia F8, Men Doubles",43233,doubles,men,785
43241,"ITF Slovenia F11, Men Singles",43239,singles,men,785
43243,"ITF Slovenia F11, Men Doubles",43239,doubles,men,785
43247,"ITF Serbia F14, Men Singles",43245,singles,men,785
43249,"ITF Serbia F14, Men Doubles",43245,doubles,men,785
43253,"ITF Japan F10, Men Singles",43251,singles,men,785
43255,"ITF Japan F10, Men Doubles",43251,doubles,men,785
43281,"ATP Challenger Lincoln (NE), USA Men Singles",43279,singles,men,72
43283,"ATP Challenger Lincoln (NE), USA Men Doubles",43279,doubles,men,72
43287,"ITF Slovenia F10, Men Singles",43285,singles,men,785
43289,"ITF Slovenia F10, Men Doubles",43285,doubles,men,785
43335,"ATP Challenger Dobrich, Bulgaria Men Singles",43333,singles,men,72
43337,"ATP Challenger Dobrich, Bulgaria Men Doubles",43333,doubles,men,72
43341,"ATP Challenger Dobrich 2, Bulgaria Men Singles",43339,singles,men,72
43343,"ATP Challenger Dobrich 2, Bulgaria Men Doubles",43339,doubles,men,72
43349,"ITF Japan 26A, Women Singles",43347,singles,women,213
43351,"ITF Japan 26A, Women Doubles",43347,doubles,women,213
43367,"WTA Iasi, Romania Women Singles",43365,singles,women,6
43369,"WTA Iasi, Romania Women Doubles",43365,doubles,women,6
43377,"WTA 125K Hamburg, Germany Women Singles",43375,singles,women,871
43379,"WTA 125K Hamburg, Germany, Doubles",43375,doubles,women,871
43391,"ITF Japan 30A, Women Singles",43389,singles,women,213
43393,"ITF Japan 30A, Women Doubles",43389,doubles,women,213
43397,"ITF Romania 11A, Women Singles",43395,singles,women,213
43399,"ITF Romania 11A, Women Doubles",43395,doubles,women,213
43403,"ITF Slovenia 12A, Women Singles",43401,singles,women,213
43405,"ITF Slovenia 12A, Women Doubles",43401,doubles,women,213
43409,"ITF Georgia 06A, Women Singles",43407,singles,women,213
43411,"ITF Goergia 06A, Women Doubles",43407,doubles,women,213
43415,"ITF Serbia 18A, Women Singles",43413,singles,women,213
43417,"ITF Serbia 18A, Women Doubles",43413,doubles,women,213
43453,"ITF Croatia 07A, Women Singles",43451,singles,women,213
43455,"ITF Croatia 07A, Women Doubles",43451,doubles,women,213
43461,"ITF Georgia 07A, Women Singles",43459,singles,women,213
43463,"ITF Georgia 07A, Women Doubles",43459,doubles,women,213
43467,"ITF Romania 13A, Women Singles",43465,singles,women,213
43471,"ITF Romania 13A, Women Doubles",43465,doubles,women,213
43475,"ATP Challenger Hangzhou, China Men Singles",43473,singles,men,72
43479,"ATP Challenger Hangzhou, China Men Doubles",43473,doubles,men,72
43481,"ITF Slovenia 13A, Women Singles",43477,singles,women,213
43487,"ITF Slovenia 13A, Women Doubles",43477,doubles,women,213
43491,"ITF Serbia 19A, Women Singles",43489,singles,women,213
43493,"ITF Serbia 19A, Women Doubles",43489,doubles,women,213
43497,"ATP Challenger Taipei 2, Chinese Taipei Men Singles",43495,singles,men,72
43499,"ATP Challenger Taipei 2, Chinese Taipei Men Doubles",43495,doubles,men,72
43503,"ATP Challenger Sioux Falls, USA Men Singles",43501,singles,men,72
43505,"ATP Challenger Sioux Falls, USA Men Doubles",43501,doubles,men,72
43563,"ITF Slovenia F13, Men Doubles",43561,doubles,men,785
43565,"ITF Slovenia F13, Men Singles",43561,singles,men,785
43569,"ITF Serbia 20A, Women Doubles",43567,doubles,women,213
43571,"ITF Serbia 20A, Women Singles",43567,singles,women,213
43575,"ITF Romania 14A, Women Doubles",43573,doubles,women,213
43577,"ITF Romania 14A, Women Singles",43573,singles,women,213
43615,"ITF Slovenia F14, Men Singles",43613,singles,men,785
43617,"ITF Slovenia F14, Men Doubles",43613,doubles,men,785
43621,"ITF Romania F15, Men Singles",43619,singles,men,785
43623,"ITF Romania F15, Men Doubles",43619,doubles,men,785
43627,"ITF Serbia F20, Men Singles",43625,singles,men,785
43629,"ITF Serbia F20, Men Doubles",43625,doubles,men,785
43637,"ITF Romania 15A, Women Singles",43635,singles,women,213
43639,"ITF Romania 15A, Women Doubles",43635,doubles,women,213
43647,"ITF Serbia 21A, Women Singles",43645,singles,women,213
43649,"ITF Serbia 21A, Women Doubles",43645,doubles,women,213
43669,"WTA 125K Mazatlan, Mexico Women Doubles",43667,doubles,women,871
43671,"WTA 125K Mazatlan, Mexico Women Singles",43667,singles,women,871
43685,"WTA 125K Sao Paulo, Brazil Women Doubles",43683,doubles,women,871
43687,"WTA 125K Sao Paulo, Brazil Women Singles",43683,singles,women,871
43691,"WTA 125K Santa Cruz, Bolivia Women Doubles",43689,doubles,women,871
43693,"WTA 125K Santa Cruz, Bolivia Women Singles",43689,singles,women,871
43705,"ITF Romania F16, Men Singles",43703,singles,men,785
43707,"ITF Romania F16, Men Doubles",43703,doubles,men,785
43715,"ITF Slovenia F15, Men Singles",43713,singles,men,785
43717,"ITF Slovenia F15, Men Doubles",43713,doubles,men,785
43721,"ITF Serbia F21, Men Singles",43719,singles,men,785
43723,"ITF Serbia F21, Men Doubles",43719,doubles,men,785
43727,"ITF Romania 12A, Women Singles",43725,singles,women,213
43729,"ITF Romania 12A, Women Doubles",43725,doubles,women,213
43733,"ITF Serbia 22A, Women Singles",43731,singles,women,213
43735,"ITF Serbia 22A, Women Doubles",43731,doubles,women,213
43861,"ITF Japan F11, Men Singles",43859,singles,men,785
43863,"ITF Japan F11, Men Doubles",43859,doubles,men,785
43867,"ITF France F25, Men Singles",43865,singles,men,785
43869,"ITF France F25, Men Doubles",43865,doubles,men,785
43873,"ITF Serbia F22, Men Singles",43871,singles,men,785
43875,"ITF Serbia F22, Men Doubles",43871,doubles,men,785
43879,"ITF Romania F17, Men Singles",43877,singles,men,785
43881,"ITF Romania F17, Men Doubles",43877,doubles,men,785
43887,"ITF Romania 16A, Women Singles",43885,singles,women,213
43889,"ITF Romania 16A, Women Doubles",43885,doubles,women,213
43893,"ITF Brazil 11A, Women Singles",43891,singles,women,213
43895,"ITF Brazil 11A, Women Doubles",43891,doubles,women,213
43899,"ITF Dominican Republic 09A, Women Singles",43897,singles,women,213
43901,"ITF Dominican Republic 09A, Women Doubles",43897,doubles,women,213
43905,"ITF Serbia 23A, Women Singles",43903,singles,women,213
43907,"ITF Serbia 23A, Women Doubles",43903,doubles,women,213
43945,"WTA Hua Hin 2, Thailand Women Doubles",43943,doubles,women,6
43947,"WTA Hua Hin 2, Thailand Women Singles",43943,singles,women,6
43955,"ITF Japan F12, Men Singles",43953,singles,men,785
43957,"ITF Japan F12, Men Doubles",43953,doubles,men,785
43961,"ITF France F26, Men Singles",43959,singles,men,785
43963,"ITF France F26, Men Doubles",43959,doubles,men,785
43967,"ITF Spain F43, Men Singles",43965,singles,men,785
43969,"ITF Spain F43, Men Doubles",43965,doubles,men,785
43973,ITF Iran F7 Men Singles,43971,singles,men,785
43975,ITF Iran F7 Men Doubles,43971,doubles,men,785
43979,ITF Serbia F23 Men Singles,43977,singles,men,785
43981,ITF Serbia F23 Men Doubles,43977,doubles,men,785
43985,ITF Romania F18 Men Singles,43983,singles,men,785
43987,ITF Romania F18 Men Doubles,43983,doubles,men,785
43991,"ITF Spain 44A, Women Singles",43989,singles,women,213
43993,"ITF Spain 44A, Women Doubles",43989,doubles,women,213
43997,"ITF Dominican Republic 10A, Women Singles",43995,singles,women,213
43999,"ITF Dominican Republic 10A, Women Doubles",43995,doubles,women,213
44005,"ITF Brazil 10A, Women Singles",44003,singles,women,213
44007,"ITF Brazil 10A, Women Doubles",44003,doubles,women,213
44017,"ITF Serbia 24A, Women Singles",44015,singles,women,213
44019,"ITF Serbia 24A, Women Doubles",44015,doubles,women,213
44037,"ATP Challenger Montemar, Spain Men Singles",44035,singles,men,72
44039,"ATP Challenger Montemar, Spain Men Doubles",44035,doubles,men,72
44043,ITF Romania F19 Men Singles,44041,singles,men,785
44045,ITF Romania F19 Men Doubles,44041,doubles,men,785
44049,ITF Iran F8 Men Singles,44047,singles,men,785
44051,ITF Iran F8 Men Doubles,44047,doubles,men,785
44055,ITF Serbia F24 Men Singles,44053,singles,men,785
44057,ITF Serbia F24 Men Doubles,44053,doubles,men,785
44061,ITF Paraguay F3 Men Singles,44059,singles,men,785
44063,ITF Paraguay F3 Men Doubles,44059,doubles,men,785
44067,"ITF Serbia 25A, Women Singles",44065,singles,women,213
44069,"ITF Serbia 25A, Women Doubles",44065,doubles,women,213
44133,ITF Serbia F25 Men Singles,44131,singles,men,785
44135,ITF Serbia F25 Men Doubles,44131,doubles,men,785
44139,ITF Romania F20 Men Singles,44137,singles,men,785
44141,ITF Romania F20 Men Doubles,44137,doubles,men,785
44145,"ITF Serbia 26A, Women Singles",44143,singles,women,213
44147,"ITF Serbia 26A, Women Doubles",44143,doubles,women,213
44213,"ITF France F31, Men Singles",44211,singles,men,785
44215,"ITF France F31, Men Doubles",44211,doubles,men,785
44219,ITF Paraguay F2 Men Singles,44217,singles,men,785
44221,ITF Paraguay F2 Men Doubles,44217,doubles,men,785
44225,"ITF Brazil 12A, Women Singles",44223,singles,women,213
44227,"ITF Brazil 12A, Women Doubles",44223,doubles,women,213
44231,"ITF Croatia 08A, Women Singles",44229,singles,women,213
44233,"ITF Croatia 08A, Women Doubles",44229,doubles,women,213
44237,"ITF Slovakia 06, Women Singles",44235,singles,women,213
44239,"ITF Slovakia 06, Women Doubles",44235,doubles,women,213
44317,"WTA Singapore, Singapore Women Singles",44315,singles,women,6
44319,"WTA Singapore, Singapore Women Doubles",44315,doubles,women,6
44323,"WTA London, Great Britain Women Singles",44321,singles,women,6
44325,"WTA London, Great Britain Women Doubles",44321,doubles,women,6
44363,"ITF Armenia 01A, Women Singles",44361,singles,women,213
44365,"ITF Armenia 01A, Women Doubles",44361,doubles,women,213
44369,"ITF France 27A, Women Singles",44367,singles,women,213
44371,"ITF France 27A, Women Doubles",44367,doubles,women,213
44399,"ATP Challenger Lyon 2, France Men Singles",44397,singles,men,72
44401,"ATP Challenger Lyon 2, France Men Doubles",44397,doubles,men,72
44417,"ATP Challenger Brazzaville, Republic of Congo Men Singles",44415,singles,men,72
44419,"ATP Challenger Brazzaville, Republic of Congo Men Doubles",44415,doubles,men,72
44459,"ITF Portugal F23, Men Singles",44457,singles,men,785
44461,ITF Portugal F23 Men Doubles,44457,doubles,men,785
44465,"ITF France F29, Men Singles",44463,singles,men,785
44467,"ITF France F29, Men Doubles",44463,doubles,men,785
44471,"ITF Croatia F12, Men Singles",44469,singles,men,785
44473,"ITF Croatia F12, Men Doubles",44469,doubles,men,785
44477,"ITF Spain F46, Men Singles",44475,singles,men,785
44479,"ITF Spain F46, Men Doubles",44475,doubles,men,785
44483,"ITF Armenia F1, Men Singles",44481,singles,men,785
44485,"ITF Armenia F1, Men Doubles",44481,doubles,men,785
44489,"ITF Croatia 09A, Women Singles",44487,singles,women,213
44491,"ITF Croatia 09A, Women Doubles",44487,doubles,women,213
44495,"ITF Armenia F2, Women Singles",44493,singles,women,213
44497,"ITF Armenia F2, Women Doubles",44493,doubles,women,213
44501,"ITF Spain 43A, Women Singles",44499,singles,women,213
44503,"ITF Spain 43A, Women Doubles",44499,doubles,women,213
44567,Riyadh Exhibition,No value,singles,men,79
44571,"ITF France F30, Men Singles",44569,singles,men,785
44573,"ITF France F30, Men Doubles",44569,doubles,men,785
44577,"ITF Turkiye F38, Men Singles",44575,singles,men,785
44579,"ITF Turkiye F38, Men Doubles",44575,doubles,men,785
44583,"ITF Armenia F2, Men Singles",44581,singles,men,785
44585,"ITF Armenia F2, Men Doubles",44581,doubles,men,785
44589,"ITF Japan F9, Men Singles",44587,singles,men,785
44591,"ITF Japan F9, Men Doubles",44587,doubles,men,785
44595,"ITF Canada 09A, Women Singles",44593,singles,women,213
44597,"ITF Canada 09A, Women Doubles",44593,doubles,women,213
44601,"ITF Croatia 10A, Women Singles",44599,singles,women,213
44603,"ITF Croatia 10A, Women Doubles",44599,doubles,women,213
44687,"ITF Japan F13, Men Doubles",44685,doubles,men,785
44689,"ITF Japan F13, Men Singles",44685,singles,men,785
44695,"ITF Japan 25A, Women Doubles",44693,doubles,women,213
44697,"ITF Japan 25A, Women Singles",44693,singles,women,213
44701,"ITF Tunisia 55A, Women Doubles",44699,doubles,women,213
44703,"ITF Tunisia 55A, Women Singles",44699,singles,women,213
44759,"ITF Spain F44, Men Singles",44757,singles,men,785
44761,"ITF Spain F44, Men Doubles",44757,doubles,men,785
44765,"ITF Guatemala F2, Men Singles",44763,singles,men,785
44767,"ITF Guatemala F2, Men Doubles",44763,doubles,men,785
44771,"ITF Brazil F10, Men Singles",44769,singles,men,785
44773,"ITF Brazil F10, Men Doubles",44769,doubles,men,785
44779,"ITF Luxembourg 03A, Women Singles",44777,singles,women,213
44781,"ITF Luxembourg 03A, Women Doubles",44777,doubles,women,213
44785,"ITF Japan 34A, Women Singles",44783,singles,women,213
44787,"ITF Japan 34A, Women Doubles",44783,doubles,women,213
44791,"ITF Tunisia 56A, Women Singles",44789,singles,women,213
44793,"ITF Tunisia 56A, Women Doubles",44789,doubles,women,213
44797,"ITF Spain 45A, Women Singles",44795,singles,women,213
44799,"ITF Spain 45A, Women Doubles",44795,doubles,women,213
44861,"ITF Brazil F11, Men Singles",44859,singles,men,785
44863,"ITF Brazil F11, Men Doubles",44859,doubles,men,785
44867,"ITF Portugal F24, Men Singles",44865,singles,men,785
44869,"ITF Portugal F24, Men Doubles",44865,doubles,men,785
44873,"ITF Spain F45, Men Singles",44871,singles,men,785
44875,"ITF Spain F45, Men Doubles",44871,doubles,men,785
44879,"ITF Turkiye F30, Men Singles",44877,singles,men,785
44881,"ITF Turkiye F30, Men Doubles",44877,doubles,men,785
44885,"ITF Italy F37, Men Singles",44883,singles,men,785
44887,"ITF Italy F37, Men Doubles",44883,doubles,men,785
44891,"ITF Tunisia 57A, Women Singles",44889,singles,women,213
44893,"ITF Tunisia 57A, Women Doubles",44889,doubles,women,213
44897,"ITF Argentina 13A, Women Singles",44895,singles,women,213
44899,"ITF Argentina 13A, Women Doubles",44895,doubles,women,213
44975,"ITF Portugal F25, Men Singles",44973,singles,men,785
44977,"ITF Portugal F25, Men Doubles",44973,doubles,men,785
44985,"ITF Spain F47, Men Singles",44983,singles,men,785
44987,"ITF Spain F47, Men Doubles",44983,doubles,men,785
44991,"ITF Angola F1, Men Singles",44989,singles,men,785
44993,"ITF Angola F1, Men Doubles",44989,doubles,men,785
44997,"ITF Japan 29A, Women Singles",44995,singles,women,213
44999,"ITF Japan 29A, Women Doubles",44995,doubles,women,213
45003,"ITF Slovakia 07A, Women Singles",45001,singles,women,213
45005,"ITF Slovakia 07A, Women Doubles",45001,doubles,women,213
45009,"ITF Dominican Republic 11A, Women Singles",45007,singles,women,213
45011,"ITF Dominican Republic 11A, Women Doubles",45007,doubles,women,213
45017,"ITF Spain 46A, Women Singles",45015,singles,women,213
45019,"ITF Spain 46A, Women Doubles",45015,doubles,women,213
45023,"ITF Argentina 14A, Women Singles",45021,singles,women,213
45025,"ITF Argentina 14A, Women Doubles",45021,doubles,women,213
45029,"ITF Tunisia 58A, Women Singles",45027,singles,women,213
45031,"ITF Tunisia 58A, Women Doubles",45027,doubles,women,213
45039,"ITF Turkiye F31, Men Singles",45037,singles,men,785
45041,"ITF Turkiye F31, Men Doubles",45037,doubles,men,785
45051,"ATP Challenger Brisbane, Australia Men Singles",45049,singles,men,72
45053,"ATP Challenger Brisbane, Australia Men Doubles",45049,doubles,men,72
45057,"ATP Challenger Rosario, Argentina Men Singles",45055,singles,men,72
45059,"ATP Challenger Rosario, Argentina Men Doubles",45055,doubles,men,72
45063,"ATP Challenger Brisbane 2, Australia Men Singles",45061,singles,men,72
45065,"ATP Challenger Brisbane 2, Australia Men Doubles",45061,doubles,men,72
45091,"ITF Turkiye F32, Men Singles",45089,singles,men,785
45093,"ITF Turkiye F32, Men Doubles",45089,doubles,men,785
45097,"ITF Tunisia F64, Men Singles",45095,singles,men,785
45099,"ITF Tunisia F64, Men Doubles",45095,doubles,men,785
45103,"ITF Spain F48, Men Singles",45101,singles,men,785
45105,"ITF Spain F48, Men Doubles",45101,doubles,men,785
45109,"ITF Angola F2, Men Singles",45107,singles,men,785
45111,"ITF Angola F2, Men Doubles",45107,doubles,men,785
45115,"ITF Slovakia 08A, Women Singles",45113,singles,women,213
45117,"ITF Slovakia 08A, Women Doubles",45113,doubles,women,213
45121,"ITF Japan 31A, Women Singles",45119,singles,women,213
45123,"ITF Japan 31A, Women Doubles",45119,doubles,women,213
45127,"ITF Dominican Republic 12A, Women Singles",45125,singles,women,213
45129,"ITF Dominican Republic 12A, Women Doubles",45125,doubles,women,213
45133,"ITF Tunisia 59A, Women Singles",No value,singles,women,213
45135,"ITF Tunisia 59A, Women Doubles",45131,doubles,women,213
45139,"ITF Brazil 13A, Women Singles",45137,singles,women,213
45141,"ITF Brazil 13A, Women Doubles",45137,doubles,women,213
45151,"WTA 125K Charleston 2, USA Women Singles",45149,singles,women,871
45153,"WTA 125K Charleston 2, USA Women Doubles",45149,doubles,women,871
45211,"ITF Chile F4, Men Doubles",45209,doubles,men,785
45213,"ITF Chile F4, Men Singles",45209,singles,men,785
45217,"ITF Brazil 14A, Women Doubles",45215,doubles,women,213
45219,"ITF Brazil 14A, Women Singles",45215,singles,women,213
45223,"ITF South Africa 09A, Women Doubles",45221,doubles,women,213
45225,"ITF South Africa 09A, Women Singles",45221,singles,women,213
45283,"ITF South Africa F7, Men Singles",45281,singles,men,785
45285,"ITF South Africa F7, Men Doubles",45281,doubles,men,785
45289,"ITF Spain F38, Men Singles",45287,singles,men,785
45291,"ITF Spain F38, Men Doubles",45287,doubles,men,785
45295,"ITF Brazil 15A, Women Singles",45293,singles,women,213
45297,"ITF Brazil 15A, Women Doubles",45293,doubles,women,213
45301,"ITF South Africa 10A, Women Singles",45299,singles,women,213
45303,"ITF South Africa 10A, Women Doubles",45299,doubles,women,213
45349,UTR Olomouc W01,No value,singles,women,2517
45357,UTR Norman M01,No value,singles,men,2516
45359,UTR Los Angeles M01,No value,singles,men,2516
45361,UTR Cornella de Llobregat M01,No value,singles,men,2516
45363,UTR Boca Raton W01,No value,singles,women,2517
45365,UTR Norman W01,No value,singles,women,2517
45367,UTR Newport Beach W01,No value,singles,women,2517
45381,"WTA 125K Cancun, Mexico Women Doubles",45379,doubles,women,871
45383,"WTA 125K Cancun, Mexico Women Singles",45379,singles,women,871
45391,UTR Olomouc M01,No value,singles,men,2516
45427,UTR Baton Rouge M01,No value,singles,men,2516
45431,UTR Tucson M01,No value,singles,men,2516
45437,UTR Noda M01,No value,singles,men,2516
45441,"ATP Challenger San Diego, USA, Men Singles",45439,singles,men,72
45443,"ATP Challenger San Diego, USA, Men Doubles",45439,doubles,men,72
45447,"ATP Challenger Thionville, France Men Singles",45445,singles,men,72
45449,"ATP Challenger Thionville, France Men Doubles",45445,doubles,men,72
45453,"ATP Challenger Cap Cana, Dominican Republic Men Singles",45451,singles,men,72
45455,"ATP Challenger Cap Cana, Dominican Republic Men Doubles",45451,doubles,men,72
45459,"ATP Challenger Hamilton, Bermuda Men Singles",45457,singles,men,72
45461,"ATP Challenger Hamilton, Bermuda Men Doubles",45457,doubles,men,72
45465,"ATP Challenger Cuernavaca, Mexico Men Singles",45463,singles,men,72
45467,"ATP Challenger Cuernavaca, Mexico Men Doubles",45463,doubles,men,72
45471,Winston-Salem M01,No value,singles,men,2516
45473,UTR Cornella de Llobregat M02,No value,singles,men,2516
45475,UTR Baton Rogue W01,No value,singles,women,2517
45477,UTR Noda W01,No value,singles,women,2517
45479,Winston-Salem W01,No value,singles,women,2517
45481,UTR Newport Beach W02,No value,singles,women,2517
45483,UTR Cornella de Llobregat W01,No value,singles,women,2517
45493,UTR Baton Rouge M02,No value,singles,men,2516
45495,UTR Noda M02,No value,singles,men,2516
45497,UTR Blagoevgrad M01,No value,singles,men,2516
45499,UTR Newport Beach M01,No value,singles,men,2516
45501,UTR Cornella de Llobregat W02,No value,singles,women,2517
45505,UTR Bonita Springs W01,No value,singles,women,2517
